source,destination,src_index,dst_index,traversals,segment_km,allocated_km,delta_lat,delta_lon,src_lat,src_lon,dst_lat,dst_lon,log_traversals,src_out_degree,dst_in_degree,mean_avg_speed_kmh,mean_traffic_delay_minutes,mean_weather_delay_minutes,mean_vehicle_max_weight_kg,mean_vehicle_length_m,mean_vehicle_width_m,mean_vehicle_height_m,mean_cargo_volume_m3,mean_cargo_weight_kg,mean_load_factor,mean_breaks_required,share_peak_season,share_weekend,share_compliant,share_adverse_weather,target_cheapest,target_fastest,target_greenest
Glasgow Central,A1 Scotch Corner,19,0,13.0,231.23880205302052,287.1478218274302,1.4608999999999952,2.5896000000000003,55.8642,-4.2518,54.4033,-1.6622,2.6390573296152584,155.0,49.0,59.87692307692308,7.346153846153846,1.8461538461538463,31846.153846153848,13.615384615384615,2.523076923076923,3.8230769230769233,76.15384615384616,20852.615384615383,0.6273846153846154,1.5384615384615385,0.23076923076923078,0.38461538461538464,1.0,0.07692307692307693,568.0502808182856,5.416137716831908,238.54864665978195
A1 Scotch Corner,Wetherby Services,0,63,13.0,54.12942106202422,67.21685641312138,0.45889999999999986,0.27749999999999986,54.4033,-1.6622,53.9444,-1.3847,2.6390573296152584,49.0,280.0,59.87692307692308,7.346153846153846,1.8461538461538463,31846.153846153848,13.615384615384615,2.523076923076923,3.8230769230769233,76.15384615384616,20852.615384615383,0.6273846153846154,1.5384615384615385,0.23076923076923078,0.38461538461538464,1.0,0.07692307692307693,132.97177014333369,1.2678339292602097,55.840542435705416
Wetherby Services,Knutsford Services,63,23,17.0,98.8091632903438,126.58946079619099,0.6454999999999984,1.0297,53.9444,-1.3847,53.2989,-2.4144,2.8903717578961645,280.0,242.0,61.876470588235286,6.582352941176471,13.117647058823529,29058.823529411766,12.617647058823529,2.514705882352941,3.7529411764705873,69.70588235294117,18127.058823529413,0.6076470588235295,1.411764705882353,0.35294117647058826,0.5294117647058824,1.0,0.23529411764705882,247.38103252302093,2.2964149404557372,104.41731433401381
Knutsford Services,Liverpool Port,23,27,25.0,40.48202716372351,50.787043996873805,0.10639999999999361,0.5832999999999999,53.2989,-2.4144,53.4053,-2.9977,3.258096538021482,242.0,161.0,62.624,6.544,4.88,39360.0,15.34,2.537999999999999,3.94,89.4,24173.04,0.6141199999999999,0.6,0.4,0.28,1.0,0.2,101.47769503205325,0.8732138742035656,42.75259204004231
Newcastle Hub,Wetherby Services,39,63,31.0,115.94737432051855,145.17457684194608,1.0338999999999956,0.23309999999999986,54.9783,-1.6178,53.9444,-1.3847,3.4657359027997265,174.0,280.0,61.33548387096772,7.3903225806451625,5.354838709677419,33935.48387096774,14.064516129032258,2.5258064516129024,3.864516129032257,79.35483870967742,20417.483870967742,0.5916451612903225,0.6774193548387096,0.12903225806451613,0.1935483870967742,0.9032258064516129,0.22580645161290322,287.17251538990166,2.5948976064248988,123.20042531739928
Wetherby Services,York,63,66,41.0,19.537172924827622,24.605768949481906,0.01559999999999917,0.2974000000000001,53.9444,-1.3847,53.96,-1.0873,3.7376696182833684,280.0,218.0,62.085365853658544,3.931707317073171,2.6097560975609757,32439.024390243903,13.597560975609756,2.523170731707316,3.819512195121951,76.46341463414635,19142.170731707316,0.5795365853658538,0.36585365853658536,0.24390243902439024,0.1951219512195122,0.975609756097561,0.12195121951219512,48.17419364201898,0.41689335029146507,20.836792234321837
York,M62 J26 Chain Bar,66,34,11.0,45.75521882697473,57.35553328832539,0.23029999999999973,0.5780000000000001,53.96,-1.0873,53.7297,-1.6653,2.4849066497880004,218.0,309.0,61.66363636363636,2.3454545454545457,8.454545454545455,32727.272727272728,13.5,2.522727272727273,3.809090909090909,76.81818181818181,20320.909090909092,0.5972727272727272,0.9090909090909091,0.09090909090909091,0.18181818181818182,0.9090909090909091,0.36363636363636365,114.48506853716212,1.0436029287155035,50.680247666232894
M62 J26 Chain Bar,Leeds Central,34,25,22.0,10.992502188240282,13.863225874124765,0.07110000000000127,0.11620000000000008,53.7297,-1.6653,53.8008,-1.5491,3.1354942159291497,309.0,160.0,62.47727272727273,5.918181818181818,1.1818181818181819,32545.454545454544,13.568181818181818,2.520454545454545,3.8409090909090904,75.68181818181819,20503.68181818182,0.621909090909091,0.36363636363636365,0.13636363636363635,0.3181818181818182,0.8636363636363636,0.045454545454545456,27.232903548255408,0.22875358214694075,12.081056837061658
Portsmouth Port,Leicester Forest East,45,26,7.0,201.7695388180471,255.14895831379673,1.8141999999999996,0.05790000000000006,50.8025,-1.1088,52.6167,-1.1667,2.0794415416798357,168.0,425.0,62.52857142857143,9.171428571428573,0.0,31142.85714285714,13.357142857142858,2.5214285714285714,3.8000000000000003,73.57142857142857,19211.571428571428,0.6251428571428571,1.0,0.14285714285714285,0.42857142857142855,0.5714285714285714,0.0,505.414206677689,4.606726964417416,210.99268191843248
Leicester Forest East,iPort Doncaster,26,67,7.0,98.14299887897435,126.45429405611733,0.8771999999999949,0.1625000000000001,52.6167,-1.1667,53.4939,-1.0042,2.0794415416798357,425.0,175.0,61.98571428571428,7.314285714285714,3.0,29714.285714285714,13.071428571428571,2.521428571428572,3.757142857142857,72.14285714285714,16751.571428571428,0.5867142857142857,0.8571428571428571,0.14285714285714285,0.14285714285714285,1.0,0.14285714285714285,268.6120512344372,2.2929179324152784,107.21110981139289
Edinburgh Hub,Wetherby Services,16,63,14.0,251.30494050718366,319.6177628056022,2.008899999999997,1.8035999999999999,55.9533,-3.1883,53.9444,-1.3847,2.70805020110221,167.0,280.0,61.67857142857143,5.1000000000000005,15.928571428571429,25857.14285714286,11.785714285714286,2.507142857142857,3.6999999999999993,63.214285714285715,15000.714285714286,0.5785714285714285,1.4285714285714286,0.35714285714285715,0.42857142857142855,1.0,0.2857142857142857,626.2351574657566,5.826128860935287,266.63154316589777
Knutsford Services,Sheffield Hub,23,50,7.0,63.35506285707929,78.57439372603449,0.08220000000000027,0.9443000000000001,53.2989,-2.4144,53.3811,-1.4701,2.0794415416798357,242.0,164.0,62.32857142857142,2.542857142857143,6.0,32857.142857142855,14.0,2.528571428571429,3.8285714285714287,77.85714285714286,21467.428571428572,0.6465714285714286,1.1428571428571428,0.5714285714285714,0.2857142857142857,1.0,0.14285714285714285,152.85233429782403,1.4047269256649952,64.0365361313681
London Central,Rugby,28,49,11.0,123.67160671378878,153.4186812654436,0.8634000000000057,1.1373,51.5074,-0.1278,52.3708,-1.2651,2.4849066497880004,178.0,393.0,65.88181818181819,8.681818181818182,9.818181818181818,36727.27272727273,14.045454545454545,2.522727272727273,3.8909090909090907,81.81818181818181,26891.636363636364,0.7329999999999999,0.9090909090909091,0.18181818181818182,0.36363636363636365,0.8181818181818182,0.18181818181818182,363.1214811672455,2.6346812029023323,123.75038610039111
Rugby,Stafford,49,52,17.0,75.21812410624314,94.5165149875286,0.4358000000000004,0.8515999999999999,52.3708,-1.2651,52.8066,-2.1167,2.8903717578961645,393.0,411.0,64.41176470588236,6.458823529411766,5.176470588235294,32588.235294117647,13.235294117647058,2.5176470588235293,3.8176470588235287,75.29411764705883,21798.470588235294,0.6652941176470589,1.0,0.17647058823529413,0.35294117647058826,0.9411764705882353,0.11764705882352941,204.07153411710524,1.6592076486536604,77.8436723221568
Stafford,Liverpool Port,52,27,20.0,88.82769145009553,109.95608207820212,0.5986999999999938,0.8810000000000002,52.8066,-2.1167,53.4053,-2.9977,3.044522437723423,411.0,161.0,63.394999999999996,2.3,0.75,32400.0,13.05,2.5149999999999997,3.814999999999999,74.75,22793.85,0.6991499999999999,0.8,0.1,0.4,0.85,0.05,229.1391322069977,1.922165056552754,90.63835053120975
Trafford Park DC,Preston,60,46,6.0,41.76871059162545,53.88443935249112,0.29639999999999844,0.38900000000000023,53.4668,-2.3141,53.7632,-2.7031,1.9459101490553132,141.0,176.0,60.96666666666666,9.733333333333333,8.166666666666666,39666.666666666664,15.75,2.5416666666666665,3.966666666666667,90.83333333333333,24704.333333333332,0.6131666666666666,1.1666666666666667,0.0,0.16666666666666666,1.0,0.5,107.93919316142437,1.0079065587047287,47.138927603421706
Preston,Tibshelf Services,46,57,6.0,113.7314544584973,145.13225014628733,0.6214999999999975,1.3642,53.7632,-2.7031,53.1417,-1.3389,1.9459101490553132,176.0,547.0,60.0,9.5,3.8333333333333335,35000.0,14.25,2.525,3.9000000000000004,82.5,23523.666666666668,0.6785000000000001,1.0,0.16666666666666666,0.16666666666666666,1.0,0.3333333333333333,289.68801543254665,2.746522252916525,125.03488821604579
Tibshelf Services,Hull Port,57,22,27.0,94.4013607694256,119.45097158962295,0.5915999999999997,1.0222,53.1417,-1.3389,53.7333,-0.3167,3.332204510175204,547.0,151.0,62.56666666666666,7.455555555555554,0.8518518518518519,31777.777777777777,13.222222222222221,2.5185185185185186,3.807407407407407,74.62962962962963,21108.333333333332,0.6623333333333333,0.6296296296296297,0.18518518518518517,0.3333333333333333,0.8888888888888888,0.07407407407407407,235.3508414736357,2.066070448518232,103.21487006056105
DIRFT Daventry,Tamworth,11,55,23.0,55.1552581475979,69.78257813398933,0.3762000000000043,0.5304,52.2574,-1.1606,52.6336,-1.691,3.1780538303479458,163.0,449.0,61.67391304347825,7.039130434782609,12.73913043478261,29913.043478260868,12.847826086956522,2.5152173913043474,3.7826086956521734,70.43478260869566,20856.391304347828,0.6911304347826088,0.30434782608695654,0.34782608695652173,0.5217391304347826,1.0,0.30434782608695654,136.0819562472606,1.1944675544754073,58.842135228148535
Tamworth,Tibshelf Services,55,57,20.0,61.23797881953519,77.66288265882523,0.5080999999999989,0.3521000000000001,52.6336,-1.691,53.1417,-1.3389,3.044522437723423,449.0,547.0,61.825,9.135000000000002,13.9,29600.0,12.725,2.5125,3.789999999999999,70.0,20455.5,0.68265,0.5,0.35,0.4,1.0,0.3,151.04199785948398,1.3372300297705306,64.7832439475242
Tibshelf Services,Omega Warrington,57,42,15.0,93.0872253691741,118.25895688484539,0.2873000000000019,1.3153,53.1417,-1.3389,53.429,-2.6542,2.772588722239781,547.0,178.0,60.68,5.12,4.133333333333334,32933.333333333336,13.533333333333333,2.52,3.8399999999999994,76.33333333333333,19533.4,0.6058000000000001,0.8,0.13333333333333333,0.2,1.0,0.13333333333333333,248.24705648170044,2.126432273984922,101.53909472640206
Cardiff Bay,Wolverhampton,6,64,12.0,142.2799164071321,178.52445286232864,1.1045000000000016,1.0502000000000002,51.4816,-3.1791,52.5861,-2.1289,2.5649493574615367,186.0,363.0,63.18333333333333,7.45,3.25,30666.666666666668,12.416666666666666,2.5083333333333333,3.7833333333333328,70.83333333333333,21133.5,0.6973333333333335,0.8333333333333334,0.08333333333333333,0.25,1.0,0.08333333333333333,361.2059603446939,3.114806215298845,153.95304126075825
Wolverhampton,Rugby,64,49,21.0,63.208917742989485,79.57455477703617,0.21529999999999916,0.8637999999999999,52.5861,-2.1289,52.3708,-1.2651,3.091042453358316,363.0,393.0,62.48571428571429,9.40952380952381,5.142857142857143,29523.809523809523,12.619047619047619,2.514285714285714,3.7571428571428562,70.23809523809524,18817.714285714286,0.6434761904761904,0.7142857142857143,0.23809523809523808,0.3333333333333333,1.0,0.09523809523809523,161.03156226993428,1.3975545443601558,67.78548503379169
Rugby,M25 J15 (M4),49,31,3.0,112.45488523221853,136.2609249584971,0.8972000000000051,0.7567999999999999,52.3708,-1.2651,51.4736,-0.5083,1.3862943611198906,393.0,96.0,59.199999999999996,5.066666666666666,0.0,30000.0,12.0,2.5,3.7999999999999994,68.33333333333333,21312.666666666668,0.7113333333333333,1.0,0.0,0.6666666666666666,1.0,0.0,303.72697020662883,2.5219023414126442,120.53813458577527
M25 J15 (M4),London Gateway DC,31,29,13.0,65.54139703789029,80.55977953306623,0.035000000000003695,0.945,51.4736,-0.5083,51.5086,0.4367,2.6390573296152584,96.0,172.0,60.48461538461538,11.184615384615382,0.0,35538.46153846154,14.615384615384615,2.5307692307692307,3.8999999999999995,81.53846153846153,20927.76923076923,0.6001538461538461,0.38461538461538464,0.15384615384615385,0.3076923076923077,1.0,0.0,177.33122359218018,1.3860089812461607,68.6854267359104
ProLogis Park DC,Stafford,47,52,8.0,40.814102104251226,51.165332892516716,0.30349999999999966,0.3402999999999998,52.5031,-1.7764,52.8066,-2.1167,2.1972245773362196,162.0,411.0,64.575,11.3,5.75,28000.0,12.0625,2.50625,3.75,66.25,20159.625,0.72025,1.75,0.25,0.0,0.875,0.25,100.30285884292546,0.8939674175508304,43.708305177624
Stafford,Oxford,52,43,8.0,131.01833363810076,164.24706927260792,1.0546000000000006,0.8589999999999998,52.8066,-2.1167,51.752,-1.2577,2.1972245773362196,411.0,210.0,64.575,11.3,5.75,28000.0,12.0625,2.50625,3.75,66.25,20159.625,0.72025,1.75,0.25,0.0,0.875,0.25,321.9846265678083,2.869746370386672,140.30908473474366
Oxford,Dover Port,43,14,4.0,191.2295564510095,240.85569540655513,0.6241000000000057,2.5711,51.752,-1.2577,51.1279,1.3134,1.6094379124341003,210.0,180.0,68.64999999999999,2.625,9.0,35500.0,14.25,2.525,3.9000000000000004,81.25,23704.0,0.64725,1.0,0.25,0.25,1.0,0.25,484.6273903727306,3.933366806283529,206.69896539627672
London Central,Reading,28,48,17.0,59.17792611375663,74.7136635393018,0.053099999999993486,0.8503,51.5074,-0.1278,51.4543,-0.9781,2.8903717578961645,178.0,130.0,62.52352941176471,7.152941176470588,1.4705882352941178,34470.58823529412,14.0,2.5235294117647054,3.8764705882352937,79.41176470588235,22301.0,0.6515294117647058,0.17647058823529413,0.29411764705882354,0.29411764705882354,1.0,0.058823529411764705,188.3258129834378,1.2273114239246978,62.22007306139514
Reading,Portsmouth Port,48,45,48.0,73.04855186343498,91.96327144885515,0.6518000000000015,0.13070000000000004,51.4543,-0.9781,50.8025,-1.1088,3.8918202981106265,130.0,154.0,62.191666666666684,6.602083333333334,3.9583333333333335,30625.0,13.0,2.516666666666666,3.791666666666668,72.60416666666667,20727.9375,0.6751874999999998,0.2708333333333333,0.14583333333333334,0.3125,0.9375,0.125,193.1813210890472,1.5449233507064337,77.30120029980243
Leeds Central,Trafford Park DC,25,60,5.0,62.636012313769996,79.44000000000001,0.3340000000000032,0.7649999999999999,53.8008,-1.5491,53.4668,-2.3141,1.791759469228055,177.0,144.0,62.239999999999995,8.1,30.2,30800.0,12.9,2.5100000000000002,3.84,73.0,20255.8,0.6368000000000001,0.0,0.0,0.4,0.8,0.4,159.276,1.284,65.186
Bristol Port,Toddington Services,4,59,9.0,158.32970759454244,199.52400948710977,0.44250000000000256,2.1853000000000002,51.5103,-2.7139,51.9528,-0.5286,2.302585092994046,171.0,111.0,61.71111111111112,11.899999999999999,13.222222222222221,28000.0,11.833333333333334,2.5055555555555555,3.7222222222222223,66.11111111111111,16613.777777777777,0.6151111111111112,1.0,0.3333333333333333,0.3333333333333333,0.8888888888888888,0.1111111111111111,394.7499474196039,3.6060609145219726,168.24297013052652
Toddington Services,Hull Port,59,22,3.0,198.4934305985238,251.56817525597162,1.7804999999999964,0.21189999999999998,51.9528,-0.5286,53.7333,-0.3167,1.3862943611198906,111.0,151.0,58.300000000000004,5.5,0.0,27333.333333333332,11.333333333333334,2.5,3.6999999999999997,63.333333333333336,18294.0,0.6933333333333334,1.0,0.0,0.3333333333333333,1.0,0.0,495.6173046605173,4.750627736461998,203.20337305060931
Liverpool Port,Omega Warrington,27,42,9.0,22.915945520205895,28.67777777777778,0.02370000000000516,0.34350000000000014,53.4053,-2.9977,53.429,-2.6542,2.302585092994046,167.0,178.0,61.08888888888888,9.055555555555555,1.5555555555555556,33777.77777777778,13.5,2.516666666666667,3.866666666666667,76.66666666666667,21886.222222222223,0.6472222222222221,0.0,0.3333333333333333,0.4444444444444444,0.8888888888888888,0.1111111111111111,64.43333333333334,0.47111111111111115,24.290000000000003
Edinburgh Hub,Lancaster,16,24,14.0,213.41569198660525,268.09560465816145,1.9063999999999979,0.38729999999999976,55.9533,-3.1883,54.0469,-2.801,2.70805020110221,167.0,125.0,63.15000000000001,5.614285714285714,9.571428571428571,28857.14285714286,12.892857142857142,2.517857142857143,3.764285714285714,69.64285714285714,17621.14285714286,0.602142857142857,1.9285714285714286,0.07142857142857142,0.42857142857142855,0.8571428571428571,0.21428571428571427,523.1291941783411,4.831842503586742,223.39168648286733
Lancaster,York,24,66,28.0,112.4094221790532,140.29225326819244,0.08689999999999998,1.7137000000000002,54.0469,-2.801,53.96,-1.0873,3.367295829986474,125.0,218.0,64.17500000000001,6.757142857142857,6.964285714285714,30428.571428571428,13.196428571428571,2.5196428571428564,3.7928571428571423,72.5,19392.39285714286,0.6399999999999999,1.6428571428571428,0.17857142857142858,0.39285714285714285,0.9285714285714286,0.17857142857142858,273.12240820760974,2.473103914032172,116.49266043992354
York,Warrington,66,61,14.0,117.9185378437053,148.13082116566503,0.5700000000000003,1.5097,53.96,-1.0873,53.39,-2.597,2.70805020110221,218.0,292.0,63.15000000000001,5.614285714285714,9.571428571428571,28857.14285714286,12.892857142857142,2.517857142857143,3.764285714285714,69.64285714285714,17621.14285714286,0.602142857142857,1.9285714285714286,0.07142857142857142,0.42857142857142855,0.8571428571428571,0.21428571428571427,289.04448921561715,2.669737158548667,123.43057247239567
Warrington,Grimsby Port,61,20,4.0,168.1313980149632,208.71648001031951,0.18500000000000227,2.522,53.39,-2.597,53.575,-0.075,1.6094379124341003,292.0,166.0,61.099999999999994,0.0,13.25,27000.0,12.125,2.5125,3.7,65.0,18183.0,0.6377499999999999,2.25,0.0,0.25,1.0,0.25,410.95638109973817,3.9073802399325195,175.8788235002537
Teesport,Woodall Services,56,65,13.0,144.289672959638,176.67691463989252,1.2974999999999994,0.03080000000000016,54.6233,-1.1723,53.3258,-1.2031,2.6390573296152584,166.0,391.0,61.192307692307686,2.792307692307692,4.384615384615385,30000.0,12.923076923076923,2.5153846153846158,3.7923076923076917,71.53846153846153,21338.0,0.7123846153846153,1.1538461538461537,0.23076923076923078,0.23076923076923078,0.9230769230769231,0.23076923076923078,354.00608797073426,3.257632806092488,145.25031180233265
Woodall Services,Stoke-on-Trent,65,53,13.0,74.34083374551994,91.61669331478478,0.3231000000000037,0.9762999999999997,53.3258,-1.2031,53.0027,-2.1794,2.6390573296152584,391.0,375.0,60.77692307692307,10.438461538461537,7.461538461538462,31384.615384615383,13.076923076923077,2.5153846153846158,3.815384615384615,73.84615384615384,21018.0,0.6583076923076923,0.6153846153846154,0.15384615384615385,0.07692307692307693,0.9230769230769231,0.3076923076923077,183.061693504949,1.6317028058482288,76.740636056478
Stoke-on-Trent,East Midlands Gateway,53,15,8.0,60.162239872731675,74.24411029446581,0.17139999999999844,0.8510999999999997,53.0027,-2.1794,52.8313,-1.3283,2.1972245773362196,375.0,178.0,63.262499999999996,6.7,9.0,27000.0,12.375,2.5125,3.7375000000000003,66.875,17834.0,0.644125,0.625,0.125,0.125,0.875,0.25,145.40246133340733,1.2884306062453081,61.58459613941485
Bristol DC,Oxford,3,43,6.0,97.64113321066777,123.91750425894406,0.29749999999999943,1.3301999999999998,51.4545,-2.5879,51.752,-1.2577,1.9459101490553132,160.0,210.0,61.78333333333333,9.483333333333333,12.166666666666666,28666.666666666668,12.833333333333334,2.5166666666666666,3.766666666666667,70.0,17803.166666666668,0.6451666666666666,1.0,0.5,0.5,1.0,0.3333333333333333,256.82952881857983,2.28561004797645,103.87772392730363
Oxford,Frankley Services,43,18,6.0,91.00464786641957,115.49506308206874,0.6707999999999998,0.7630999999999999,51.752,-1.2577,52.4228,-2.0208,1.9459101490553132,210.0,300.0,61.78333333333333,9.483333333333333,12.166666666666666,28666.666666666668,12.833333333333334,2.5166666666666666,3.766666666666667,70.0,17803.166666666668,0.6451666666666666,1.0,0.5,0.5,1.0,0.3333333333333333,239.37330572971823,2.1302614045585666,96.81734916751856
Frankley Services,Wolverhampton,18,64,21.0,19.576831152643155,24.40239068817692,0.16329999999999956,0.10809999999999986,52.4228,-2.0208,52.5861,-2.1289,3.091042453358316,300.0,363.0,61.76666666666665,1.9380952380952383,5.9523809523809526,27809.52380952381,12.428571428571429,2.5142857142857142,3.7285714285714286,68.33333333333333,17743.761904761905,0.6495714285714285,0.8571428571428571,0.23809523809523808,0.23809523809523808,0.9523809523809523,0.14285714285714285,48.9761539554226,0.4389279292798196,20.818543386679373
Wolverhampton,ProLogis Park DC,64,47,13.0,25.561239722520217,32.18132516728463,0.08299999999999841,0.3524999999999998,52.5861,-2.1289,52.5031,-1.7764,2.6390573296152584,363.0,156.0,63.25384615384616,10.5,2.3076923076923075,34153.846153846156,14.115384615384615,2.526923076923077,3.8615384615384616,79.23076923076923,21111.30769230769,0.6255384615384615,0.5384615384615384,0.15384615384615385,0.38461538461538464,0.8461538461538461,0.15384615384615385,64.06177340287235,0.5509401725177726,27.62611881352275
Magna Park DC,M1/M6 Junction,36,30,26.0,16.583646939085728,20.58291676379423,0.1489000000000047,0.013899999999999801,52.4372,-1.1986,52.5861,-1.2125,3.295836866004329,149.0,498.0,63.58846153846154,2.6999999999999997,3.3846153846153846,32461.53846153846,13.346153846153847,2.5192307692307687,3.8192307692307685,75.1923076923077,21740.115384615383,0.6732307692307693,0.07692307692307693,0.15384615384615385,0.3076923076923077,0.9615384615384616,0.15384615384615385,44.660116530178364,0.32834523160639517,17.617811531270913
M1/M6 Junction,Leicester Forest East,30,26,9.0,4.598344985238488,5.797218071134659,0.03059999999999974,0.04579999999999984,52.5861,-1.2125,52.6167,-1.1667,2.302585092994046,498.0,425.0,63.30000000000002,5.611111111111111,4.333333333333333,29555.555555555555,12.555555555555555,2.511111111111111,3.7777777777777777,70.55555555555556,20559.555555555555,0.6839999999999999,0.0,0.2222222222222222,0.3333333333333333,0.8888888888888888,0.2222222222222222,11.777988646584943,0.09212132447616364,4.955211249747953
Leicester Forest East,Nottingham Hub,26,41,13.0,37.59950491953935,47.00178247434398,0.3380999999999972,0.008600000000000163,52.6167,-1.1667,52.9548,-1.1581,2.6390573296152584,425.0,178.0,63.93076923076923,3.661538461538462,4.3076923076923075,35230.769230769234,14.115384615384615,2.526923076923077,3.861538461538461,81.15384615384616,22469.30769230769,0.6393076923076921,0.46153846153846156,0.23076923076923078,0.15384615384615385,0.9230769230769231,0.15384615384615385,92.96783967495301,0.7851034053047031,39.62552076688826
Glasgow Central,Woodall Services,19,65,19.0,343.79173277458733,432.84519509188755,2.5383999999999958,3.0487,55.8642,-4.2518,53.3258,-1.2031,2.995732273553991,155.0,391.0,63.11052631578948,5.294736842105263,5.473684210526316,28842.105263157893,12.552631578947368,2.5131578947368416,3.757894736842105,68.94736842105263,17140.105263157893,0.5823157894736842,2.1052631578947367,0.21052631578947367,0.21052631578947367,0.8421052631578947,0.2631578947368421,855.2873747461705,7.793326160627802,366.40160376232836
Woodall Services,Coventry,65,10,44.0,104.37448662319466,131.48113757243007,0.919000000000004,0.3166,53.3258,-1.2031,52.4068,-1.5197,3.8066624897703196,391.0,520.0,62.74545454545455,6.761363636363635,8.272727272727273,29681.81818181818,12.636363636363637,2.5136363636363632,3.7659090909090907,70.45454545454545,18799.909090909092,0.6307954545454547,2.0681818181818183,0.22727272727272727,0.20454545454545456,0.9318181818181818,0.22727272727272727,260.2683726100223,2.3757647653058043,111.49151363902469
Coventry,Cardiff Bay,10,6,14.0,153.35827210825437,194.16281153575142,0.9251999999999967,1.6594,52.4068,-1.5197,51.4816,-3.1791,2.70805020110221,520.0,183.0,61.107142857142854,7.935714285714286,6.214285714285714,31571.428571428572,13.321428571428571,2.517857142857143,3.8285714285714283,74.64285714285714,20469.14285714286,0.6232142857142857,1.0714285714285714,0.21428571428571427,0.21428571428571427,1.0,0.14285714285714285,386.9994136856131,3.5337562354558405,160.04676730308714
Bristol Port,Swindon,4,54,14.0,64.81626039475735,81.67108726809468,0.04549999999999699,0.9342000000000001,51.5103,-2.7139,51.5558,-1.7797,2.70805020110221,171.0,129.0,62.30000000000001,2.7857142857142856,6.285714285714286,29571.428571428572,13.035714285714286,2.517857142857143,3.7857142857142856,70.35714285714286,18073.571428571428,0.6191428571428571,0.0,0.21428571428571427,0.07142857142857142,0.9285714285714286,0.14285714285714285,156.9482927002102,1.3160701236781518,66.28978302112445
Swindon,Reading,54,48,12.0,56.617071771672734,71.54511951100157,0.10149999999999437,0.8016000000000001,51.5558,-1.7797,51.4543,-0.9781,2.5649493574615367,129.0,130.0,61.6,4.566666666666666,6.416666666666667,30333.333333333332,13.0,2.516666666666667,3.7916666666666665,72.08333333333333,19558.583333333332,0.63325,0.0,0.08333333333333333,0.25,0.9166666666666666,0.16666666666666666,141.85593392630858,1.1639702569597996,59.57890711515905
Portsmouth Port,A1/A14 Junction,45,1,15.0,180.26674141303278,221.78952329198674,1.5307999999999993,0.8588,50.8025,-1.1088,52.3333,-0.25,2.772588722239781,168.0,259.0,61.26666666666668,10.853333333333332,4.6,35466.666666666664,14.133333333333333,2.5266666666666664,3.8666666666666663,82.0,22706.4,0.6563333333333332,1.0,0.26666666666666666,0.2,1.0,0.2,438.90244503434076,4.008824916685734,187.44123611213178
A1/A14 Junction,Derby,1,12,13.0,105.47441738073583,130.38039169090123,0.5893000000000015,1.2246,52.3333,-0.25,52.9226,-1.4746,2.6390573296152584,259.0,391.0,61.10000000000001,10.392307692307693,3.230769230769231,35076.92307692308,14.115384615384615,2.526923076923077,3.8615384615384616,81.53846153846153,21972.846153846152,0.6452307692307693,1.0,0.3076923076923077,0.23076923076923078,1.0,0.15384615384615385,258.3680095495264,2.3509014229805336,111.58802567084523
Derby,iPort Doncaster,12,67,13.0,70.82952211879498,88.93231869114223,0.5712999999999937,0.47039999999999993,52.9226,-1.4746,53.4939,-1.0042,2.6390573296152584,391.0,175.0,61.47692307692308,7.638461538461538,4.615384615384615,34307.692307692305,13.615384615384615,2.523076923076923,3.8230769230769233,79.23076923076923,21439.846153846152,0.6114615384615385,0.8461538461538461,0.3076923076923077,0.46153846153846156,1.0,0.07692307692307693,175.19950982692302,1.6050063824897263,75.05623540157318
Southampton Port,M25 J15 (M4),51,31,32.0,89.19310057763182,111.97858035001364,0.5778999999999996,0.8875,50.8957,-1.3958,51.4736,-0.5083,3.4965075614664802,171.0,96.0,62.91562499999999,6.628124999999999,10.0,31562.5,13.09375,2.5156249999999996,3.815624999999999,73.75,19598.3125,0.6280937499999999,0.4375,0.125,0.3125,0.96875,0.1875,229.6832176405263,1.8925622742859924,95.60160874879159
M25 J15 (M4),London Central,31,28,18.0,26.61063117853598,32.97118914162073,0.033799999999999386,0.38049999999999995,51.4736,-0.5083,51.5074,-0.1278,2.9444389791664403,96.0,156.0,61.94444444444443,8.761111111111111,6.5,29555.555555555555,12.805555555555555,2.513888888888889,3.7888888888888883,70.55555555555556,19477.333333333332,0.6568888888888889,0.0,0.1111111111111111,0.3333333333333333,0.9444444444444444,0.2777777777777778,84.96024473464644,0.5339476876819698,27.37136973444692
Nottingham Hub,Tamworth,41,55,13.0,50.59094153905134,61.7476255915838,0.3211999999999975,0.5329000000000002,52.9548,-1.1581,52.6336,-1.691,2.6390573296152584,154.0,449.0,63.307692307692314,9.923076923076923,2.1538461538461537,39846.153846153844,15.461538461538462,2.5384615384615383,3.9538461538461536,90.38461538461539,23240.923076923078,0.5870769230769232,0.6153846153846154,0.3076923076923077,0.23076923076923078,1.0,0.07692307692307693,120.8204155561175,1.0544851802755661,51.76354618268438
Tamworth,Stoke-on-Trent,55,53,16.0,52.55114961331525,66.46734003168176,0.369099999999996,0.4883999999999997,52.6336,-1.691,53.0027,-2.1794,2.833213344056216,449.0,375.0,62.287499999999994,5.768750000000001,3.6875,31000.0,13.3125,2.51875,3.8187499999999996,73.4375,19745.0625,0.6389374999999999,0.625,0.25,0.375,0.875,0.125,138.30757560482328,1.150584252810847,55.47235427361321
Stoke-on-Trent,Frankley Services,53,18,4.0,65.36107062550262,80.63628649302278,0.579899999999995,0.15859999999999985,53.0027,-2.1794,52.4228,-2.0208,1.6094379124341003,375.0,300.0,64.9,3.25,5.75,35500.0,14.25,2.525,3.9,81.25,19959.5,0.56675,0.5,0.75,0.25,1.0,0.25,155.1111962698482,1.3259952953160081,67.31521075126352
Frankley Services,Cambridge,18,5,1.0,147.63653910717287,172.61105129269345,0.21750000000000114,2.1426,52.4228,-2.0208,52.2053,0.1218,0.6931471805599453,300.0,115.0,66.4,0.0,0.0,40000.0,16.5,2.55,4.0,90.0,19041.0,0.476,1.0,1.0,0.0,1.0,0.0,321.7788073959636,2.822044205408774,130.27141985073956
Cambridge,Portsmouth Port,5,45,1.0,177.71823603194386,207.7814322990078,1.4027999999999992,1.2306,52.2053,0.1218,50.8025,-1.1088,0.6931471805599453,115.0,154.0,66.4,0.0,0.0,40000.0,16.5,2.55,4.0,90.0,19041.0,0.476,1.0,1.0,0.0,1.0,0.0,387.34287859024255,3.397050088158354,156.81488526660655
Doncaster iPort,M62 J26 Chain Bar,13,34,13.0,47.89356639765735,58.81865141012346,0.2265999999999977,0.6174999999999999,53.5031,-1.0478,53.7297,-1.6653,2.6390573296152584,200.0,309.0,61.176923076923075,11.546153846153846,5.076923076923077,36461.53846153846,14.615384615384615,2.5307692307692307,3.8999999999999995,83.84615384615384,22438.846153846152,0.6106153846153847,0.0,0.23076923076923078,0.3076923076923077,1.0,0.15384615384615385,114.53577426548999,0.9662915069344964,49.85451889855113
M62 J26 Chain Bar,York,34,66,19.0,45.755218826974755,56.32719779778449,0.23029999999999973,0.5780000000000001,53.7297,-1.6653,53.96,-1.0873,2.995732273553991,309.0,218.0,60.05263157894737,14.552631578947368,12.263157894736842,34421.05263157895,13.789473684210526,2.521052631578947,3.8684210526315783,78.94736842105263,21425.526315789473,0.6153157894736843,0.21052631578947367,0.2631578947368421,0.3157894736842105,0.9473684210526315,0.3684210526315789,110.36078748548901,0.9687984315391869,47.67976091313301
York,Teesport,66,56,21.0,73.96169495227947,92.21146055165678,0.6632999999999996,0.08499999999999996,53.96,-1.0873,54.6233,-1.1723,3.091042453358316,218.0,157.0,61.45714285714286,10.433333333333334,9.047619047619047,31523.809523809523,13.0,2.514285714285714,3.814285714285713,73.80952380952381,17681.714285714286,0.5558571428571428,0.23809523809523808,0.09523809523809523,0.19047619047619047,1.0,0.23809523809523808,179.92240688189025,1.5504958013709071,76.57869214954687
Southampton Port,Milton Keynes,51,38,19.0,134.72208788190738,167.6516808524222,1.1448999999999998,0.6364,50.8957,-1.3958,52.0406,-0.7594,2.995732273553991,171.0,277.0,62.73157894736841,4.1000000000000005,17.842105263157894,31473.684210526317,13.0,2.51578947368421,3.7999999999999994,73.42105263157895,19468.0,0.6268421052631578,0.7894736842105263,0.15789473684210525,0.3157894736842105,1.0,0.3684210526315789,335.40311796741344,2.945597120799904,142.62024935063567
Milton Keynes,Frankley Services,38,18,34.0,95.84164316575102,119.35946553615177,0.38220000000000454,1.2614,52.0406,-0.7594,52.4228,-2.0208,3.5553480614894135,277.0,300.0,62.51764705882353,2.7941176470588234,10.794117647058824,33529.41176470588,13.955882352941176,2.524999999999999,3.8558823529411757,78.08823529411765,20890.617647058825,0.6349117647058826,0.8529411764705882,0.3235294117647059,0.35294117647058826,0.9411764705882353,0.20588235294117646,241.35190403859377,2.1160973697483283,100.1245604665701
Frankley Services,Birmingham Central,18,2,20.0,11.303777178764763,14.093163736303442,0.06339999999999435,0.13039999999999985,52.4228,-2.0208,52.4862,-1.8904,3.044522437723423,300.0,180.0,63.4,5.945,2.75,36300.0,14.6,2.5299999999999994,3.905,83.5,24127.1,0.6761999999999999,0.65,0.45,0.25,0.9,0.05,29.986880745361276,0.24433421197855662,11.780370360560406
Wolverhampton,Stafford,64,52,37.0,24.53229498045982,30.479584655786883,0.22050000000000125,0.012199999999999989,52.5861,-2.1289,52.8066,-2.1167,3.6375861597263857,363.0,411.0,62.55405405405406,4.4324324324324325,4.162162162162162,32810.81081081081,13.5,2.5202702702702693,3.832432432432433,76.35135135135135,20957.37837837838,0.6474324324324325,0.32432432432432434,0.1891891891891892,0.24324324324324326,1.0,0.10810810810810811,63.562061493494184,0.5110321790947747,25.631305391324684
Stafford,Knutsford Services,52,23,15.0,58.24521157666979,72.11038581582491,0.4923000000000002,0.2977000000000003,52.8066,-2.1167,53.2989,-2.4144,2.772588722239781,411.0,242.0,61.61999999999999,2.94,10.333333333333334,33733.333333333336,13.833333333333334,2.5233333333333334,3.8533333333333326,78.33333333333333,22947.066666666666,0.6796,0.4,0.2,0.06666666666666667,1.0,0.26666666666666666,148.27035384569243,1.2432999003951266,60.891327500591295
Omega Warrington,Preston,42,46,10.0,37.30124029439271,46.78382630003556,0.3341999999999956,0.048900000000000166,53.429,-2.6542,53.7632,-2.7031,2.3978952727983707,183.0,176.0,61.010000000000005,1.33,5.4,33800.0,14.25,2.5250000000000004,3.8999999999999995,79.5,25385.5,0.7554,1.1,0.4,0.3,1.0,0.2,92.64243986568168,0.8561852783087677,39.39747178048473
Preston,Woodall Services,46,65,9.0,110.39579601887827,136.6218682925931,0.4373999999999967,1.5,53.7632,-2.7031,53.3258,-1.2031,2.302585092994046,176.0,391.0,63.84444444444445,15.100000000000001,4.333333333333333,34666.666666666664,14.5,2.527777777777778,3.9111111111111114,81.11111111111111,24380.88888888889,0.704,1.1111111111111112,0.1111111111111111,0.3333333333333333,0.7777777777777778,0.2222222222222222,270.1222557306733,2.3878096271847395,117.21735902127597
Woodall Services,Edinburgh Hub,65,16,17.0,318.8404300739048,399.3964343777985,2.6274999999999977,1.9851999999999999,53.3258,-1.2031,55.9533,-3.1883,2.8903717578961645,391.0,153.0,63.776470588235284,7.841176470588236,3.411764705882353,31176.470588235294,13.088235294117647,2.514705882352941,3.823529411764705,72.6470588235294,20591.941176470587,0.6651764705882353,1.8235294117647058,0.29411764705882354,0.058823529411764705,0.9411764705882353,0.11764705882352941,795.3529408071249,7.100807484375519,339.9714871624842
Doncaster iPort,Leicester Forest East,13,26,23.0,98.88302506976567,123.00916702877112,0.8864000000000019,0.1189,53.5031,-1.0478,52.6167,-1.1667,3.1780538303479458,200.0,425.0,61.29565217391304,6.560869565217391,5.391304347826087,36869.565217391304,14.934782608695652,2.5326086956521734,3.9304347826086947,84.78260869565217,20964.91304347826,0.5701304347826087,0.6521739130434783,0.17391304347826086,0.13043478260869565,0.9130434782608695,0.21739130434782608,248.5752828396954,2.174621661048757,101.35848589228489
Leicester Forest East,Wolverhampton,26,64,26.0,65.07075692947932,82.64186014311585,0.03059999999999974,0.9621999999999997,52.6167,-1.1667,52.5861,-2.1289,3.295836866004329,425.0,363.0,63.080769230769235,5.665384615384615,2.6153846153846154,32384.615384615383,13.673076923076923,2.5211538461538456,3.8499999999999996,76.53846153846153,20006.03846153846,0.6289615384615386,0.8461538461538461,0.2692307692307692,0.19230769230769232,0.9615384615384616,0.07692307692307693,164.75963198865296,1.431822789406238,69.52871539848505
Wolverhampton,Hopwood Park,64,21,7.0,26.186543016263705,32.37165807290349,0.23219999999999885,0.06449999999999978,52.5861,-2.1289,52.3539,-2.0644,2.0794415416798357,363.0,295.0,63.35714285714285,1.1428571428571428,6.571428571428571,34000.0,14.285714285714286,2.5285714285714285,3.8714285714285714,80.0,20757.571428571428,0.6192857142857143,0.8571428571428571,0.14285714285714285,0.42857142857142855,0.8571428571428571,0.14285714285714285,63.23087452180258,0.5591040756662362,26.858284526180427
Hopwood Park,Southampton Port,21,51,14.0,168.58353128329415,208.3777697795998,1.458200000000005,0.6686000000000001,52.3539,-2.0644,50.8957,-1.3958,2.70805020110221,295.0,166.0,62.33571428571429,3.0500000000000003,6.285714285714286,31142.85714285714,13.214285714285714,2.5214285714285714,3.778571428571429,73.92857142857143,17740.214285714286,0.5632857142857143,1.0,0.0,0.14285714285714285,1.0,0.14285714285714285,411.1203263044067,3.749495594345774,174.488316808723
Bristol DC,Coventry,3,10,14.0,128.74892924569647,161.07695221695704,0.9522999999999939,1.0681999999999998,51.4545,-2.5879,52.4068,-1.5197,2.70805020110221,160.0,520.0,61.628571428571426,8.428571428571427,6.714285714285714,33857.142857142855,13.964285714285714,2.5249999999999995,3.857142857142857,78.92857142857143,23593.5,0.6810714285714284,0.8571428571428571,0.07142857142857142,0.14285714285714285,1.0,0.2857142857142857,346.3966399639933,2.85982924736872,137.8063141204388
Coventry,DIRFT Daventry,10,11,29.0,29.51890598449094,36.98777216979884,0.14939999999999998,0.3591,52.4068,-1.5197,52.2574,-1.1606,3.4011973816621555,520.0,168.0,61.93793103448275,7.613793103448276,9.241379310344827,34758.620689655174,14.224137931034482,2.529310344827585,3.855172413793103,80.6896551724138,22368.344827586207,0.6495517241379309,0.3103448275862069,0.10344827586206896,0.20689655172413793,0.9310344827586207,0.2413793103448276,74.27004853420182,0.6198664514089197,31.057087153354793
M1/M6 Junction,East Midlands Gateway,30,15,15.0,28.359180623473602,35.67232894659682,0.24519999999999698,0.11580000000000013,52.5861,-1.2125,52.8313,-1.3283,2.772588722239781,498.0,178.0,62.286666666666655,8.04,6.133333333333334,33333.333333333336,13.833333333333334,2.5233333333333334,3.853333333333333,76.66666666666667,20683.866666666665,0.6268666666666667,0.3333333333333333,0.4,0.3333333333333333,0.9333333333333333,0.26666666666666666,73.3576522473311,0.592786059277815,30.693417354658937
Omega Warrington,Chester,42,9,23.0,30.644868377721988,37.841205800444634,0.23550000000000182,0.23960000000000026,53.429,-2.6542,53.1935,-2.8938,3.1780538303479458,183.0,179.0,61.60869565217392,9.404347826086957,7.217391304347826,30608.695652173912,12.73913043478261,2.5130434782608693,3.7869565217391297,71.95652173913044,19683.739130434784,0.6354347826086956,0.8695652173913043,0.043478260869565216,0.17391304347826086,0.9565217391304348,0.08695652173913043,74.48430753407898,0.6742845748862021,32.501757049724596
Chester,Stafford,9,52,4.0,67.49087021896727,85.63641683393199,0.38689999999999714,0.7771000000000003,53.1935,-2.8938,52.8066,-2.1167,1.6094379124341003,179.0,411.0,62.725,16.725,7.0,35000.0,13.125,2.5125,3.8499999999999996,77.5,27761.75,0.7899999999999999,0.75,0.25,0.25,0.75,0.25,167.44072124571613,1.4958894891537589,71.10771418828816
Stafford,Woodall Services,52,65,3.0,84.0185270376832,105.26259186223108,0.5191999999999979,0.9135999999999997,52.8066,-2.1167,53.3258,-1.2031,1.3862943611198906,411.0,391.0,63.19999999999999,8.733333333333333,8.0,31333.333333333332,12.833333333333334,2.5166666666666666,3.766666666666667,73.33333333333333,23202.333333333332,0.6976666666666667,0.6666666666666666,0.0,0.0,0.6666666666666666,0.3333333333333333,206.27774881583437,1.8324407335530524,91.40407597317973
Woodall Services,Nottingham Hub,65,41,9.0,41.36242328700055,51.67339567356274,0.3710000000000022,0.04500000000000015,53.3258,-1.2031,52.9548,-1.1581,2.302585092994046,391.0,178.0,62.56666666666667,8.81111111111111,0.0,30666.666666666668,13.055555555555555,2.516666666666667,3.8000000000000003,72.22222222222223,19108.555555555555,0.6163333333333333,0.3333333333333333,0.1111111111111111,0.0,0.8888888888888888,0.0,101.99728543720919,0.8702416977057648,44.86864572903315
Sheffield Hub,Tibshelf Services,50,57,31.0,28.013944148131706,34.95823078995144,0.2394000000000034,0.13119999999999998,53.3811,-1.4701,53.1417,-1.3389,3.4657359027997265,179.0,547.0,62.380645161290346,5.941935483870968,6.290322580645161,32838.709677419356,13.741935483870968,2.5258064516129024,3.816129032258064,77.09677419354838,21489.322580645163,0.6497096774193548,0.0967741935483871,0.16129032258064516,0.3870967741935484,0.9354838709677419,0.16129032258064516,69.14539187028959,0.5715366159989388,29.81308795036302
Tibshelf Services,Grimsby Port,57,20,23.0,96.72656681503096,119.69647429787183,0.4333000000000027,1.2639,53.1417,-1.3389,53.575,-0.075,3.1780538303479458,547.0,166.0,61.79565217391305,7.882608695652174,13.91304347826087,30347.82608695652,12.956521739130435,2.5173913043478255,3.778260869565217,72.17391304347827,18182.478260869564,0.5944347826086956,0.4782608695652174,0.21739130434782608,0.13043478260869565,0.9565217391304348,0.21739130434782608,237.3298666828396,2.053981779888043,102.82745246844237
Magna Park DC,Northampton,36,40,25.0,29.70728428482073,37.04092740383317,0.19669999999999987,0.29590000000000016,52.4372,-1.1986,52.2405,-0.9027,3.258096538021482,149.0,363.0,63.12,4.904,10.24,32240.0,13.3,2.5179999999999993,3.8239999999999985,75.0,19921.6,0.6292400000000001,0.72,0.04,0.36,1.0,0.24,73.31059182060052,0.6438321738150725,31.179521075634256
Northampton,iPort Doncaster,40,67,2.0,139.53830157217024,178.0447984621128,1.2533999999999992,0.10150000000000003,52.2405,-0.9027,53.4939,-1.0042,1.0986122886681098,363.0,175.0,62.8,0.0,0.0,35000.0,14.25,2.525,3.9,82.5,22997.0,0.7164999999999999,0.0,0.0,0.5,1.0,0.0,347.997401059879,2.84030715768455,156.39415522240415
Newcastle Hub,M8/M74 Junction,39,35,7.0,191.15265177778377,244.73166607092276,0.8792000000000044,2.6029999999999998,54.9783,-1.6178,55.8575,-4.2208,2.0794415416798357,174.0,7.0,64.02857142857144,6.0,0.0,31142.85714285714,13.357142857142858,2.521428571428572,3.8000000000000003,73.57142857142857,20167.285714285714,0.6747142857142858,0.0,0.14285714285714285,0.14285714285714285,1.0,0.0,471.934852299623,3.835547391098252,208.03816847973812
M8/M74 Junction,Glasgow Central,35,19,7.0,2.072998408209584,2.6540482147915734,0.006699999999995043,0.031000000000000583,55.8575,-4.2208,55.8642,-4.2518,2.0794415416798357,7.0,169.0,64.02857142857144,6.0,0.0,31142.85714285714,13.357142857142858,2.521428571428572,3.8000000000000003,73.57142857142857,20167.285714285714,0.6747142857142858,0.0,0.14285714285714285,0.14285714285714285,1.0,0.0,5.118004843234126,0.04159546604460548,2.256117234547603
Liverpool Port,Charnock Richard,27,8,27.0,32.00332898783611,39.35277433757777,0.2255000000000038,0.3008000000000002,53.4053,-2.9977,53.6308,-2.6969,3.332204510175204,167.0,172.0,62.029629629629646,7.803703703703703,3.8518518518518516,31925.925925925927,13.203703703703704,2.516666666666666,3.822222222222221,73.88888888888889,19137.51851851852,0.6112962962962962,0.25925925925925924,0.3333333333333333,0.25925925925925924,0.9259259259259259,0.1111111111111111,78.67301484797171,0.6556022392902818,33.5636547043048
Charnock Richard,Knutsford Services,8,23,19.0,41.37300894209558,51.33450222412032,0.3318999999999974,0.28249999999999975,53.6308,-2.6969,53.2989,-2.4144,2.995732273553991,172.0,242.0,63.336842105263166,5.147368421052632,4.842105263157895,33263.15789473684,13.578947368421053,2.5210526315789474,3.8368421052631576,78.15789473684211,20104.736842105263,0.6044736842105263,0.5263157894736842,0.2631578947368421,0.10526315789473684,1.0,0.15789473684210525,100.46158530008593,0.8535819712106892,42.699883430692445
Knutsford Services,Manchester Central,23,37,19.0,23.21415419090634,28.58655894853215,0.18189999999999884,0.17180000000000017,53.2989,-2.4144,53.4808,-2.2426,2.995732273553991,242.0,188.0,62.305263157894736,6.189473684210526,5.842105263157895,32842.10526315789,13.342105263157896,2.5184210526315787,3.8263157894736834,76.05263157894737,20941.105263157893,0.6379999999999999,0.3157894736842105,0.10526315789473684,0.15789473684210525,1.0,0.2631578947368421,56.41864916205084,0.47981593116846244,24.460143966499075
Omega Warrington,Stafford,42,52,22.0,77.95089198594565,96.25222896457176,0.622399999999999,0.5375000000000001,53.429,-2.6542,52.8066,-2.1167,3.1354942159291497,183.0,411.0,61.449999999999996,3.6681818181818184,6.0,29818.18181818182,13.0,2.5181818181818176,3.777272727272727,71.5909090909091,18920.545454545456,0.6314090909090909,1.0,0.2727272727272727,0.22727272727272727,0.9090909090909091,0.18181818181818182,192.51468063998772,1.7015429287988908,81.9169214788402
Stafford,York,52,66,7.0,145.28873045555756,183.86449657516133,1.1533999999999978,1.0293999999999999,52.8066,-2.1167,53.96,-1.0873,2.0794415416798357,411.0,218.0,62.32857142857143,8.328571428571427,6.142857142857143,29714.285714285714,13.071428571428571,2.521428571428572,3.757142857142857,72.14285714285714,17587.428571428572,0.6141428571428571,2.0,0.2857142857142857,0.2857142857142857,1.0,0.2857142857142857,379.52925801732806,3.3629381548931008,153.32976431652054
York,Northampton,66,40,6.0,191.59655241639896,240.96074565953953,1.7195000000000036,0.1846,53.96,-1.0873,52.2405,-0.9027,1.9459101490553132,218.0,363.0,61.63333333333333,7.75,4.666666666666667,27333.333333333332,12.5,2.516666666666667,3.716666666666667,67.5,18073.0,0.6608333333333333,2.0,0.3333333333333333,0.3333333333333333,1.0,0.16666666666666666,501.9335048727102,4.4613663113297655,197.8711330240002
Northampton,London Central,40,28,15.0,97.33852376529123,121.9850119282136,0.7331000000000003,0.7748999999999999,52.2405,-0.9027,51.5074,-0.1278,2.772588722239781,363.0,156.0,62.95333333333334,14.053333333333333,1.1333333333333333,33333.333333333336,13.833333333333334,2.5233333333333334,3.853333333333333,78.0,20420.266666666666,0.6194666666666666,1.2666666666666666,0.3333333333333333,0.2,0.9333333333333333,0.06666666666666667,262.3858102469936,2.1623157212962014,99.15626765611714
Leeds Central,Wetherby Services,25,63,28.0,19.264637616276747,24.277012520031157,0.14359999999999928,0.16439999999999988,53.8008,-1.5491,53.9444,-1.3847,3.367295829986474,177.0,280.0,62.71428571428572,6.9607142857142845,3.5,32571.428571428572,13.410714285714286,2.5196428571428564,3.8249999999999993,75.89285714285714,19363.821428571428,0.5914285714285715,0.0,0.32142857142857145,0.25,1.0,0.14285714285714285,47.26501245569638,0.3888678953145786,20.402862916525518
York,A1 Scotch Corner,66,0,2.0,61.88116823145385,76.44786079512284,0.4433000000000007,0.5749,53.96,-1.0873,54.4033,-1.6622,1.0986122886681098,218.0,49.0,64.55,0.0,0.0,44000.0,16.5,2.55,4.0,100.0,29616.5,0.673,0.0,0.0,0.5,1.0,0.0,147.68960160343602,1.1911512348023563,64.45931816219881
A1 Scotch Corner,Newcastle Hub,0,39,3.0,64.00081415173607,78.28146566203036,0.5749999999999957,0.044399999999999995,54.4033,-1.6622,54.9783,-1.6178,1.3862943611198906,49.0,156.0,65.26666666666667,0.0,0.0,44000.0,16.5,2.55,4.0,100.0,25763.666666666668,0.5853333333333334,0.0,0.0,0.3333333333333333,1.0,0.0,150.70163560997128,1.2050344858896989,66.17800824251793
Newcastle Hub,York,39,66,21.0,118.30463030502828,147.57174856298087,1.0182999999999964,0.5305,54.9783,-1.6178,53.96,-1.0873,3.091042453358316,174.0,218.0,63.142857142857146,5.223809523809523,8.285714285714286,30571.428571428572,12.928571428571429,2.516666666666666,3.7809523809523804,72.14285714285714,20270.380952380954,0.6640000000000001,0.6190476190476191,0.42857142857142855,0.23809523809523808,0.9523809523809523,0.19047619047619047,288.28863791718635,2.554740793304744,122.08801427087623
York,Leeds Central,66,25,13.0,35.06560714176907,43.65047875674673,0.15919999999999845,0.4618,53.96,-1.0873,53.8008,-1.5491,2.6390573296152584,218.0,160.0,63.80769230769231,2.484615384615385,0.0,32769.230769230766,13.615384615384615,2.523076923076923,3.8230769230769233,76.92307692307692,20709.615384615383,0.6411538461538461,0.5384615384615384,0.23076923076923078,0.15384615384615385,0.9230769230769231,0.0,85.03421123131034,0.7191352664196184,36.82626889189156
iPort Doncaster,Derby,67,12,9.0,70.82952211879497,89.90875233047397,0.5712999999999937,0.47039999999999993,53.4939,-1.0042,52.9226,-1.4746,2.302585092994046,171.0,391.0,61.099999999999994,5.7555555555555555,2.2222222222222223,32666.666666666668,13.277777777777779,2.516666666666667,3.8333333333333335,75.55555555555556,18425.555555555555,0.578111111111111,1.3333333333333333,0.4444444444444444,0.5555555555555556,1.0,0.1111111111111111,182.6353203387234,1.6534290940320195,79.13361252629385
Derby,Tamworth,12,55,16.0,35.27809433082063,43.65263725525132,0.2890000000000015,0.21640000000000015,52.9226,-1.4746,52.6336,-1.691,2.833213344056216,391.0,449.0,62.849999999999994,5.7250000000000005,3.5625,34250.0,13.71875,2.5218749999999996,3.8499999999999996,78.75,21270.3125,0.6215,0.5625,0.3125,0.1875,1.0,0.125,86.82604052380117,0.7405925019874388,37.27344751522594
Tamworth,Wolverhampton,55,64,14.0,30.035883265373,37.825059474938634,0.04749999999999943,0.43789999999999973,52.6336,-1.691,52.5861,-2.1289,2.70805020110221,449.0,363.0,63.92857142857144,14.735714285714284,6.428571428571429,31000.0,12.678571428571429,2.5107142857142857,3.7999999999999994,71.78571428571429,17547.785714285714,0.5750714285714285,1.2142857142857142,0.35714285714285715,0.21428571428571427,0.9285714285714286,0.14285714285714285,73.951456923098,0.6554268590382384,31.56614706548206
Wolverhampton,Northampton,64,40,18.0,91.61432996066759,115.72131390770457,0.34560000000000457,1.2262,52.5861,-2.1289,52.2405,-0.9027,2.9444389791664403,363.0,363.0,60.90555555555555,7.73888888888889,4.888888888888889,37777.77777777778,14.777777777777779,2.533333333333333,3.8999999999999995,86.11111111111111,23913.61111111111,0.6263333333333333,1.3333333333333333,0.1111111111111111,0.2777777777777778,0.8888888888888888,0.2222222222222222,235.00879186598493,2.1364337925114736,97.28998332332921
Northampton,Dover Port,40,14,9.0,196.5729069517736,238.6240054993597,1.1126000000000005,2.2161,52.2405,-0.9027,51.1279,1.3134,2.302585092994046,363.0,180.0,61.86666666666666,12.988888888888889,3.2222222222222223,33111.11111111111,13.5,2.516666666666667,3.8666666666666663,76.11111111111111,23937.88888888889,0.7335555555555554,1.3333333333333333,0.1111111111111111,0.1111111111111111,1.0,0.1111111111111111,479.84608886207155,4.291358401228295,200.70030062905985
Stafford,Tamworth,52,55,8.0,34.52698538787313,43.588914268993975,0.17300000000000182,0.42569999999999975,52.8066,-2.1167,52.6336,-1.691,2.1972245773362196,411.0,449.0,61.137499999999996,2.35,16.25,25500.0,12.125,2.5125,3.7,63.75,14790.625,0.5803749999999999,0.375,0.25,0.125,0.75,0.25,86.44617450748083,0.7581048332316014,37.80224452163933
Tamworth,ProLogis Park DC,55,47,18.0,15.616721422156465,19.86726153622769,0.13049999999999784,0.08539999999999992,52.6336,-1.691,52.5031,-1.7764,2.9444389791664403,449.0,156.0,61.03888888888889,1.2666666666666666,9.11111111111111,28444.444444444445,12.722222222222221,2.5166666666666666,3.75,68.61111111111111,19026.166666666668,0.6597222222222221,0.16666666666666666,0.3333333333333333,0.16666666666666666,0.8888888888888888,0.2222222222222222,39.46778825032589,0.3353376977441081,16.66343284012031
London Gateway DC,Watford Gap,29,62,9.0,138.96144320469273,174.44399098100277,0.798099999999998,1.5589,51.5086,0.4367,52.3067,-1.1222,2.302585092994046,153.0,391.0,61.53333333333333,5.922222222222222,15.222222222222221,30666.666666666668,13.055555555555555,2.5166666666666666,3.8000000000000003,72.22222222222223,20927.88888888889,0.6818888888888889,1.1111111111111112,0.0,0.2222222222222222,1.0,0.3333333333333333,364.8070761903128,3.1968099642969445,150.45898157694785
Watford Gap,Bristol Port,62,4,7.0,140.579316902782,174.421266556996,0.7963999999999984,1.5917000000000001,52.3067,-1.1222,51.5103,-2.7139,2.0794415416798357,391.0,167.0,60.08571428571429,8.257142857142858,3.142857142857143,38571.42857142857,15.571428571428571,2.542857142857143,3.9285714285714284,88.57142857142857,27326.285714285714,0.721,1.0,0.2857142857142857,0.0,0.8571428571428571,0.14285714285714285,363.76832988708594,3.2312723320601378,145.07345511980765
Felixstowe Port,Peterborough,17,44,5.0,127.96306314558065,159.4107038083042,0.6128,1.5916,51.9567,1.3511,52.5695,-0.2405,1.791759469228055,160.0,291.0,62.760000000000005,7.94,0.0,34800.0,13.8,2.52,3.88,79.0,19725.0,0.5830000000000001,1.6,0.2,0.2,1.0,0.0,312.3918232457262,2.86706119088554,136.97072461716283
Peterborough,M25 J15 (M4),44,31,4.0,123.22849241963168,154.05622201932843,1.0959000000000003,0.2678,52.5695,-0.2405,51.4736,-0.5083,1.6094379124341003,291.0,96.0,62.099999999999994,9.925,0.0,35500.0,14.25,2.525,3.9000000000000004,81.25,21284.75,0.6235,1.75,0.0,0.25,1.0,0.0,302.79452676935574,2.818595926036691,132.7290540400406
M25 J15 (M4),Northampton,31,40,4.0,89.47350026864792,111.85683725882643,0.7668999999999997,0.3944,51.4736,-0.5083,52.2405,-0.9027,1.6094379124341003,96.0,363.0,62.099999999999994,9.925,0.0,35500.0,14.25,2.525,3.9000000000000004,81.25,21284.75,0.6235,1.75,0.0,0.25,1.0,0.0,219.85245165530407,2.046520560250538,96.37164927627583
Northampton,Southampton Port,40,51,14.0,153.36885356011493,195.01274324208293,1.3447999999999993,0.4931,52.2405,-0.9027,50.8957,-1.3958,2.70805020110221,363.0,166.0,62.71428571428571,10.885714285714288,0.0,32000.0,13.5,2.521428571428572,3.8214285714285707,75.35714285714286,19547.85714285714,0.628,1.2857142857142858,0.07142857142857142,0.21428571428571427,0.9285714285714286,0.0,383.0445042815522,3.477094079478803,165.8130911548812
Doncaster iPort,Tamworth,13,55,2.0,105.80336586177818,134.0197634429003,0.8695000000000022,0.6432,53.5031,-1.0478,52.6336,-1.691,1.0986122886681098,200.0,449.0,61.349999999999994,15.5,0.0,25000.0,11.0,2.5,3.65,60.0,10739.5,0.4365,0.0,0.0,0.0,1.0,0.0,318.11993880006037,2.1864628902275536,101.0520677494883
Tamworth,Birmingham Central,55,2,14.0,21.220896305444292,26.505968132376232,0.14740000000000464,0.19940000000000002,52.6336,-1.691,52.4862,-1.8904,2.70805020110221,449.0,180.0,62.457142857142856,3.0500000000000003,4.571428571428571,36142.857142857145,14.428571428571429,2.528571428571429,3.8928571428571423,82.85714285714286,24318.285714285714,0.659142857142857,0.21428571428571427,0.35714285714285715,0.35714285714285715,1.0,0.14285714285714285,58.4959093987843,0.4393533666151859,22.476470838058948
ProLogis Park DC,Derby,47,12,12.0,50.884033900638094,64.2149730616887,0.4194999999999993,0.30180000000000007,52.5031,-1.7764,52.9226,-1.4746,2.5649493574615367,162.0,391.0,61.70833333333334,4.575,2.4166666666666665,32333.333333333332,13.583333333333334,2.5250000000000004,3.7999999999999994,75.83333333333333,19678.5,0.6466666666666666,1.25,0.3333333333333333,0.16666666666666666,0.9166666666666666,0.16666666666666666,131.81545880266665,1.1783603567751666,53.243899302614835
Derby,Chester,12,9,6.0,99.51017007299642,123.81748645481211,0.2708999999999975,1.4192000000000002,52.9226,-1.4746,53.1935,-2.8938,1.9459101490553132,391.0,179.0,62.25,4.05,0.0,28333.333333333332,12.5,2.516666666666667,3.716666666666667,68.33333333333333,17035.833333333332,0.6518333333333334,1.6666666666666667,0.3333333333333333,0.0,0.8333333333333334,0.0,241.22760841953368,2.2647361435862625,99.42664079890977
Chester,Edinburgh Hub,9,16,22.0,307.46191231028394,385.03615244851227,2.7597999999999985,0.29449999999999976,53.1935,-2.8938,55.9533,-3.1883,3.1354942159291497,179.0,153.0,63.6409090909091,7.454545454545454,3.3636363636363638,35454.545454545456,14.704545454545455,2.5340909090909083,3.8818181818181814,82.27272727272727,22802.31818181818,0.6541818181818182,2.0,0.22727272727272727,0.2727272727272727,1.0,0.09090909090909091,758.2180353255134,6.875494319445272,326.94017999722803
Bristol DC,Frankley Services,3,18,10.0,114.47268711896189,142.87820319564875,0.9682999999999993,0.5670999999999999,51.4545,-2.5879,52.4228,-2.0208,2.3978952727983707,160.0,300.0,63.33999999999999,6.55,0.0,28000.0,12.8,2.5200000000000005,3.7299999999999995,68.5,17839.8,0.645,1.0,0.3,0.2,0.9,0.0,305.47898799254733,2.514728234828227,124.6204891320992
Frankley Services,M25 J15 (M4),18,31,2.0,147.93336107243962,180.99930947415902,0.9492000000000047,1.5125,52.4228,-2.0208,51.4736,-0.5083,1.0986122886681098,300.0,96.0,61.35,0.0,0.0,40000.0,16.5,2.55,4.0,90.0,23663.5,0.5914999999999999,1.0,0.5,0.5,1.0,0.0,384.6319905442456,3.2929469387199024,164.3135413559057
Chester,Lancaster,9,24,14.0,95.0910341685275,117.3465902849221,0.8534000000000006,0.0928,53.1935,-2.8938,54.0469,-2.801,2.70805020110221,179.0,125.0,62.66428571428572,6.685714285714286,11.857142857142858,31571.428571428572,13.5,2.5214285714285714,3.8214285714285716,75.0,18343.214285714286,0.5859285714285715,1.3571428571428572,0.14285714285714285,0.2857142857142857,1.0,0.14285714285714285,230.77681397906738,2.101510092946014,99.90073078379434
York,Glasgow Central,66,19,5.0,292.7669092125877,358.8176254819358,1.904199999999996,3.1645000000000003,53.96,-1.0873,55.8642,-4.2518,1.791759469228055,218.0,169.0,64.56,11.879999999999999,9.4,32800.0,13.9,2.53,3.8,78.0,22620.6,0.7102,2.0,0.0,0.8,1.0,0.2,696.6339636893972,6.37952433657756,299.41014187819644
Portsmouth Port,Peterborough,45,44,6.0,205.39333662607007,251.3049401962517,1.766999999999996,0.8683000000000001,50.8025,-1.1088,52.5695,-0.2405,1.9459101490553132,168.0,291.0,60.56666666666667,7.583333333333333,0.0,33666.666666666664,13.916666666666666,2.525,3.85,80.0,18758.0,0.5700000000000001,1.0,0.16666666666666666,0.3333333333333333,0.8333333333333334,0.0,499.1810424948973,4.563871425509276,210.88344453178965
Peterborough,Trafford Park DC,44,60,2.0,170.8516320903982,214.2201601089942,0.8973000000000013,2.0736,52.5695,-0.2405,53.4668,-2.3141,1.0986122886681098,291.0,144.0,64.35,2.75,0.0,35000.0,14.25,2.525,3.9,82.5,20834.0,0.647,1.0,0.0,0.0,1.0,0.0,417.6963901953518,3.678183989152841,172.19577279095103
Dover Port,Felixstowe Port,14,17,10.0,92.19535056945685,113.64999999999998,0.8288000000000011,0.03770000000000007,51.1279,1.3134,51.9567,1.3511,2.3978952727983707,168.0,160.0,63.31,4.709999999999999,3.0,29600.0,12.5,2.5100000000000002,3.78,69.0,18555.3,0.6189,0.0,0.3,0.1,1.0,0.1,225.14300000000003,1.802,97.011
Bristol Port,M1/M6 Junction,4,30,2.0,157.63673086200083,201.13237109687472,1.075800000000001,1.5014000000000003,51.5103,-2.7139,52.5861,-1.2125,1.0986122886681098,171.0,498.0,65.75,12.8,21.5,33000.0,14.25,2.525,3.9,77.5,19971.0,0.5940000000000001,1.0,0.0,1.0,1.0,0.5,391.10557077408896,3.535169503063246,159.81448091030745
M1/M6 Junction,Sheffield Hub,30,50,7.0,90.06625457607772,114.81848358591309,0.7950000000000017,0.25760000000000005,52.5861,-1.2125,53.3811,-1.4701,2.0794415416798357,498.0,164.0,64.52857142857142,9.157142857142857,12.857142857142858,33714.28571428572,13.928571428571429,2.5214285714285714,3.885714285714286,77.14285714285714,23186.285714285714,0.684142857142857,0.5714285714285714,0.14285714285714285,0.5714285714285714,1.0,0.42857142857142855,225.53079632307578,1.934899682841671,93.60285944736152
Bristol Port,Milton Keynes,4,38,14.0,146.82661521838102,183.16827871703512,0.5302999999999969,1.9545000000000003,51.5103,-2.7139,52.0406,-0.7594,2.70805020110221,171.0,277.0,62.550000000000004,11.935714285714287,1.4285714285714286,31285.714285714286,13.357142857142858,2.5214285714285714,3.8000000000000003,74.64285714285714,20238.428571428572,0.6401428571428572,1.7857142857142858,0.14285714285714285,0.35714285714285715,1.0,0.07142857142857142,356.5622187969476,3.3189033371223866,148.38393136894328
Milton Keynes,Tibshelf Services,38,57,12.0,128.54137476456302,159.61985567592953,1.1011000000000024,0.5795,52.0406,-0.7594,53.1417,-1.3389,2.5649493574615367,277.0,547.0,62.57500000000001,13.925000000000002,1.6666666666666667,31666.666666666668,13.583333333333334,2.5250000000000004,3.8000000000000003,75.83333333333333,20525.333333333332,0.6372500000000001,1.9166666666666667,0.16666666666666666,0.3333333333333333,1.0,0.08333333333333333,310.03602400058236,2.8789131902653793,130.77788137311367
Tibshelf Services,Edinburgh Hub,57,16,8.0,334.5867824795791,414.991554613218,2.8115999999999985,1.8494,53.1417,-1.3389,55.9533,-3.1883,2.1972245773362196,547.0,153.0,62.362500000000004,11.9,5.875,27250.0,12.6875,2.5187500000000003,3.725,66.875,16945.25,0.6408750000000001,1.75,0.125,0.125,1.0,0.25,810.9435098285721,7.462017852682652,346.7346985524873
Bristol DC,Stoke-on-Trent,3,53,5.0,174.3851554325782,218.24891523969237,1.5481999999999942,0.4085000000000001,51.4545,-2.5879,53.0027,-2.1794,1.791759469228055,160.0,375.0,62.260000000000005,21.0,0.0,24000.0,11.2,2.5,3.6799999999999997,60.0,15227.0,0.632,1.8,0.6,0.4,0.8,0.0,441.96913147912875,3.9915892549804313,170.90979068084047
Stoke-on-Trent,Edinburgh Hub,53,16,11.0,334.4944312995063,415.3962550917958,2.9506000000000014,1.0089000000000001,53.0027,-2.1794,55.9533,-3.1883,2.4849066497880004,375.0,153.0,60.93636363636363,11.6,2.4545454545454546,29272.727272727272,12.681818181818182,2.5136363636363637,3.772727272727273,69.0909090909091,19683.909090909092,0.6656363636363637,1.9090909090909092,0.36363636363636365,0.2727272727272727,0.9090909090909091,0.09090909090909091,827.8822254442567,7.758622363703747,336.7934269584388
Doncaster iPort,York,13,66,7.0,50.871428024931554,62.193000158359034,0.4568999999999974,0.03949999999999987,53.5031,-1.0478,53.96,-1.0873,2.0794415416798357,200.0,218.0,65.3,2.2,4.428571428571429,33428.57142857143,13.928571428571429,2.5214285714285714,3.8857142857142857,77.85714285714286,20509.571428571428,0.6111428571428572,1.2857142857142858,0.0,0.0,0.8571428571428571,0.14285714285714285,121.3368928120568,1.0459541130705075,53.35223781240797
York,Knutsford Services,66,23,4.0,114.28362220285581,139.89044947664706,0.6610999999999976,1.3271000000000002,53.96,-1.0873,53.2989,-2.4144,1.6094379124341003,218.0,242.0,64.25,0.0,7.75,34500.0,14.25,2.525,3.9,78.75,21556.0,0.65325,1.75,0.0,0.0,1.0,0.25,274.9949635192365,2.457926355722241,121.77408361224042
Knutsford Services,Stafford,23,52,16.0,58.24521157666979,71.22811642260794,0.4923000000000002,0.2977000000000003,53.2989,-2.4144,52.8066,-2.1167,2.833213344056216,242.0,411.0,62.10624999999999,5.59375,1.9375,34375.0,13.71875,2.521875,3.8499999999999996,78.4375,21213.875,0.6175,1.1875,0.25,0.1875,1.0,0.0625,142.08337545003175,1.2834711766314872,61.81983436908536
Omega Warrington,Wolverhampton,42,64,4.0,100.09867540200258,125.84125181216812,0.8429000000000002,0.5253000000000001,53.429,-2.6542,52.5861,-2.1289,1.6094379124341003,183.0,363.0,64.9,8.85,0.0,35500.0,14.25,2.525,3.9,81.25,22479.25,0.63125,0.25,0.5,0.0,1.0,0.0,246.4813022723744,1.9931994866229839,109.93896186148584
Wolverhampton,Magna Park DC,64,36,9.0,65.09674099402834,81.0743140547186,0.1489000000000047,0.9302999999999997,52.5861,-2.1289,52.4372,-1.1986,2.302585092994046,363.0,153.0,62.833333333333336,13.100000000000001,9.88888888888889,30444.444444444445,12.277777777777779,2.5055555555555555,3.788888888888889,70.0,21537.666666666668,0.7105555555555556,0.6666666666666666,0.1111111111111111,0.2222222222222222,1.0,0.2222222222222222,158.79000122894442,1.408217925049459,68.39646939690593
Edinburgh Hub,Knutsford Services,16,23,1.0,299.3256752263715,363.0128632765247,2.6543999999999954,0.7738999999999998,55.9533,-3.1883,53.2989,-2.4144,0.6931471805599453,167.0,242.0,60.2,0.0,0.0,26000.0,12.0,2.5,3.8,65.0,20091.0,0.773,1.0,0.0,0.0,1.0,0.0,698.9619125596669,6.540649295070729,292.3083078488081
Knutsford Services,Leicester Forest East,23,26,14.0,112.86552007003532,141.6429655636254,0.6822000000000017,1.2477,53.2989,-2.4144,52.6167,-1.1667,2.70805020110221,242.0,425.0,61.75714285714286,1.9285714285714286,3.7142857142857144,32142.85714285714,13.321428571428571,2.517857142857143,3.828571428571428,74.64285714285714,19955.5,0.6345,1.2857142857142858,0.14285714285714285,0.2857142857142857,0.8571428571428571,0.14285714285714285,281.3908591839089,2.5699749852557265,119.71736983339157
Leicester Forest East,East Midlands Gateway,26,15,19.0,26.227047190577128,32.60787415344478,0.21459999999999724,0.16159999999999997,52.6167,-1.1667,52.8313,-1.3283,2.995732273553991,425.0,178.0,61.915789473684214,6.563157894736843,10.842105263157896,30210.526315789473,13.026315789473685,2.5184210526315782,3.7789473684210524,72.89473684210526,19346.947368421053,0.6345263157894737,0.42105263157894735,0.3157894736842105,0.21052631578947367,0.9473684210526315,0.2631578947368421,65.22293284132515,0.5516635183114298,27.924328071774408
Nottingham Hub,M1/M6 Junction,41,30,11.0,41.160643208487315,51.95235039671047,0.3686999999999969,0.054400000000000004,52.9548,-1.1581,52.5861,-1.2125,2.4849066497880004,154.0,498.0,62.809090909090905,2.118181818181818,4.2727272727272725,24181.81818181818,11.727272727272727,2.5090909090909093,3.6727272727272724,61.36363636363637,18650.454545454544,0.7536363636363635,0.18181818181818182,0.18181818181818182,0.2727272727272727,1.0,0.18181818181818182,105.731787891985,0.8496973719831366,44.72875916603675
M1/M6 Junction,Stafford,30,52,30.0,65.68012837598575,81.4495982008499,0.22050000000000125,0.9041999999999999,52.5861,-1.2125,52.8066,-2.1167,3.4339872044851463,498.0,411.0,63.38666666666667,5.503333333333334,7.066666666666666,31200.0,13.133333333333333,2.519999999999999,3.78,73.66666666666667,19995.5,0.6445666666666665,1.3333333333333333,0.26666666666666666,0.26666666666666666,0.9333333333333333,0.2,161.13689081605423,1.429531340281426,68.8011658709131
Stafford,Birmingham Central,52,2,7.0,38.76039419867629,48.771013662557884,0.32040000000000646,0.22629999999999972,52.8066,-2.1167,52.4862,-1.8904,2.0794415416798357,411.0,180.0,60.92857142857143,1.8714285714285714,7.0,28285.714285714286,12.714285714285714,2.5142857142857147,3.771428571428572,69.28571428571429,19231.85714285714,0.6972857142857143,0.2857142857142857,0.0,0.14285714285714285,1.0,0.2857142857142857,102.67110971169744,0.8301462488479102,41.33990164568146
London Central,Tilbury Port,28,58,10.0,34.179006275920806,43.06,0.05289999999999395,0.48619999999999997,51.5074,-0.1278,51.4545,0.3584,2.3978952727983707,178.0,183.0,59.81999999999999,12.940000000000001,7.7,31800.0,13.6,2.5200000000000005,3.85,75.0,18821.8,0.5800000000000001,0.0,0.0,0.1,0.9,0.2,202.941,0.7220000000000001,38.163
Bristol Port,Frankley Services,4,18,16.0,112.02538442959305,141.11544150835752,0.9125000000000014,0.6931000000000003,51.5103,-2.7139,52.4228,-2.0208,2.833213344056216,171.0,300.0,62.481249999999996,3.8187499999999996,9.0,32500.0,13.4375,2.51875,3.8374999999999995,76.875,22147.1875,0.6692499999999999,0.5625,0.3125,0.25,0.9375,0.125,286.20290786497526,2.4131599489067166,119.4389373382179
Frankley Services,M6 J10 Walsall,18,33,13.0,21.367083597348252,26.834689726836686,0.1905000000000001,0.04139999999999988,52.4228,-2.0208,52.6133,-1.9794,2.6390573296152584,300.0,302.0,63.28461538461537,4.699999999999999,11.076923076923077,32615.384615384617,13.423076923076923,2.519230769230769,3.8307692307692305,76.92307692307692,22438.615384615383,0.6804615384615385,0.38461538461538464,0.3076923076923077,0.23076923076923078,0.9230769230769231,0.15384615384615385,55.031219009019495,0.44244482361924664,22.54134244099782
M6 J10 Walsall,ProLogis Park DC,33,47,24.0,18.39774342608824,22.83479716860751,0.11019999999999897,0.20300000000000007,52.6133,-1.9794,52.5031,-1.7764,3.2188758248682006,302.0,156.0,62.48333333333334,3.579166666666666,6.625,32083.333333333332,13.458333333333334,2.5208333333333326,3.820833333333333,75.0,20754.958333333332,0.6332083333333334,0.2916666666666667,0.25,0.20833333333333334,0.875,0.20833333333333334,44.567310247612106,0.38231767642947284,19.05986500959686
Portsmouth Port,M25 J15 (M4),45,31,22.0,85.57900958695633,105.61668430452094,0.6710999999999956,0.6005,50.8025,-1.1088,51.4736,-0.5083,3.1354942159291497,168.0,96.0,61.36818181818182,7.931818181818182,3.590909090909091,33636.36363636364,14.090909090909092,2.5272727272727264,3.8545454545454545,78.63636363636364,20409.727272727272,0.6138181818181816,0.0,0.13636363636363635,0.22727272727272727,0.9090909090909091,0.13636363636363635,233.44268133714897,1.723472896437984,88.91410806056497
Sheffield Hub,Frankley Services,50,18,1.0,112.77726688888278,135.02328808064962,0.9583000000000013,0.5507,53.3811,-1.4701,52.4228,-2.0208,0.6931471805599453,179.0,300.0,59.6,0.0,16.0,40000.0,16.5,2.55,4.0,90.0,32082.0,0.802,1.0,0.0,0.0,1.0,1.0,352.84786088560617,2.5712918578535264,119.58741278863793
Frankley Services,London Central,18,28,2.0,164.85753260936002,196.84049768037943,0.9154000000000053,1.893,52.4228,-2.0208,51.5074,-0.1278,1.0986122886681098,300.0,156.0,58.75,0.0,8.0,36000.0,14.25,2.525,3.9,80.0,24954.0,0.6795,1.0,0.0,0.0,1.0,0.5,465.9565924054123,3.791408779918125,165.73100740618162
London Central,Northampton,28,40,13.0,97.33852376529123,118.94267474103695,0.7331000000000003,0.7748999999999999,51.5074,-0.1278,52.2405,-0.9027,2.6390573296152584,178.0,363.0,63.73846153846154,5.992307692307692,2.923076923076923,31846.153846153848,13.23076923076923,2.5153846153846158,3.838461538461538,73.84615384615384,22072.30769230769,0.6904615384615386,0.7692307692307693,0.3076923076923077,0.38461538461538464,1.0,0.15384615384615385,271.62398573241705,2.023647236047652,99.63291105979076
Northampton,Leicester Forest East,40,26,9.0,45.50018461918808,55.519523707164836,0.3762000000000043,0.2640000000000001,52.2405,-0.9027,52.6167,-1.1667,2.302585092994046,363.0,425.0,64.55555555555556,5.866666666666666,2.6666666666666665,29555.555555555555,12.777777777777779,2.511111111111111,3.811111111111111,70.0,20123.222222222223,0.6795555555555555,0.8888888888888888,0.3333333333333333,0.3333333333333333,1.0,0.1111111111111111,121.96081514296313,0.9352236856700524,46.93037136225511
Leicester Forest East,Birmingham Central,26,2,2.0,51.036922084168495,61.66927858003562,0.13050000000000495,0.7237,52.6167,-1.1667,52.4862,-1.8904,1.0986122886681098,425.0,180.0,61.1,12.65,0.0,22000.0,11.0,2.5,3.65,57.5,14993.0,0.6719999999999999,0.5,0.0,0.0,1.0,0.0,140.0633920614761,1.062010072853682,55.614400227951144
Doncaster iPort,Hull Port,13,22,4.0,54.593400937846724,68.3,0.2301999999999964,0.7311000000000001,53.5031,-1.0478,53.7333,-0.3167,1.6094379124341003,200.0,151.0,64.025,0.0,9.75,26500.0,12.125,2.5125,3.7,66.25,19853.5,0.7625,0.0,0.25,0.0,1.0,0.5,139.15249999999997,1.0675,58.480000000000004
iPort Doncaster,M6 J10 Walsall,67,33,3.0,117.62491492441593,139.2232104096615,0.880599999999994,0.9752000000000001,53.4939,-1.0042,52.6133,-1.9794,1.3862943611198906,171.0,302.0,58.53333333333333,18.733333333333334,0.0,32666.666666666668,13.5,2.5166666666666666,3.8666666666666667,75.0,23487.666666666668,0.747,0.6666666666666666,0.3333333333333333,0.6666666666666666,1.0,0.0,273.3035813687089,2.609743758035572,112.0378468638816
M6 J10 Walsall,DIRFT Daventry,33,11,4.0,68.16942788823363,82.42691861348044,0.35590000000000543,0.8188,52.6133,-1.9794,52.2574,-1.1606,1.6094379124341003,302.0,168.0,58.925000000000004,0.0,0.0,31000.0,13.75,2.525,3.825,73.75,20573.75,0.687,0.0,0.0,0.5,0.75,0.0,161.83240966173335,1.4008136645966274,71.00213515791573
Magna Park DC,Leicester Forest East,36,26,24.0,20.07584059497623,25.022075634589118,0.17950000000000443,0.03190000000000004,52.4372,-1.1986,52.6167,-1.1667,3.2188758248682006,149.0,425.0,63.254166666666684,8.941666666666666,5.166666666666667,31000.0,13.0,2.5166666666666666,3.7916666666666656,72.08333333333333,18014.166666666668,0.5903333333333334,0.5416666666666666,0.16666666666666666,0.3333333333333333,1.0,0.125,50.5072486637587,0.43072031845392394,21.024902102559775
Leicester Forest East,Tamworth,26,55,30.0,35.43920312164538,44.48324237170262,0.016899999999999693,0.5243,52.6167,-1.1667,52.6336,-1.691,3.4339872044851463,425.0,449.0,62.85999999999999,11.436666666666666,5.133333333333334,30133.333333333332,12.733333333333333,2.513333333333333,3.7833333333333323,70.5,18717.4,0.6234000000000001,0.7666666666666667,0.1,0.36666666666666664,1.0,0.13333333333333333,88.00097504736068,0.7834494619907623,37.09230185656519
Tamworth,Peterborough,55,44,14.0,98.21653523861686,121.75350409256757,0.06410000000000338,1.4505000000000001,52.6336,-1.691,52.5695,-0.2405,2.70805020110221,449.0,291.0,64.82857142857142,10.742857142857144,5.071428571428571,33571.42857142857,13.464285714285714,2.517857142857143,3.849999999999999,76.42857142857143,20757.64285714286,0.6261428571428572,1.0,0.14285714285714285,0.42857142857142855,1.0,0.14285714285714285,239.57212271596,2.1453132422964183,99.97482827534394
Peterborough,Felixstowe Port,44,17,18.0,127.96306314558066,159.5096090089631,0.6128,1.5916,52.5695,-0.2405,51.9567,1.3511,2.9444389791664403,291.0,160.0,63.227777777777774,13.383333333333333,2.8333333333333335,33555.555555555555,14.055555555555555,2.5277777777777777,3.8444444444444446,78.33333333333333,21848.166666666668,0.6649999999999999,1.0,0.05555555555555555,0.3888888888888889,0.9444444444444444,0.16666666666666666,315.6449374123455,2.84801854421811,133.77181482024787
Manchester Central,Woodall Services,37,65,26.0,71.03260718955373,88.14911586816778,0.15500000000000114,1.0394999999999999,53.4808,-2.2426,53.3258,-1.2031,3.295836866004329,163.0,391.0,63.44615384615384,3.353846153846154,4.923076923076923,33384.61538461538,14.038461538461538,2.5269230769230764,3.8499999999999996,78.26923076923077,22557.73076923077,0.6751153846153847,0.8076923076923077,0.11538461538461539,0.23076923076923078,0.9615384615384616,0.11538461538461539,176.38031458440634,1.5234220477861842,74.38157242682658
Woodall Services,M1/M6 Junction,65,30,9.0,82.25341088194345,98.35171065507623,0.7396999999999991,0.009399999999999853,53.3258,-1.2031,52.5861,-1.2125,2.302585092994046,391.0,498.0,64.62222222222222,4.5777777777777775,3.888888888888889,33777.77777777778,14.277777777777779,2.527777777777778,3.877777777777778,79.44444444444444,18301.88888888889,0.55,1.0,0.1111111111111111,0.2222222222222222,1.0,0.2222222222222222,196.37267181194895,1.7233910849904202,79.01047360515838
M1/M6 Junction,Bristol DC,30,3,22.0,157.1256409252427,194.75168495720433,1.1315999999999988,1.3754,52.5861,-1.2125,51.4545,-2.5879,3.1354942159291497,498.0,175.0,63.536363636363646,6.168181818181818,7.636363636363637,33272.72727272727,13.886363636363637,2.5249999999999995,3.8454545454545443,77.72727272727273,21697.5,0.6523636363636363,1.0909090909090908,0.18181818181818182,0.36363636363636365,0.9545454545454546,0.36363636363636365,406.924712231511,3.430287983369473,162.79383597683776
Felixstowe Port,Toddington Services,17,59,15.0,128.8086779418067,164.3013072893069,0.0038999999999944635,1.8797,51.9567,1.3511,51.9528,-0.5286,2.772588722239781,160.0,111.0,62.82666666666666,8.513333333333334,1.2,33733.333333333336,13.833333333333334,2.5233333333333334,3.8533333333333326,78.33333333333333,23167.133333333335,0.6906,0.8666666666666667,0.13333333333333333,0.4,0.9333333333333333,0.06666666666666667,323.99906109914485,2.9253641704451336,138.7369192124507
Toddington Services,Northampton,59,40,16.0,40.944614622104716,51.82035976868626,0.28769999999999385,0.3741,51.9528,-0.5286,52.2405,-0.9027,2.833213344056216,111.0,363.0,61.58749999999999,3.49375,7.9375,32000.0,13.15625,2.515625,3.8249999999999993,74.375,20224.1875,0.6343125000000001,0.8125,0.125,0.4375,0.9375,0.1875,102.06096070217133,0.9230160492558266,43.87702792338564
Leeds Central,York,25,66,8.0,35.06560714176907,43.07212837263491,0.15919999999999845,0.4618,53.8008,-1.5491,53.96,-1.0873,2.1972245773362196,177.0,218.0,63.65,8.1,9.0,27000.0,12.375,2.5125,3.7375000000000003,66.875,17414.0,0.621125,0.5,0.25,0.5,1.0,0.25,84.50624606301501,0.7306637559963352,36.29257143764206
York,Grimsby Port,66,20,6.0,79.11378808525824,97.31730877674245,0.384999999999998,1.0123,53.96,-1.0873,53.575,-0.075,1.9459101490553132,218.0,166.0,59.65,5.766666666666666,2.0,29000.0,12.833333333333334,2.516666666666667,3.766666666666667,69.16666666666667,15018.666666666666,0.5095,0.16666666666666666,0.3333333333333333,0.3333333333333333,1.0,0.16666666666666666,191.48071682008333,1.6799003537234338,82.6043374774292
Omega Warrington,Derby,42,12,7.0,96.69932636634766,120.08147492230229,0.5063999999999993,1.1796,53.429,-2.6542,52.9226,-1.4746,2.0794415416798357,183.0,391.0,64.77142857142857,10.885714285714284,1.5714285714285714,36285.71428571428,14.928571428571429,2.5357142857142856,3.9,82.85714285714286,24305.285714285714,0.6599999999999999,0.7142857142857143,0.42857142857142855,0.42857142857142855,0.8571428571428571,0.14285714285714285,262.8341578782011,2.0358313323036605,102.66776484462302
Derby,M1/M6 Junction,12,30,16.0,41.36633266776276,51.34187364336587,0.3365000000000009,0.2621,52.9226,-1.4746,52.5861,-1.2125,2.833213344056216,391.0,498.0,64.3625,5.65625,2.9375,35375.0,14.4375,2.53125,3.8687500000000004,81.25,22467.4375,0.62825,0.875,0.3125,0.4375,0.9375,0.1875,103.41362199202999,0.8870578614885097,44.22092205324177
York,Newcastle Hub,66,39,24.0,118.30463030502828,146.77547182864296,1.0182999999999964,0.5305,53.96,-1.0873,54.9783,-1.6178,3.2188758248682006,218.0,156.0,64.075,10.320833333333335,2.125,32583.333333333332,13.541666666666666,2.520833333333333,3.8333333333333326,76.04166666666667,20177.208333333332,0.6184583333333333,0.7083333333333334,0.3333333333333333,0.20833333333333334,1.0,0.08333333333333333,286.216640171533,2.4612294114611077,123.40189295382356
Derby,Birmingham Central,12,2,11.0,56.03161459459499,70.98765137409191,0.4364000000000061,0.41580000000000017,52.9226,-1.4746,52.4862,-1.8904,2.4849066497880004,391.0,180.0,63.85454545454545,12.954545454545455,18.545454545454547,36000.0,14.454545454545455,2.5272727272727273,3.9090909090909083,81.81818181818181,22188.81818181818,0.6218181818181818,0.2727272727272727,0.36363636363636365,0.5454545454545454,1.0,0.36363636363636365,153.92295583080087,1.1560848692566095,61.08348062880982
Birmingham Central,Tamworth,2,55,32.0,21.22089630544429,26.29080342641615,0.14740000000000464,0.19940000000000002,52.4862,-1.8904,52.6336,-1.691,3.4965075614664802,161.0,449.0,62.05312500000001,2.328125,7.4375,32875.0,13.5625,2.51875,3.856249999999999,76.25,21004.34375,0.6501562499999999,0.3125,0.25,0.40625,0.875,0.25,61.11392915402567,0.44566557533217555,21.745609538110646
Tamworth,M1/M6 Junction,55,30,17.0,32.738094007485756,40.820899543985185,0.04749999999999943,0.47850000000000015,52.6336,-1.691,52.5861,-1.2125,2.8903717578961645,449.0,498.0,62.69411764705882,2.7176470588235295,7.764705882352941,33058.82352941176,13.735294117647058,2.520588235294117,3.8647058823529403,77.05882352941177,20221.529411764706,0.6211176470588234,0.6470588235294118,0.29411764705882354,0.29411764705882354,0.9411764705882353,0.23529411764705882,88.72341382894136,0.7157902159823614,33.50284610395549
M1/M6 Junction,Milton Keynes,30,38,8.0,68.02877870166259,83.88926697256842,0.5455000000000041,0.45309999999999995,52.5861,-1.2125,52.0406,-0.7594,2.1972245773362196,498.0,277.0,63.887499999999996,3.45,10.875,35750.0,14.8125,2.53125,3.9250000000000003,83.125,21099.875,0.60775,1.0,0.0,0.5,1.0,0.25,182.07059584381707,1.4887827938146028,70.25574250961273
Milton Keynes,Southampton Port,38,51,17.0,134.72208788190736,168.02557175171543,1.1448999999999998,0.6364,52.0406,-0.7594,50.8957,-1.3958,2.8903717578961645,277.0,166.0,61.7764705882353,6.8,8.705882352941176,32588.235294117647,13.647058823529411,2.5235294117647054,3.823529411764706,76.76470588235294,20047.58823529412,0.616529411764706,0.8235294117647058,0.17647058823529413,0.4117647058823529,0.9411764705882353,0.23529411764705882,345.0714385935569,3.016514396401912,138.77684494421283
Newcastle Hub,Chester,39,9,27.0,215.19600888960397,267.97560811712657,1.784799999999997,1.2760000000000002,54.9783,-1.6178,53.1935,-2.8938,3.332204510175204,174.0,179.0,63.088888888888896,8.718518518518518,4.925925925925926,30148.14814814815,12.962962962962964,2.5148148148148146,3.803703703703703,71.11111111111111,19154.333333333332,0.6252222222222222,1.7777777777777777,0.2962962962962963,0.3333333333333333,1.0,0.2222222222222222,531.9151397334133,4.834350648950386,225.57844590553512
Chester,Rugby,9,49,25.0,142.708886730074,176.89414125165956,0.8226999999999975,1.6287000000000003,53.1935,-2.8938,52.3708,-1.2651,3.258096538021482,179.0,393.0,63.456,7.827999999999999,4.44,30560.0,13.12,2.5159999999999996,3.815999999999999,72.0,19120.64,0.6142399999999999,1.84,0.32,0.36,1.0,0.2,351.0355164777062,3.178738760758898,149.05314538463796
Rugby,Bristol Port,49,4,18.0,137.90298969569628,171.19293303328422,0.8605000000000018,1.4488000000000003,52.3708,-1.2651,51.5103,-2.7139,2.9444389791664403,393.0,167.0,62.84444444444446,4.51111111111111,3.5555555555555554,30666.666666666668,13.055555555555555,2.516666666666666,3.7999999999999994,72.22222222222223,19850.61111111111,0.649,0.8888888888888888,0.1111111111111111,0.16666666666666666,1.0,0.16666666666666666,350.6232654564036,2.9821546038977824,145.42940731416243
Bristol Port,Oxford,4,43,9.0,104.03788035473393,128.69063275287988,0.24170000000000158,1.4562000000000002,51.5103,-2.7139,51.752,-1.2577,2.302585092994046,171.0,210.0,62.955555555555556,2.2666666666666666,4.444444444444445,29333.333333333332,12.277777777777779,2.5055555555555555,3.788888888888889,68.33333333333333,18280.88888888889,0.640888888888889,1.0,0.2222222222222222,0.3333333333333333,0.7777777777777778,0.2222222222222222,257.3085945607795,2.293005274541168,105.94434366516492
Oxford,Coventry,43,10,13.0,74.97944721835212,93.00803428748279,0.6547999999999945,0.262,51.752,-1.2577,52.4068,-1.5197,2.6390573296152584,210.0,520.0,63.35384615384616,9.884615384615385,3.076923076923077,28615.384615384617,12.038461538461538,2.503846153846154,3.7692307692307687,66.92307692307692,17437.23076923077,0.6186923076923078,1.0769230769230769,0.07692307692307693,0.38461538461538464,0.8461538461538461,0.15384615384615385,182.3226118729896,1.6511591159528356,76.41459920561073
Coventry,Watford Gap,10,62,31.0,29.199502180941778,36.40627139814402,0.10009999999999764,0.39749999999999996,52.4068,-1.5197,52.3067,-1.1222,3.4657359027997265,520.0,391.0,63.435483870967744,6.941935483870967,8.483870967741936,30774.1935483871,13.0,2.516129032258064,3.7967741935483863,72.90322580645162,19055.935483870966,0.619903225806452,0.7741935483870968,0.12903225806451613,0.3225806451612903,0.8709677419354839,0.25806451612903225,75.46611996933787,0.6314181802190991,30.41346207997466
Watford Gap,Northampton,62,40,7.0,16.650193428769214,20.30190759346334,0.06620000000000203,0.21950000000000014,52.3067,-1.1222,52.2405,-0.9027,2.0794415416798357,391.0,363.0,63.300000000000004,1.3714285714285714,1.8571428571428572,33714.28571428572,13.928571428571429,2.5214285714285714,3.8857142857142857,77.14285714285714,21305.428571428572,0.649,1.0,0.0,0.2857142857142857,0.8571428571428571,0.14285714285714285,41.38570576693242,0.36323794950359894,16.756704469607772
Northampton,Magna Park DC,40,36,11.0,29.70728428482073,37.333864892754086,0.19669999999999987,0.29590000000000016,52.2405,-0.9027,52.4372,-1.1986,2.4849066497880004,363.0,153.0,62.54545454545455,2.2818181818181817,4.7272727272727275,34181.818181818184,14.045454545454545,2.522727272727273,3.8909090909090907,79.0909090909091,21093.18181818182,0.6212727272727272,0.7272727272727273,0.09090909090909091,0.36363636363636365,1.0,0.2727272727272727,79.4866270479975,0.64463262356546,29.30239227902964
ProLogis Park DC,Hopwood Park,47,21,31.0,25.622870103846335,32.256772821800276,0.14920000000000044,0.28800000000000003,52.5031,-1.7764,52.3539,-2.0644,3.4657359027997265,162.0,295.0,61.44838709677419,7.5,4.32258064516129,30709.677419354837,13.064516129032258,2.516129032258064,3.806451612903225,72.90322580645162,18021.129032258064,0.607,0.5483870967741935,0.1935483870967742,0.3870967741935484,0.9032258064516129,0.16129032258064516,64.62107669750903,0.5646823946446166,27.091841192407646
Hopwood Park,Derby,21,12,28.0,74.7175813193253,93.377706506679,0.5686999999999998,0.5898000000000001,52.3539,-2.0644,52.9226,-1.4746,3.367295829986474,295.0,391.0,61.52857142857143,10.082142857142857,11.107142857142858,33142.857142857145,13.75,2.524999999999999,3.8249999999999997,77.67857142857143,21918.321428571428,0.6772142857142857,1.0714285714285714,0.21428571428571427,0.42857142857142855,0.9642857142857143,0.2857142857142857,186.7806844599554,1.7104061796579604,78.4534304989058
Derby,Toddington Services,12,59,2.0,125.46070572338238,156.28178654346402,0.9697999999999993,0.946,52.9226,-1.4746,51.9528,-0.5286,1.0986122886681098,391.0,111.0,62.4,0.0,0.0,18000.0,10.0,2.5,3.5,50.0,13695.5,0.761,1.0,0.0,0.5,1.0,0.0,342.81180406582916,2.853397210974016,136.43013590836074
Toddington Services,London Central,59,28,6.0,56.69895576186655,71.148312790521,0.44540000000000646,0.40079999999999993,51.9528,-0.5286,51.5074,-0.1278,1.9459101490553132,111.0,156.0,63.300000000000004,5.783333333333334,10.333333333333334,22666.666666666668,10.666666666666666,2.5,3.6,56.666666666666664,13520.333333333334,0.5996666666666667,0.3333333333333333,0.3333333333333333,0.16666666666666666,1.0,0.3333333333333333,165.67747584414792,1.1766408139318125,60.7055798073827
Tilbury Port,Swindon,58,54,7.0,148.40648352805303,191.26009648329904,0.10129999999999484,2.1381,51.4545,0.3584,51.5558,-1.7797,2.0794415416798357,165.0,129.0,61.042857142857144,5.0,0.0,30000.0,12.714285714285714,2.5142857142857147,3.771428571428572,70.71428571428571,19600.714285714286,0.6608571428571428,1.0,0.42857142857142855,0.2857142857142857,1.0,0.0,381.24365354682135,3.5206418991497084,162.2861834069428
Swindon,Cardiff Bay,54,6,6.0,97.17688378827889,122.99369657574304,0.0741999999999976,1.3994,51.5558,-1.7797,51.4816,-3.1791,1.9459101490553132,129.0,183.0,61.083333333333336,0.0,0.0,27666.666666666668,11.666666666666666,2.5,3.75,65.0,19815.833333333332,0.7076666666666668,0.8333333333333334,0.5,0.3333333333333333,1.0,0.0,262.42466357155064,2.2589971287259227,101.7472065294949
Hull Port,Rugby,22,49,6.0,164.2260713886586,204.24072132340856,1.3624999999999972,0.9483999999999999,53.7333,-0.3167,52.3708,-1.2651,1.9459101490553132,189.0,393.0,60.26666666666667,6.616666666666667,0.0,26666.666666666668,11.666666666666666,2.5,3.75,64.16666666666667,15277.833333333334,0.5643333333333334,1.0,0.16666666666666666,0.16666666666666666,1.0,0.0,399.59876935883557,3.7771008525871803,162.8320162480011
Rugby,Portsmouth Port,49,45,8.0,174.72114499861607,216.16644953895803,1.5683000000000007,0.15629999999999988,52.3708,-1.2651,50.8025,-1.1088,2.1972245773362196,393.0,154.0,59.0375,17.5125,2.75,32250.0,13.4375,2.51875,3.8375000000000004,75.0,17023.75,0.549875,1.375,0.25,0.125,0.875,0.125,428.4905499588022,4.080896358244952,183.05347683641884
Trafford Park DC,Stoke-on-Trent,60,53,21.0,52.37850802992453,65.35384182702875,0.46410000000000196,0.13470000000000004,53.4668,-2.3141,53.0027,-2.1794,3.091042453358316,141.0,375.0,62.780952380952364,7.980952380952382,6.095238095238095,30666.666666666668,13.142857142857142,2.519047619047619,3.7904761904761894,72.85714285714286,18353.333333333332,0.5957619047619048,0.3333333333333333,0.3333333333333333,0.2857142857142857,0.9523809523809523,0.23809523809523808,130.2211393432366,1.0898350793852916,55.33991484826491
Stoke-on-Trent,Stafford,53,52,16.0,22.207117122770665,28.556934656894974,0.19609999999999417,0.06269999999999998,53.0027,-2.1794,52.8066,-2.1167,2.833213344056216,375.0,411.0,62.14375,7.687499999999999,3.625,30375.0,13.03125,2.5156249999999996,3.8062499999999995,72.5,17506.625,0.5781875000000001,0.625,0.1875,0.3125,1.0,0.0625,56.98777849891161,0.4985974925795697,24.65517848486603
Stafford,Derby,52,12,18.0,44.99163705636728,56.14524800288036,0.11599999999999966,0.6420999999999999,52.8066,-2.1167,52.9226,-1.4746,2.9444389791664403,411.0,391.0,63.138888888888886,5.844444444444444,2.611111111111111,30222.222222222223,12.833333333333334,2.5166666666666666,3.7666666666666666,71.66666666666667,18760.222222222223,0.6199444444444445,0.5,0.3333333333333333,0.4444444444444444,0.9444444444444444,0.1111111111111111,114.08014399701136,0.9531060710369492,48.13393291295769
Derby,East Midlands Gateway,12,15,37.0,14.123047879482842,17.616426642468856,0.09130000000000393,0.14629999999999987,52.9226,-1.4746,52.8313,-1.3283,3.6375861597263857,391.0,178.0,62.22702702702702,5.951351351351351,5.324324324324325,32216.216216216217,13.635135135135135,2.5229729729729726,3.827027027027027,75.94594594594595,20431.91891891892,0.6410540540540541,0.10810810810810811,0.24324324324324326,0.43243243243243246,0.972972972972973,0.1891891891891892,34.93347037215649,0.28745427858545275,15.202768989364898
Omega Warrington,Frankley Services,42,18,10.0,119.6687704792937,151.97216238488835,1.0061999999999998,0.6334,53.429,-2.6542,52.4228,-2.0208,2.3978952727983707,183.0,300.0,61.870000000000005,6.08,9.0,26600.0,11.85,2.505,3.7299999999999995,65.0,18660.3,0.6987,1.0,0.4,0.3,1.0,0.3,307.9031694913282,2.742389260438215,127.55996610056548
Frankley Services,Tilbury Port,18,58,5.0,195.4181897619275,246.7315441613793,0.9682999999999993,2.3792,52.4228,-2.0208,51.4545,0.3584,1.791759469228055,300.0,183.0,62.279999999999994,5.3,4.4,34400.0,14.3,2.53,3.8600000000000003,81.0,22747.2,0.6527999999999999,1.0,0.2,0.4,1.0,0.2,491.6539087211389,4.460562800844848,207.6411987299799
Nottingham Hub,Rugby,41,49,13.0,65.33761474804886,81.00018720848168,0.5839999999999961,0.10699999999999998,52.9548,-1.1581,52.3708,-1.2651,2.6390573296152584,154.0,393.0,60.89999999999999,3.1692307692307695,0.0,28923.076923076922,12.423076923076923,2.511538461538462,3.753846153846154,68.46153846153847,18336.69230769231,0.6316153846153847,1.0769230769230769,0.15384615384615385,0.38461538461538464,1.0,0.0,159.97506391994204,1.474655069912399,66.28867004593022
Rugby,Peterborough,49,44,25.0,72.83481014729881,90.54875555996716,0.1986999999999952,1.0246,52.3708,-1.2651,52.5695,-0.2405,3.258096538021482,393.0,291.0,61.50400000000001,4.064,0.0,28800.0,12.44,2.512,3.7519999999999993,68.4,18060.68,0.64444,0.96,0.16,0.44,1.0,0.0,185.220530128671,1.6465817823415343,76.4243429860398
Peterborough,A1/A14 Junction,44,1,20.0,26.272166688928728,32.87204872768281,0.23619999999999663,0.009500000000000008,52.5695,-0.2405,52.3333,-0.25,3.044522437723423,291.0,259.0,63.63000000000001,5.630000000000001,3.8,33800.0,13.825,2.5224999999999995,3.8599999999999994,79.0,21742.0,0.65275,1.1,0.25,0.1,1.0,0.15,65.49854819374835,0.578393702501353,27.495228769525674
A1/A14 Junction,Cardiff Bay,1,6,8.0,222.1138001777535,276.93844517851767,0.851700000000001,2.9291,52.3333,-0.25,51.4816,-3.1791,2.1972245773362196,259.0,183.0,62.887499999999996,8.1,0.0,31250.0,13.4375,2.5187500000000003,3.8375000000000004,75.0,19125.75,0.6431250000000001,1.625,0.25,0.25,1.0,0.0,544.0014068845519,4.955792380420762,236.81702348064883
Manchester Central,Warrington,37,61,13.0,25.555229799211364,32.24109910922597,0.09080000000000155,0.35440000000000005,53.4808,-2.2426,53.39,-2.597,2.6390573296152584,163.0,292.0,62.34615384615385,6.707692307692308,8.23076923076923,36000.0,14.76923076923077,2.530769230769231,3.923076923076923,83.07692307692308,22115.615384615383,0.6224615384615385,0.0,0.0,0.07692307692307693,1.0,0.3076923076923077,63.38553500047397,0.51890302266916,26.46672173494466
Warrington,Stoke-on-Trent,61,53,7.0,51.26881936574086,62.40196521545143,0.3873000000000033,0.4176000000000002,53.39,-2.597,53.0027,-2.1794,2.0794415416798357,292.0,375.0,64.11428571428571,8.628571428571428,2.0,31714.285714285714,13.357142857142858,2.521428571428572,3.8000000000000003,75.0,20413.14285714286,0.6617142857142857,0.2857142857142857,0.0,0.14285714285714285,1.0,0.14285714285714285,121.26459001149102,1.0196634056138727,52.61171886562443
Stoke-on-Trent,Tibshelf Services,53,57,22.0,58.23919604539182,72.41001196448931,0.1390000000000029,0.8404999999999998,53.0027,-2.1794,53.1417,-1.3389,3.1354942159291497,375.0,547.0,63.477272727272705,6.35,7.545454545454546,30545.454545454544,13.113636363636363,2.520454545454545,3.772727272727272,72.72727272727273,19688.18181818182,0.6684999999999999,0.7727272727272727,0.13636363636363635,0.22727272727272727,0.9545454545454546,0.22727272727272727,142.6026013312245,1.2570070590839952,60.793731560522865
Tibshelf Services,Woodall Services,57,65,46.0,22.377509939550716,28.05896570171883,0.18410000000000082,0.13579999999999992,53.1417,-1.3389,53.3258,-1.2031,3.8501476017100584,547.0,391.0,61.526086956521745,6.447826086956522,3.5652173913043477,32565.217391304348,13.402173913043478,2.5184782608695646,3.834782608695653,76.19565217391305,20707.130434782608,0.6351086956521739,0.08695652173913043,0.13043478260869565,0.1956521739130435,0.9782608695652174,0.15217391304347827,55.35444918145051,0.46408768229931185,23.657283577137065
Cardiff Bay,Coventry,6,10,19.0,153.35827210825437,191.3423596383954,0.9251999999999967,1.6594,51.4816,-3.1791,52.4068,-1.5197,2.995732273553991,186.0,520.0,63.09999999999998,4.678947368421053,8.842105263157896,32947.36842105263,13.605263157894736,2.5236842105263158,3.8157894736842097,77.36842105263158,21494.736842105263,0.6657368421052631,0.9473684210526315,0.15789473684210525,0.3684210526315789,0.9473684210526315,0.3157894736842105,374.8683091541407,3.327160871609194,160.91408765989377
Coventry,Leicester Forest East,10,26,18.0,33.39775838275404,42.04867018677634,0.20990000000000464,0.353,52.4068,-1.5197,52.6167,-1.1667,2.9444389791664403,520.0,425.0,62.50555555555554,8.722222222222221,2.6666666666666665,34222.22222222222,13.777777777777779,2.5222222222222226,3.855555555555555,78.33333333333333,20577.38888888889,0.6015,0.7777777777777778,0.16666666666666666,0.3333333333333333,1.0,0.1111111111111111,84.04967639844409,0.7405791620033505,35.36654400803903
Leicester Forest East,Omega Warrington,26,42,2.0,134.36916047452,167.1895804000976,0.8123000000000005,1.4874999999999998,52.6167,-1.1667,53.429,-2.6542,1.0986122886681098,425.0,178.0,66.1,5.05,0.0,32000.0,12.0,2.5,3.8,70.0,23570.0,0.737,0.5,0.0,0.5,1.0,0.0,329.4400701575459,2.6845527266539873,148.6936032453579
Coventry,Tamworth,10,55,28.0,27.754846339061345,35.0527501398246,0.22680000000000433,0.1713,52.4068,-1.5197,52.6336,-1.691,3.367295829986474,520.0,449.0,62.65,6.332142857142856,6.107142857142857,32428.571428571428,13.392857142857142,2.5178571428571423,3.839285714285713,75.89285714285714,20366.85714285714,0.6234285714285714,0.6071428571428571,0.17857142857142858,0.14285714285714285,1.0,0.14285714285714285,71.3716118606703,0.6036164400426547,29.64927891339814
Stoke-on-Trent,Nottingham Hub,53,41,2.0,68.58441497351967,84.82154366530945,0.0478999999999985,1.0212999999999999,53.0027,-2.1794,52.9548,-1.1581,1.0986122886681098,375.0,178.0,59.25,1.75,0.0,31000.0,13.25,2.525,3.75,75.0,20930.5,0.6335,1.0,0.0,0.5,1.0,0.0,181.4244133408098,1.6203234980251218,70.51403943334664
DIRFT Daventry,M1/M6 Junction,11,30,30.0,36.71887403904097,46.386895390967645,0.3287000000000049,0.051899999999999835,52.2574,-1.1606,52.5861,-1.2125,3.4339872044851463,163.0,498.0,63.40666666666665,10.919999999999996,9.5,31200.0,13.05,2.5183333333333326,3.7833333333333328,72.83333333333333,18786.566666666666,0.5962666666666668,0.36666666666666664,0.13333333333333333,0.4,0.9333333333333333,0.26666666666666666,90.24995696929938,0.7754964822745604,38.599577645646555
Liverpool Port,Preston,27,46,14.0,44.29375655247536,54.402019397254826,0.3579000000000008,0.2946,53.4053,-2.9977,53.7632,-2.7031,2.70805020110221,167.0,176.0,63.17142857142857,12.214285714285714,5.928571428571429,30571.428571428572,13.0,2.514285714285714,3.8142857142857136,72.85714285714286,19088.5,0.6269285714285715,0.9285714285714286,0.21428571428571427,0.5,0.9285714285714286,0.21428571428571427,108.28315497709887,0.9615718149968838,46.37641622422789
Preston,Wolverhampton,46,64,2.0,136.36639817337246,169.01042795584647,1.1770999999999958,0.5742000000000003,53.7632,-2.7031,52.5861,-2.1289,1.0986122886681098,176.0,363.0,61.6,33.85,26.0,26000.0,12.0,2.5,3.8,65.0,17658.0,0.679,1.0,0.0,0.0,1.0,0.5,336.43270567478424,3.0249389651069554,147.6585090162951
Wolverhampton,Woodall Services,64,65,2.0,103.00926000598862,127.66810116149776,0.7396999999999991,0.9257999999999997,52.5861,-2.1289,53.3258,-1.2031,1.0986122886681098,363.0,391.0,61.6,33.85,26.0,26000.0,12.0,2.5,3.8,65.0,17658.0,0.679,1.0,0.0,0.0,1.0,0.5,254.136535961827,2.2849963666473982,111.53916178103009
Doncaster iPort,Wolverhampton,13,64,12.0,124.9774878993155,156.95471464885185,0.9170000000000016,1.0810999999999997,53.5031,-1.0478,52.5861,-2.1289,2.5649493574615367,200.0,363.0,62.824999999999996,10.966666666666667,2.75,25500.0,11.375,2.504166666666667,3.666666666666666,62.083333333333336,18930.25,0.7296666666666666,1.0,0.4166666666666667,0.16666666666666666,1.0,0.16666666666666666,318.18497581277614,2.7993045469928384,133.34798893483543
Wolverhampton,London Gateway DC,64,29,3.0,212.4374766190307,275.45736427978886,1.0775000000000006,2.5656,52.5861,-2.1289,51.5086,0.4367,1.3862943611198906,363.0,172.0,68.86666666666667,0.0,0.0,30000.0,12.833333333333334,2.5166666666666666,3.766666666666667,70.0,22331.666666666668,0.777,1.0,0.0,0.0,1.0,0.0,579.7666126565956,4.4995298227475375,223.90116476501626
Magna Park DC,M6 J10 Walsall,36,33,6.0,56.33525353156921,69.32790452052,0.17610000000000525,0.7807999999999999,52.4372,-1.1986,52.6133,-1.9794,1.9459101490553132,149.0,302.0,59.68333333333334,8.366666666666665,6.333333333333333,24000.0,11.0,2.5,3.6500000000000004,59.166666666666664,14547.333333333334,0.614,1.3333333333333333,0.16666666666666666,0.0,1.0,0.3333333333333333,136.99017509206158,1.2979272476405959,58.6505719330595
M6 J10 Walsall,Tibshelf Services,33,57,4.0,72.79872896926572,90.06222972076304,0.5283999999999978,0.6405000000000001,52.6133,-1.9794,53.1417,-1.3389,1.6094379124341003,302.0,547.0,61.050000000000004,12.549999999999999,2.75,27000.0,11.5,2.5,3.7249999999999996,63.75,16232.75,0.6105,1.75,0.25,0.0,1.0,0.25,178.68259760352257,1.6766964045763246,78.28988702891253
Tibshelf Services,M62 J26 Chain Bar,57,34,39.0,68.86472569805572,85.24932562705258,0.588000000000001,0.3264,53.1417,-1.3389,53.7297,-1.6653,3.6888794541139363,547.0,309.0,61.94102564102565,12.13846153846154,4.3076923076923075,32717.94871794872,13.487179487179487,2.5205128205128196,3.828205128205128,75.76923076923077,21267.410256410258,0.6451538461538464,0.46153846153846156,0.2564102564102564,0.23076923076923078,0.9743589743589743,0.1282051282051282,167.2234841063213,1.4562601650982234,72.81251388419497
M62 J26 Chain Bar,Glasgow Central,34,19,10.0,289.47638107283825,360.6842433800511,2.1344999999999956,2.5865,53.7297,-1.6653,55.8642,-4.2518,2.3978952727983707,309.0,169.0,62.25,8.05,1.1,30800.0,12.95,2.515,3.8,72.0,18240.2,0.5680999999999999,2.4,0.1,0.1,1.0,0.1,708.8461389042882,6.62187079018282,310.3638611054128
Hull Port,Peterborough,22,44,13.0,129.5085347988291,164.8112198892048,1.163800000000002,0.07619999999999999,53.7333,-0.3167,52.5695,-0.2405,2.6390573296152584,189.0,291.0,63.46153846153847,4.353846153846154,4.384615384615385,25846.153846153848,11.73076923076923,2.503846153846154,3.7230769230769223,63.84615384615385,18897.153846153848,0.7218461538461539,1.8461538461538463,0.5384615384615384,0.23076923076923078,1.0,0.15384615384615385,334.1680360570415,2.9451207103455124,139.1750211855767
Peterborough,Stafford,44,52,3.0,129.1734370543511,164.0349947531062,0.2371000000000052,1.8761999999999999,52.5695,-0.2405,52.8066,-2.1167,1.3862943611198906,291.0,411.0,61.43333333333334,0.0,0.0,25333.333333333332,11.333333333333334,2.5,3.6999999999999997,61.666666666666664,17838.666666666668,0.6883333333333334,1.6666666666666667,0.3333333333333333,0.3333333333333333,1.0,0.0,357.1890662999381,2.992882372309826,139.5254204653825
Stafford,Cambridge,52,5,14.0,165.5945181671132,209.32431466265325,0.6013000000000019,2.2384999999999997,52.8066,-2.1167,52.2053,0.1218,2.70805020110221,411.0,115.0,62.17857142857141,10.757142857142856,4.071428571428571,30428.571428571428,13.035714285714286,2.517857142857143,3.785714285714285,72.5,19174.571428571428,0.6178571428571427,1.7857142857142858,0.21428571428571427,0.2857142857142857,1.0,0.14285714285714285,438.6034268493925,3.8375183256222365,178.19141158316208
Cambridge,London Central,5,28,5.0,79.47364567489285,99.04370458550711,0.6979000000000042,0.2496,52.2053,0.1218,51.5074,-0.1278,1.791759469228055,115.0,156.0,62.339999999999996,8.4,0.0,31600.0,13.4,2.5200000000000005,3.8200000000000003,76.0,16309.2,0.5414,1.4,0.4,0.4,1.0,0.0,221.59339798275013,1.7929728328844015,85.0373864972961
Nottingham Hub,Leicester Forest East,41,26,8.0,37.59950491953935,47.53714641234259,0.3380999999999972,0.008600000000000163,52.9548,-1.1581,52.6167,-1.1667,2.1972245773362196,154.0,425.0,60.3375,6.9625,10.0,24500.0,11.5625,2.50625,3.6750000000000003,61.25,15944.75,0.6565,0.0,0.25,0.375,1.0,0.25,95.80969232905193,0.7897441490268047,40.35820480763345
Leicester Forest East,M1/M6 Junction,26,30,18.0,4.598344985238487,5.722912985691274,0.03059999999999974,0.04579999999999984,52.6167,-1.1667,52.5861,-1.2125,2.9444389791664403,425.0,498.0,62.34444444444445,4.033333333333333,8.88888888888889,29555.555555555555,12.944444444444445,2.5166666666666666,3.783333333333333,70.83333333333333,18904.5,0.6392777777777778,0.0,0.2222222222222222,0.2222222222222222,1.0,0.2222222222222222,11.254562669381828,0.09247747967414473,4.8372374806323375
M1/M6 Junction,Rugby,30,49,22.0,24.203882636643,30.14678167389279,0.21529999999999916,0.05259999999999998,52.5861,-1.2125,52.3708,-1.2651,3.1354942159291497,498.0,393.0,61.71363636363637,4.240909090909091,5.5,29636.363636363636,12.454545454545455,2.5090909090909093,3.781818181818181,69.54545454545455,19988.363636363636,0.6741363636363636,0.45454545454545453,0.18181818181818182,0.4090909090909091,1.0,0.18181818181818182,60.21945562574954,0.5140646282639602,25.61562688007069
Rugby,Magna Park DC,49,36,30.0,8.652494095199417,10.753099419505778,0.06639999999999446,0.06649999999999978,52.3708,-1.2651,52.4372,-1.1986,3.4339872044851463,393.0,153.0,61.38333333333333,3.9933333333333336,6.0,32466.666666666668,13.066666666666666,2.513333333333333,3.8333333333333317,74.5,21462.033333333333,0.6645666666666667,0.2,0.2,0.26666666666666666,0.9333333333333333,0.13333333333333333,22.268367716674636,0.1810638604370812,9.210362998694814
Manchester Central,Omega Warrington,37,42,8.0,27.854727651474892,34.4375,0.05180000000000007,0.41159999999999997,53.4808,-2.2426,53.429,-2.6542,2.1972245773362196,163.0,178.0,62.712500000000006,8.1375,3.375,25500.0,12.125,2.5125,3.7,63.75,15334.0,0.634375,0.0,0.0,0.25,1.0,0.125,75.26375,0.55125,29.333750000000002
Manchester Central,M6 J10 Walsall,37,33,3.0,98.05290205572004,117.63635630728771,0.8674999999999997,0.2631999999999999,53.4808,-2.2426,52.6133,-1.9794,1.3862943611198906,163.0,302.0,63.166666666666664,16.033333333333335,30.0,40000.0,15.0,2.533333333333333,3.9333333333333336,90.0,24625.666666666668,0.6113333333333333,0.0,0.0,0.3333333333333333,1.0,0.6666666666666666,229.34217339132294,1.870560595478812,99.57674996824807
M6 J10 Walsall,Magna Park DC,33,36,17.0,56.335253531569194,70.6591243672637,0.17610000000000525,0.7807999999999999,52.6133,-1.9794,52.4372,-1.1986,2.8903717578961645,302.0,153.0,62.029411764705884,7.323529411764706,9.882352941176471,30705.882352941175,12.970588235294118,2.514705882352941,3.805882352941176,71.76470588235294,16673.764705882353,0.5509411764705883,0.5294117647058824,0.11764705882352941,0.35294117647058826,0.9411764705882353,0.23529411764705882,138.22486685524433,1.228365509286372,59.74233039680124
Birmingham Central,Coventry,2,10,19.0,26.629806936620188,33.226314212220736,0.07939999999999969,0.37070000000000003,52.4862,-1.8904,52.4068,-1.5197,2.995732273553991,161.0,520.0,62.584210526315786,5.7368421052631575,13.842105263157896,30526.315789473683,13.0,2.51578947368421,3.7999999999999994,72.63157894736842,18951.736842105263,0.6052105263157894,0.631578947368421,0.21052631578947367,0.3157894736842105,0.8421052631578947,0.3684210526315789,72.40515611185536,0.5731769096274518,27.730794031782178
Watford Gap,iPort Doncaster,62,67,6.0,132.24779308750308,163.2757560584548,1.1871999999999971,0.1180000000000001,52.3067,-1.1222,53.4939,-1.0042,1.9459101490553132,391.0,175.0,61.51666666666666,10.583333333333334,12.833333333333334,29333.333333333332,12.75,2.5083333333333333,3.8333333333333335,70.0,18452.5,0.618,0.5,0.16666666666666666,0.16666666666666666,0.8333333333333334,0.3333333333333333,334.53462268132677,2.89084143963918,133.19423367377755
Dover Port,Watford Gap,14,62,22.0,212.8983965554307,268.3313549005468,1.1788000000000025,2.4356,51.1279,1.3134,52.3067,-1.1222,3.1354942159291497,168.0,391.0,63.32727272727272,9.036363636363639,5.5,34818.181818181816,14.295454545454545,2.529545454545454,3.863636363636363,80.22727272727273,21743.590909090908,0.625090909090909,1.9545454545454546,0.3181818181818182,0.22727272727272727,1.0,0.2727272727272727,524.2289817404094,4.771548317333347,228.23218485093355
Watford Gap,Derby,62,12,14.0,72.49988912965956,91.07485978109614,0.6159000000000034,0.3523999999999998,52.3067,-1.1222,52.9226,-1.4746,2.70805020110221,391.0,391.0,61.42142857142858,9.478571428571428,14.571428571428571,31285.714285714286,13.357142857142858,2.5214285714285714,3.8,74.64285714285714,18792.5,0.5983571428571428,1.0714285714285714,0.14285714285714285,0.21428571428571427,1.0,0.35714285714285715,184.04380143026717,1.6677910475530775,75.82775358109065
Derby,Doncaster iPort,12,13,17.0,70.52793022789771,87.94071122416325,0.5805000000000007,0.42679999999999985,52.9226,-1.4746,53.5031,-1.0478,2.8903717578961645,391.0,169.0,62.39411764705883,8.711764705882352,8.705882352941176,33882.35294117647,14.176470588235293,2.529411764705882,3.8470588235294114,79.41176470588235,22406.29411764706,0.6611764705882353,0.9411764705882353,0.35294117647058826,0.29411764705882354,0.9411764705882353,0.35294117647058826,173.89393050430226,1.5802886168202286,74.381409574778
Birmingham Central,Leicester Forest East,2,26,7.0,51.0369220841685,64.36518828340556,0.13050000000000495,0.7237,52.4862,-1.8904,52.6167,-1.1667,2.0794415416798357,161.0,425.0,60.357142857142854,5.785714285714286,4.0,28285.714285714286,11.714285714285714,2.5,3.757142857142857,65.71428571428571,19004.428571428572,0.674142857142857,1.0,0.0,0.2857142857142857,1.0,0.2857142857142857,137.53596714987276,1.1930306822909185,52.765079645210626
Leicester Forest East,Warrington,26,61,11.0,128.6560268469036,162.99625663783726,0.773299999999999,1.4303,52.6167,-1.1667,53.39,-2.597,2.4849066497880004,425.0,292.0,59.22727272727273,2.7636363636363637,2.5454545454545454,30545.454545454544,12.681818181818182,2.5136363636363637,3.772727272727273,71.36363636363636,21500.18181818182,0.6863636363636363,1.5454545454545454,0.0,0.6363636363636364,1.0,0.18181818181818182,333.53612607780144,3.0968244559122913,133.16347869307575
Warrington,Teesport,61,56,19.0,165.74664719542122,203.21997492671744,1.2332999999999998,1.4247,53.39,-2.597,54.6233,-1.1723,2.995732273553991,292.0,157.0,62.48421052631579,6.126315789473685,4.421052631578948,30421.052631578947,12.868421052631579,2.513157894736842,3.805263157894736,71.57894736842105,20183.473684210527,0.6755263157894738,1.368421052631579,0.10526315789473684,0.3684210526315789,1.0,0.2631578947368421,416.4846416568151,3.677934808648037,169.80996929933445
Hull Port,Grimsby Port,22,20,8.0,23.73905198087505,29.349999999999998,0.158299999999997,0.24169999999999997,53.7333,-0.3167,53.575,-0.075,2.1972245773362196,189.0,166.0,62.162499999999994,3.875,7.25,36500.0,14.875,2.5375,3.875,85.0,20859.375,0.5766249999999999,0.0,0.375,0.25,1.0,0.25,65.32000000000001,0.475,24.3125
East Midlands Gateway,Tibshelf Services,15,57,29.0,34.52224564260052,42.72734931016361,0.31040000000000134,0.010599999999999943,52.8313,-1.3283,53.1417,-1.3389,3.4011973816621555,156.0,547.0,61.765517241379335,10.110344827586209,9.0,32551.724137931036,13.60344827586207,2.5224137931034476,3.827586206896551,76.55172413793103,22022.96551724138,0.6830344827586209,0.27586206896551724,0.1724137931034483,0.13793103448275862,1.0,0.27586206896551724,86.81546324586847,0.720522522200836,36.437505868833654
Woodall Services,Sheffield Hub,65,50,15.0,18.757266762401464,24.18359810043179,0.05530000000000257,0.2669999999999999,53.3258,-1.2031,53.3811,-1.4701,2.772588722239781,391.0,164.0,62.379999999999995,9.126666666666667,4.466666666666667,34266.666666666664,14.0,2.5266666666666664,3.846666666666666,80.0,23404.133333333335,0.6804,0.4666666666666667,0.13333333333333333,0.3333333333333333,0.9333333333333333,0.2,47.44835791073398,0.4054391417571186,19.90903051854225
London Central,Milton Keynes,28,38,12.0,73.50901665387367,93.57221429298983,0.5332000000000008,0.6315999999999999,51.5074,-0.1278,52.0406,-0.7594,2.5649493574615367,178.0,277.0,63.125,8.875,0.0,36166.666666666664,14.25,2.5250000000000004,3.9,82.91666666666667,21720.25,0.60025,0.8333333333333334,0.25,0.4166666666666667,1.0,0.0,216.56647267991983,1.6640784706554033,80.70072816421101
Milton Keynes,Watford Gap,38,62,11.0,38.56920802084959,48.21460203174618,0.26610000000000156,0.3628000000000001,52.0406,-0.7594,52.3067,-1.1222,2.4849066497880004,277.0,391.0,62.554545454545455,11.763636363636364,0.0,32363.636363636364,13.272727272727273,2.5181818181818185,3.8181818181818183,75.45454545454545,20256.636363636364,0.618909090909091,1.0,0.18181818181818182,0.36363636363636365,1.0,0.0,108.91546125946485,0.87999075658346,41.06752507905863
Watford Gap,Bristol DC,62,3,14.0,138.20235042854486,176.7763464933146,0.8521999999999963,1.4656999999999998,52.3067,-1.1222,51.4545,-2.5879,2.70805020110221,391.0,175.0,63.221428571428575,12.014285714285714,6.642857142857143,32428.571428571428,13.5,2.5214285714285714,3.8214285714285716,75.71428571428571,21595.071428571428,0.6708571428571429,1.0714285714285714,0.14285714285714285,0.14285714285714285,1.0,0.21428571428571427,378.52029900520705,3.1387294734997657,145.88784073791138
Bristol Port,Tamworth,4,55,10.0,143.1372439735788,181.00152081539204,1.1233000000000004,1.0229000000000001,51.5103,-2.7139,52.6336,-1.691,2.3978952727983707,171.0,449.0,62.75,11.170000000000002,11.5,36200.0,14.7,2.5300000000000002,3.9200000000000004,83.5,23632.0,0.6658999999999999,1.0,0.6,0.2,1.0,0.4,356.12731390011106,3.1875522651783155,151.54156669717426
Tamworth,Felixstowe Port,55,17,4.0,220.12735469452147,279.8448570489558,0.6769000000000034,3.0421,52.6336,-1.691,51.9567,1.3511,1.6094379124341003,449.0,160.0,61.325,0.0,13.5,32000.0,13.75,2.525,3.825,76.25,21170.0,0.6835,2.0,0.0,0.5,1.0,0.25,554.5677877891095,5.164659014565834,243.4537907549406
Leicester Forest East,Watford Gap,26,62,10.0,34.60206693101127,43.230063787300665,0.3100000000000023,0.044499999999999984,52.6167,-1.1667,52.3067,-1.1222,2.3978952727983707,425.0,391.0,63.61,4.3,9.9,31400.0,13.45,2.525,3.78,75.5,18407.2,0.6043999999999999,1.0,0.2,0.1,1.0,0.3,86.0236434835325,0.7571949268640676,36.64945056405456
Watford Gap,Felixstowe Port,62,17,14.0,173.23827012160748,217.9983922463257,0.3500000000000014,2.4733,52.3067,-1.1222,51.9567,1.3511,2.70805020110221,391.0,160.0,64.09285714285714,1.3571428571428572,8.142857142857142,29285.714285714286,12.892857142857142,2.517857142857143,3.764285714285714,71.42857142857143,16537.14285714286,0.5771428571428572,1.2142857142857142,0.14285714285714285,0.21428571428571427,0.9285714285714286,0.2857142857142857,427.00042357777846,3.803501972846281,185.48000402929026
East Midlands Gateway,Woodall Services,15,65,2.0,55.61828351742599,68.12062981573419,0.49450000000000216,0.12519999999999998,52.8313,-1.3283,53.3258,-1.2031,1.0986122886681098,156.0,391.0,64.25,2.25,0.0,35000.0,14.25,2.525,3.9,82.5,21491.5,0.6285000000000001,0.0,0.5,0.0,1.0,0.0,132.75836939094273,1.0612378716029125,57.357354918516165
Woodall Services,Trafford Park DC,65,60,15.0,75.31187149952737,94.24280262393494,0.14099999999999824,1.1109999999999998,53.3258,-1.2031,53.4668,-2.3141,2.772588722239781,391.0,144.0,62.52666666666666,9.973333333333331,2.933333333333333,30533.333333333332,12.966666666666667,2.5166666666666666,3.7866666666666666,72.33333333333333,17743.4,0.5857333333333334,1.1333333333333333,0.0,0.26666666666666666,1.0,0.06666666666666667,188.32984690886644,1.6744782764568027,81.67738998199022
Hull Port,iPort Doncaster,22,67,10.0,52.585553292368786,65.32000000000001,0.2394000000000034,0.6875,53.7333,-0.3167,53.4939,-1.0042,2.3978952727983707,189.0,175.0,62.57000000000001,13.5,2.7,33400.0,13.6,2.5200000000000005,3.85,77.0,19441.3,0.5981,0.0,0.1,0.1,1.0,0.1,133.40699999999998,1.047,55.004999999999995
Tamworth,Coventry,55,10,19.0,27.75484633906133,34.38326679625108,0.22680000000000433,0.1713,52.6336,-1.691,52.4068,-1.5197,2.995732273553991,449.0,520.0,63.26315789473684,6.93157894736842,5.052631578947368,31578.947368421053,13.0,2.5157894736842104,3.7999999999999994,73.15789473684211,19137.315789473683,0.6149473684210528,0.21052631578947367,0.15789473684210525,0.05263157894736842,0.8947368421052632,0.15789473684210525,74.2108585922737,0.5586707151428162,29.443196202819212
Coventry,Magna Park DC,10,36,11.0,22.035018749625348,27.294312566951124,0.030400000000000205,0.32109999999999994,52.4068,-1.5197,52.4372,-1.1986,2.4849066497880004,520.0,153.0,61.05454545454547,3.6545454545454548,9.545454545454545,31454.545454545456,12.636363636363637,2.5090909090909093,3.809090909090909,71.81818181818181,20167.090909090908,0.6496363636363637,0.7272727272727273,0.36363636363636365,0.18181818181818182,0.9090909090909091,0.2727272727272727,59.878738180935215,0.48526214703063225,23.459762154051248
Tilbury Port,Cambridge,58,5,2.0,85.05359903323445,109.52930542048443,0.7507999999999981,0.23659999999999998,51.4545,0.3584,52.2053,0.1218,1.0986122886681098,165.0,115.0,60.45,0.0,0.0,25000.0,11.0,2.5,3.65,60.0,16708.0,0.614,1.0,0.0,0.0,1.0,0.0,220.8695859630332,1.981160290877148,97.38903031870191
Cambridge,Milton Keynes,5,38,2.0,62.88514582091927,80.98148016452299,0.1647000000000034,0.8812,52.2053,0.1218,52.0406,-0.7594,1.0986122886681098,115.0,277.0,60.45,0.0,0.0,25000.0,11.0,2.5,3.65,60.0,16708.0,0.614,1.0,0.0,0.0,1.0,0.0,163.30192112463288,1.4647887356035671,72.00545823529978
Milton Keynes,Oxford,38,43,14.0,46.89231925945223,59.23536841610974,0.2885999999999953,0.4983000000000001,52.0406,-0.7594,51.752,-1.2577,2.70805020110221,277.0,210.0,62.228571428571435,2.807142857142857,0.0,28857.14285714286,12.571428571428571,2.5142857142857147,3.7499999999999996,69.64285714285714,19065.35714285714,0.6428571428571429,0.6428571428571429,0.21428571428571427,0.2857142857142857,0.9285714285714286,0.0,124.1881029423794,1.0250215659334738,51.35995199000545
Oxford,Peterborough,43,44,12.0,114.35460172633883,144.60606122630557,0.8174999999999955,1.0172,51.752,-1.2577,52.5695,-0.2405,2.5649493574615367,210.0,291.0,62.225,8.433333333333334,2.1666666666666665,29333.333333333332,12.875,2.5208333333333335,3.733333333333333,70.83333333333333,19258.333333333332,0.6580833333333332,1.1666666666666667,0.25,0.25,0.9166666666666666,0.08333333333333333,304.00329090242184,2.6071446599845864,124.7483792917936
Peterborough,DIRFT Daventry,44,11,19.0,71.40500691530089,87.9311276591923,0.31210000000000093,0.9201000000000001,52.5695,-0.2405,52.2574,-1.1606,2.995732273553991,291.0,168.0,63.494736842105254,5.442105263157895,4.947368421052632,32526.315789473683,13.736842105263158,2.526315789473684,3.810526315789473,76.57894736842105,20913.736842105263,0.6254210526315789,1.0,0.05263157894736842,0.5263157894736842,1.0,0.15789473684210525,174.12357077927408,1.5406154750792145,74.02719400213547
Birmingham Central,Wolverhampton,2,64,31.0,19.58590728562832,24.69410688640536,0.0999000000000052,0.2384999999999997,52.4862,-1.8904,52.5861,-2.1289,3.4657359027997265,161.0,363.0,62.50967741935485,6.16774193548387,3.5806451612903225,34838.709677419356,14.14516129032258,2.527419354838709,3.8612903225806448,80.48387096774194,21062.870967741936,0.6114193548387098,0.1935483870967742,0.2903225806451613,0.25806451612903225,1.0,0.0967741935483871,53.42603480686866,0.40685373815154535,20.584812171884273
Wolverhampton,Coventry,64,10,25.0,45.80703690451879,58.111040093907924,0.1793000000000049,0.6091999999999997,52.5861,-2.1289,52.4068,-1.5197,3.258096538021482,363.0,520.0,61.643999999999984,7.788,1.92,34240.0,13.72,2.5199999999999996,3.867999999999999,78.2,21343.52,0.6175200000000001,0.84,0.24,0.28,0.96,0.08,122.38450626191843,1.03917313456995,48.18598302842761
Coventry,East Midlands Gateway,10,15,6.0,48.93879487056219,59.991905770927104,0.4245000000000019,0.19140000000000001,52.4068,-1.5197,52.8313,-1.3283,1.9459101490553132,520.0,178.0,64.18333333333334,1.3833333333333335,0.0,35666.666666666664,14.25,2.525,3.9000000000000004,80.83333333333333,22764.0,0.6521666666666667,0.3333333333333333,0.5,0.3333333333333333,1.0,0.0,142.10061794573295,0.9602729166072405,51.259075213561346
Grimsby Port,Leicester Forest East,20,26,15.0,129.10139405337483,159.20091294850417,0.9583000000000013,1.0917000000000001,53.575,-0.075,52.6167,-1.1667,2.772588722239781,143.0,425.0,63.233333333333334,8.62,3.6,34933.333333333336,14.0,2.526666666666666,3.8466666666666667,81.0,26767.8,0.7633333333333334,1.3333333333333333,0.06666666666666667,0.4,1.0,0.13333333333333333,318.59725960808413,2.8078474406559155,134.6089979351392
Leicester Forest East,Stafford,26,52,7.0,67.38974411322239,82.61495095230393,0.1899000000000015,0.9499999999999997,52.6167,-1.1667,52.8066,-2.1167,2.0794415416798357,425.0,411.0,62.41428571428571,5.128571428571428,0.0,32571.428571428572,13.357142857142858,2.5214285714285714,3.8000000000000003,75.71428571428571,24562.428571428572,0.7215714285714286,1.5714285714285714,0.0,0.42857142857142855,1.0,0.0,166.72668907423676,1.5086557863640286,70.0339594775115
Northampton,Hopwood Park,40,21,29.0,79.99829579879064,99.39742895042973,0.11340000000000572,1.1617000000000002,52.2405,-0.9027,52.3539,-2.0644,3.4011973816621555,363.0,295.0,61.34137931034482,7.472413793103448,4.931034482758621,35862.06896551724,14.586206896551724,2.5310344827586198,3.8931034482758613,82.93103448275862,23093.206896551725,0.6379999999999998,0.9310344827586207,0.10344827586206896,0.3793103448275862,0.9655172413793104,0.1724137931034483,203.1103580521328,1.8125336524836992,84.81077794564555
Hopwood Park,Bristol Port,21,4,17.0,103.83654541572947,128.46243779712634,0.8436000000000021,0.6495000000000002,52.3539,-2.0644,51.5103,-2.7139,2.8903717578961645,295.0,167.0,61.8529411764706,5.270588235294118,3.0588235294117645,32235.29411764706,13.382352941176471,2.5205882352941176,3.8117647058823527,75.29411764705883,19660.41176470588,0.6161764705882353,0.5294117647058824,0.058823529411764705,0.35294117647058826,0.9411764705882353,0.17647058823529413,250.48964472198446,2.218947880358602,107.2941237573704
London Gateway DC,Tilbury Port,29,58,8.0,8.098638116723352,10.075000000000001,0.05409999999999826,0.07829999999999998,51.5086,0.4367,51.4545,0.3584,2.1972245773362196,153.0,183.0,62.12499999999999,6.550000000000001,5.375,31750.0,13.1875,2.51875,3.8000000000000003,74.375,19100.375,0.6101249999999999,0.0,0.375,0.5,0.875,0.25,66.71375,0.16374999999999998,8.74875
Teesport,M1/M6 Junction,56,30,21.0,226.5421336998576,282.8785032702511,2.0371999999999986,0.040200000000000014,54.6233,-1.1723,52.5861,-1.2125,3.091042453358316,166.0,498.0,62.8047619047619,5.561904761904763,3.380952380952381,34380.95238095238,14.166666666666666,2.5261904761904757,3.8761904761904757,79.76190476190476,21254.47619047619,0.6153333333333336,1.1428571428571428,0.09523809523809523,0.23809523809523808,1.0,0.09523809523809523,556.827166618844,4.99108540238146,242.49536492316506
M1/M6 Junction,Bristol Port,30,4,13.0,157.63673086200086,192.85432492195656,1.075800000000001,1.5014000000000003,52.5861,-1.2125,51.5103,-2.7139,2.6390573296152584,498.0,167.0,61.861538461538466,0.007692307692307693,8.153846153846153,34923.07692307692,14.26923076923077,2.526923076923077,3.8846153846153846,80.0,22442.76923076923,0.6480769230769231,1.0,0.38461538461538464,0.15384615384615385,1.0,0.23076923076923078,379.199631241493,3.5064745624703044,160.0168969301973
London Central,M1/M6 Junction,28,30,1.0,141.02691350830503,182.22363180465533,1.0787000000000049,1.0847,51.5074,-0.1278,52.5861,-1.2125,0.6931471805599453,178.0,498.0,67.7,38.5,0.0,32000.0,12.0,2.5,3.8,70.0,23946.0,0.748,0.0,0.0,0.0,1.0,0.0,382.6208059909002,2.691246538039283,163.32388003978534
Omega Warrington,Stoke-on-Trent,42,53,27.0,56.97724117432314,70.88703098826682,0.4263000000000048,0.4748000000000001,53.429,-2.6542,53.0027,-2.1794,3.332204510175204,183.0,375.0,62.92222222222222,4.362962962962962,8.925925925925926,32592.59259259259,13.555555555555555,2.5222222222222217,3.822222222222222,76.29629629629629,22093.88888888889,0.6856666666666668,0.48148148148148145,0.4074074074074074,0.25925925925925924,1.0,0.14814814814814814,139.54128881367964,1.1985791414801932,60.366598484435144
Stoke-on-Trent,Derby,53,12,18.0,48.03791681498117,59.50261488130921,0.08009999999999451,0.7047999999999999,53.0027,-2.1794,52.9226,-1.4746,2.9444389791664403,375.0,391.0,62.80555555555557,3.6611111111111114,8.88888888888889,31555.555555555555,12.944444444444445,2.5166666666666666,3.783333333333333,73.61111111111111,20476.0,0.6568333333333335,0.2777777777777778,0.4444444444444444,0.5,1.0,0.2222222222222222,119.29548452477476,0.9889425298159316,51.62656684274016
Derby,Nottingham Hub,12,41,35.0,21.509953472035466,26.808721601859837,0.03219999999999601,0.3165,52.9226,-1.4746,52.9548,-1.1581,3.58351893845611,391.0,178.0,62.54285714285716,5.457142857142857,9.514285714285714,32457.14285714286,13.457142857142857,2.519999999999999,3.828571428571428,76.0,21744.0,0.6722000000000001,0.17142857142857143,0.22857142857142856,0.3142857142857143,0.9428571428571428,0.2,52.63934853237382,0.43827093323265637,22.731357313346166
Bristol Port,M6 J10 Walsall,4,33,15.0,132.5272434306017,169.55283664007553,1.1030000000000015,0.7345000000000002,51.5103,-2.7139,52.6133,-1.9794,2.772588722239781,171.0,302.0,63.0,5.213333333333334,3.2,31066.666666666668,13.4,2.52,3.82,73.33333333333333,21589.333333333332,0.6986666666666667,0.8666666666666667,0.0,0.3333333333333333,1.0,0.06666666666666667,333.34407778142014,2.9763524178055962,142.76906216408233
M6 J10 Walsall,Leicester Forest East,33,26,5.0,54.86970230033525,70.49104521459884,0.0033999999999991815,0.8127,52.6133,-1.9794,52.6167,-1.1667,1.791759469228055,302.0,425.0,59.220000000000006,3.18,0.0,28400.0,12.5,2.5100000000000002,3.7800000000000002,68.0,19475.8,0.7086,1.0,0.2,0.6,1.0,0.0,140.4821747082147,1.320793957490562,59.788478771350825
Leicester Forest East,Liverpool Port,26,27,4.0,150.64039988971268,192.17100738163623,0.7885999999999953,1.831,52.6167,-1.1667,53.4053,-2.9977,1.6094379124341003,425.0,161.0,60.55,3.975,0.0,29000.0,12.625,2.5125,3.7750000000000004,68.75,18297.0,0.65325,1.0,0.25,0.75,1.0,0.0,381.79948336948246,3.518751121599326,164.26818504770446
Birmingham Central,ProLogis Park DC,2,47,10.0,7.943232690227882,9.749999999999998,0.0169000000000068,0.1140000000000001,52.4862,-1.8904,52.5031,-1.7764,2.3978952727983707,161.0,156.0,63.21,6.76,1.8,26400.0,11.9,2.5100000000000002,3.69,64.5,18879.8,0.6927,0.0,0.0,0.3,1.0,0.1,73.456,0.15799999999999997,8.264999999999999
Leeds Central,Warrington,25,61,10.0,82.87671551770384,102.47335938955061,0.41080000000000183,1.0479,53.8008,-1.5491,53.39,-2.597,2.3978952727983707,177.0,292.0,62.89000000000001,9.85,9.2,28400.0,12.55,2.515,3.7399999999999998,69.0,18455.2,0.6119,1.1,0.1,0.4,0.9,0.2,205.1547779257654,1.800082253299345,85.79290843362881
Warrington,M1/M6 Junction,61,30,4.0,128.75555691220242,164.40083481640153,0.8038999999999987,1.3845,53.39,-2.597,52.5861,-1.2125,1.6094379124341003,292.0,498.0,61.425,7.875,7.25,30000.0,13.25,2.525,3.75,72.5,18280.5,0.5870000000000001,1.75,0.0,0.25,0.75,0.25,323.76691345819256,3.053231599908696,137.5228970595317
M1/M6 Junction,A1/A14 Junction,30,1,25.0,71.01233467810287,88.46836364021118,0.2528000000000006,0.9624999999999999,52.5861,-1.2125,52.3333,-0.25,3.258096538021482,498.0,259.0,61.68799999999998,8.56,6.92,31200.0,13.14,2.5179999999999993,3.7999999999999994,73.2,21058.32,0.6849600000000002,1.76,0.24,0.36,0.96,0.2,175.78220682214146,1.6371392918258214,73.34874416313423
A1/A14 Junction,Southampton Port,1,51,17.0,178.35424499371462,224.1224028755632,1.4376000000000033,1.1458,52.3333,-0.25,50.8957,-1.3958,2.8903717578961645,259.0,166.0,62.49411764705883,9.094117647058823,3.0,28941.176470588234,12.617647058823529,2.5147058823529407,3.7529411764705882,70.0,16878.235294117647,0.6012941176470586,1.6470588235294117,0.17647058823529413,0.23529411764705882,0.8823529411764706,0.11764705882352941,439.44763433329797,4.060633613042868,188.01096693575423
iPort Doncaster,Stoke-on-Trent,67,53,18.0,95.37580714174061,120.27373520747415,0.4911999999999992,1.1751999999999998,53.4939,-1.0042,53.0027,-2.1794,2.9444389791664403,171.0,375.0,61.43888888888888,7.138888888888889,0.0,31000.0,13.305555555555555,2.519444444444444,3.811111111111111,73.61111111111111,19086.055555555555,0.6095555555555555,1.0555555555555556,0.2222222222222222,0.2777777777777778,0.9444444444444444,0.0,237.4853070760984,2.1691505525488646,103.32527452930188
Stafford,Rugby,52,49,8.0,75.21812410624314,98.51162181592741,0.4358000000000004,0.8515999999999999,52.8066,-2.1167,52.3708,-1.2651,2.1972245773362196,411.0,393.0,62.762499999999996,13.5625,2.75,32500.0,13.4375,2.5187500000000003,3.8375000000000004,76.875,21269.625,0.6432500000000001,1.125,0.5,0.75,1.0,0.125,196.86650500919868,1.732379005766489,83.28836131479429
Rugby,Hopwood Park,49,21,20.0,54.307127031246765,68.67395356481305,0.016899999999999693,0.7993000000000001,52.3708,-1.2651,52.3539,-2.0644,3.044522437723423,393.0,295.0,62.549999999999976,4.590000000000001,0.0,33400.0,13.7,2.519999999999999,3.8649999999999993,77.75,21952.7,0.65805,1.15,0.3,0.2,0.9,0.0,137.92397130928634,1.2304964886461711,58.78015701878714
Chester,M62 J26 Chain Bar,9,34,9.0,100.83990589845209,125.14445667440837,0.5362000000000009,1.2285000000000001,53.1935,-2.8938,53.7297,-1.6653,2.302585092994046,179.0,309.0,60.82222222222222,11.855555555555556,0.0,31555.555555555555,12.555555555555555,2.511111111111111,3.7777777777777777,72.22222222222223,21114.11111111111,0.6644444444444444,0.3333333333333333,0.0,0.1111111111111111,1.0,0.0,245.8842774118563,2.168699881152596,108.0461344719817
M62 J26 Chain Bar,iPort Doncaster,34,67,14.0,50.88553026966675,64.14596620788929,0.23580000000000467,0.6611,53.7297,-1.6653,53.4939,-1.0042,2.70805020110221,309.0,175.0,61.67857142857143,6.9071428571428575,1.0,31714.285714285714,13.178571428571429,2.517857142857143,3.807142857142857,74.64285714285714,19880.428571428572,0.6286428571428572,0.21428571428571427,0.07142857142857142,0.42857142857142855,1.0,0.07142857142857142,125.45813371713531,1.0795786051338767,55.11620340774631
M1/M6 Junction,Peterborough,30,44,9.0,65.7048611655402,83.29079839274796,0.016600000000003945,0.972,52.5861,-1.2125,52.5695,-0.2405,2.302585092994046,498.0,291.0,62.67777777777777,7.022222222222222,6.222222222222222,28888.88888888889,12.055555555555555,2.5055555555555555,3.755555555555555,67.77777777777777,19998.333333333332,0.6724444444444445,1.0,0.1111111111111111,0.3333333333333333,0.8888888888888888,0.1111111111111111,174.0873842352595,1.4735830216256571,70.42038837157023
Peterborough,Dover Port,44,14,9.0,192.57341790456167,237.34165133753635,1.441600000000001,1.5538999999999998,52.5695,-0.2405,51.1279,1.3134,2.302585092994046,291.0,180.0,60.233333333333334,8.122222222222222,10.11111111111111,35333.333333333336,14.0,2.5222222222222226,3.888888888888889,79.44444444444444,21556.88888888889,0.6172222222222223,1.3333333333333333,0.2222222222222222,0.2222222222222222,1.0,0.3333333333333333,473.9318102959942,4.4480914976422365,205.59549473233267
East Midlands Gateway,Watford Gap,15,62,6.0,59.97289232177376,76.31575575164551,0.5245999999999995,0.20609999999999995,52.8313,-1.3283,52.3067,-1.1222,1.9459101490553132,156.0,391.0,62.35,7.683333333333334,9.333333333333334,34333.333333333336,13.916666666666666,2.525,3.85,78.33333333333333,20245.5,0.6031666666666666,0.8333333333333334,0.16666666666666666,0.0,0.8333333333333334,0.16666666666666666,150.1619987880563,1.3190410868670197,62.962509971479996
Nottingham Hub,Woodall Services,41,65,12.0,41.362423287000546,51.396342503702016,0.3710000000000022,0.04500000000000015,52.9548,-1.1581,53.3258,-1.2031,2.5649493574615367,154.0,391.0,61.975,15.574999999999998,2.0,35333.333333333336,14.458333333333334,2.529166666666667,3.891666666666667,82.08333333333333,22184.75,0.6264166666666666,0.4166666666666667,0.25,0.16666666666666666,0.9166666666666666,0.08333333333333333,101.37187610197043,0.8704465276751954,42.22841015127381
Woodall Services,Stafford,65,52,6.0,84.0185270376832,103.07953673851561,0.5191999999999979,0.9135999999999997,53.3258,-1.2031,52.8066,-2.1167,1.9459101490553132,391.0,411.0,61.199999999999996,12.4,4.0,31000.0,13.166666666666666,2.5166666666666666,3.816666666666667,73.33333333333333,20939.333333333332,0.6880000000000001,0.6666666666666666,0.3333333333333333,0.16666666666666666,1.0,0.16666666666666666,201.79454847704187,1.8195403056402393,86.01069923052232
Stafford,Wolverhampton,52,64,15.0,24.532294980459817,30.88948229791718,0.22050000000000125,0.012199999999999989,52.8066,-2.1167,52.5861,-2.1289,2.772588722239781,411.0,363.0,61.72,13.306666666666668,6.0,34933.333333333336,13.666666666666666,2.52,3.859999999999999,79.0,22566.4,0.6364666666666667,0.8,0.26666666666666666,0.4666666666666667,1.0,0.26666666666666666,61.8345152987429,0.5457024600737559,25.85889703531135
Wolverhampton,A1/A14 Junction,64,1,11.0,130.36420575556284,160.666382734721,0.2528000000000006,1.8788999999999998,52.5861,-2.1289,52.3333,-0.25,2.4849066497880004,363.0,259.0,63.036363636363646,5.936363636363637,2.1818181818181817,30363.636363636364,12.909090909090908,2.518181818181818,3.763636363636364,72.27272727272727,18652.636363636364,0.6118181818181818,1.0,0.36363636363636365,0.36363636363636365,0.9090909090909091,0.09090909090909091,323.38828063219125,2.8440740763143775,134.70985244639857
A1/A14 Junction,Tilbury Port,1,58,25.0,106.26197036177308,133.95211230974022,0.8787999999999982,0.6084,52.3333,-0.25,51.4545,0.3584,3.258096538021482,259.0,183.0,62.62000000000001,5.867999999999999,4.24,30240.0,13.08,2.5199999999999996,3.7719999999999994,72.2,18192.32,0.5998800000000001,0.88,0.2,0.2,0.96,0.16,263.237772256358,2.340319836721792,114.46321857668428
iPort Doncaster,Leicester Forest East,67,26,23.0,98.14299887897434,122.84896485086047,0.8771999999999949,0.1625000000000001,53.4939,-1.0042,52.6167,-1.1667,3.1780538303479458,171.0,425.0,63.539130434782614,2.98695652173913,7.521739130434782,30521.739130434784,13.065217391304348,2.5195652173913037,3.77391304347826,72.82608695652173,18300.565217391304,0.6092608695652174,0.9130434782608695,0.13043478260869565,0.13043478260869565,0.9565217391304348,0.21739130434782608,247.65289541955724,2.1474721178979275,104.46046833735394
Leicester Forest East,M6 J10 Walsall,26,33,33.0,54.869702300335284,68.28253113829027,0.0033999999999991815,0.8127,52.6167,-1.1667,52.6133,-1.9794,3.5263605246161616,425.0,302.0,61.333333333333336,6.357575757575757,3.696969696969697,35030.30303030303,14.151515151515152,2.5272727272727264,3.8636363636363633,80.75757575757575,20270.60606060606,0.5773030303030303,0.8181818181818182,0.15151515151515152,0.12121212121212122,0.9090909090909091,0.15151515151515152,136.67434174017274,1.21717455410831,57.24245475924008
London Gateway DC,A1/A14 Junction,29,1,8.0,103.08692501343863,130.97126712048387,0.8247,0.6867,51.5086,0.4367,52.3333,-0.25,2.1972245773362196,153.0,259.0,63.65,0.0,0.0,35500.0,14.5625,2.53125,3.8875,81.875,23355.125,0.669125,0.875,0.25,0.25,1.0,0.0,279.7386758040642,2.2860826707750754,112.50072570854165
A1/A14 Junction,Rugby,1,49,21.0,69.0698299335838,86.22009258648697,0.03750000000000142,1.0151,52.3333,-0.25,52.3708,-1.2651,3.091042453358316,259.0,393.0,62.657142857142844,2.361904761904762,1.1428571428571428,31238.095238095237,13.333333333333334,2.5190476190476185,3.8190476190476184,73.80952380952381,20550.761904761905,0.6505238095238095,1.0952380952380953,0.14285714285714285,0.14285714285714285,0.9523809523809523,0.047619047619047616,174.33451695251281,1.5416656183752375,73.12416206458963
Hopwood Park,Tibshelf Services,21,57,3.0,100.28985752624298,130.8344129699137,0.7877999999999972,0.7255,52.3539,-2.0644,53.1417,-1.3389,1.3862943611198906,295.0,547.0,62.03333333333333,0.0,0.0,36666.666666666664,15.0,2.533333333333333,3.9333333333333336,85.0,18099.333333333332,0.494,1.0,0.0,0.0,1.0,0.0,262.9641694188479,2.318034013697364,108.03611769855229
Tibshelf Services,Doncaster iPort,57,13,23.0,44.59499907702979,55.88353395419894,0.3614000000000033,0.2910999999999999,53.1417,-1.3389,53.5031,-1.0478,3.1780538303479458,547.0,169.0,62.213043478260865,4.047826086956522,10.608695652173912,33652.17391304348,13.804347826086957,2.5239130434782604,3.843478260869565,78.91304347826087,19498.304347826088,0.5900434782608694,0.782608695652174,0.17391304347826086,0.21739130434782608,0.9565217391304348,0.21739130434782608,110.8603169440812,0.9747896845744993,48.33518037954134
Coventry,Milton Keynes,10,38,17.0,65.87913404876609,81.57175127083916,0.3661999999999992,0.7603000000000001,52.4068,-1.5197,52.0406,-0.7594,2.8903717578961645,520.0,277.0,62.04705882352941,4.7176470588235295,3.764705882352941,32000.0,13.235294117647058,2.5176470588235293,3.8176470588235287,74.41176470588235,21551.235294117647,0.6668823529411765,1.1176470588235294,0.11764705882352941,0.23529411764705882,0.8823529411764706,0.17647058823529413,176.03190609073084,1.4791134804569297,66.9716881723214
Milton Keynes,Leicester Forest East,38,26,17.0,69.78286185068352,87.75924718046453,0.5761000000000038,0.4073000000000001,52.0406,-0.7594,52.6167,-1.1667,2.8903717578961645,277.0,425.0,61.72941176470589,5.041176470588234,2.5294117647058822,32941.17647058824,13.5,2.520588235294117,3.829411764705882,76.76470588235294,20506.941176470587,0.6115882352941178,1.0588235294117647,0.11764705882352941,0.11764705882352941,1.0,0.11764705882352941,175.15979238008754,1.5774454628650618,73.17921565536017
Leicester Forest East,Tibshelf Services,26,57,36.0,59.51008208328314,74.39808498632686,0.5249999999999986,0.1721999999999999,52.6167,-1.1667,53.1417,-1.3389,3.6109179126442243,425.0,547.0,62.83611111111111,4.819444444444445,11.916666666666666,34055.555555555555,13.972222222222221,2.5249999999999995,3.8583333333333325,79.44444444444444,21913.055555555555,0.6389444444444446,1.0277777777777777,0.19444444444444445,0.3611111111111111,0.9166666666666666,0.2222222222222222,148.56458097590746,1.3277103882072137,64.14840426866256
Tibshelf Services,Trafford Park DC,57,60,13.0,74.19902468007159,91.41353361122681,0.32509999999999906,0.9751999999999998,53.1417,-1.3389,53.4668,-2.3141,2.6390573296152584,547.0,144.0,61.92307692307691,3.0846153846153848,10.461538461538462,33230.769230769234,13.76923076923077,2.523076923076923,3.8461538461538463,76.92307692307692,22579.53846153846,0.6833076923076923,0.5384615384615384,0.15384615384615385,0.6153846153846154,1.0,0.3076923076923077,181.0312096596204,1.5729541990797284,76.63619247424225
iPort Doncaster,Tibshelf Services,67,57,25.0,45.03341265320295,55.72990765359015,0.3521999999999963,0.3347,53.4939,-1.0042,53.1417,-1.3389,3.258096538021482,171.0,547.0,62.484000000000016,8.94,0.92,35280.0,14.38,2.5299999999999994,3.8719999999999994,81.0,21975.44,0.62712,0.08,0.28,0.32,1.0,0.04,110.57784684343467,0.9055528150149469,47.73977543758938
Tibshelf Services,Derby,57,12,49.0,25.997830739545638,32.58696467118534,0.2190999999999974,0.13569999999999993,53.1417,-1.3389,52.9226,-1.4746,3.912023005428146,547.0,391.0,62.112244897959194,8.057142857142857,7.918367346938775,32204.081632653062,13.571428571428571,2.522448979591836,3.822448979591838,75.91836734693878,21334.326530612245,0.6645510204081632,0.02040816326530612,0.20408163265306123,0.3673469387755102,0.9795918367346939,0.24489795918367346,64.62427848075154,0.5282681836098181,27.88133801383538
Glasgow Central,Warrington,19,61,20.0,294.9985182524789,373.8084260938989,2.474199999999996,1.6548000000000003,55.8642,-4.2518,53.39,-2.597,3.044522437723423,155.0,292.0,61.910000000000004,0.5,0.0,33200.0,13.85,2.5249999999999995,3.84,77.0,21120.95,0.6269,2.4,0.05,0.25,0.95,0.0,735.035785292114,6.879388822491987,308.283070708854
Warrington,M6 J10 Walsall,61,33,38.0,95.74309152292254,120.36801536904795,0.7766999999999982,0.6175999999999999,53.39,-2.597,52.6133,-1.9794,3.6635616461296463,292.0,302.0,62.10526315789471,5.465789473684209,3.526315789473684,31842.105263157893,13.486842105263158,2.522368421052631,3.810526315789474,74.86842105263158,19681.552631578947,0.6058684210526316,1.8421052631578947,0.18421052631578946,0.3157894736842105,0.9736842105263158,0.07894736842105263,242.4622078145124,2.1922780257926506,100.00570054468909
M6 J10 Walsall,Peterborough,33,44,23.0,117.56156652937305,147.65022426876155,0.0438000000000045,1.7389000000000001,52.6133,-1.9794,52.5695,-0.2405,3.1780538303479458,302.0,291.0,62.46956521739131,1.308695652173913,2.739130434782609,31826.08695652174,13.434782608695652,2.5217391304347823,3.8086956521739124,74.34782608695652,19937.82608695652,0.6108695652173912,2.217391304347826,0.08695652173913043,0.30434782608695654,0.9565217391304348,0.043478260869565216,290.51542230003486,2.6906060182838774,122.19344677244983
Grimsby Port,Hull Port,20,22,8.0,23.73905198087505,29.3625,0.158299999999997,0.24169999999999997,53.575,-0.075,53.7333,-0.3167,2.1972245773362196,143.0,151.0,63.625,4.375,0.0,33750.0,13.4375,2.51875,3.8375000000000004,76.25,22370.875,0.6361249999999999,0.0,0.25,0.25,1.0,0.0,64.945,0.46125000000000005,23.9775
Birmingham Central,Derby,2,12,5.0,56.03161459459498,69.36153862032847,0.4364000000000061,0.41580000000000017,52.4862,-1.8904,52.9226,-1.4746,1.791759469228055,161.0,391.0,60.28000000000001,8.6,14.0,30800.0,13.4,2.5200000000000005,3.8200000000000003,74.0,19465.4,0.632,0.6,0.2,0.4,1.0,0.4,151.59237386387824,1.2156569876509056,58.11234547759703
Derby,Peterborough,12,44,8.0,91.8793851240221,114.39036758582597,0.35310000000000485,1.2341,52.9226,-1.4746,52.5695,-0.2405,2.1972245773362196,391.0,291.0,60.8375,12.587499999999999,8.5,30250.0,12.875,2.5125,3.8125000000000004,72.5,19164.5,0.63925,1.875,0.5,0.25,0.875,0.25,232.84953370902713,2.130191428974747,98.65097053207202
Peterborough,Edinburgh Hub,44,16,1.0,422.07763655983564,545.3796085409263,3.383800000000001,2.9478,52.5695,-0.2405,55.9533,-3.1883,0.6931471805599453,291.0,153.0,62.1,0.0,43.0,26000.0,12.0,2.5,3.8,65.0,14142.0,0.544,2.0,0.0,0.0,1.0,1.0,1166.4533156358966,9.885699625283593,510.50197166071223
East Midlands Gateway,M1/M6 Junction,15,30,24.0,28.35918062347359,35.251698959668936,0.24519999999999698,0.11580000000000013,52.8313,-1.3283,52.5861,-1.2125,3.2188758248682006,156.0,498.0,61.34166666666667,6.020833333333333,2.5,33333.333333333336,13.8125,2.522916666666666,3.854166666666666,77.29166666666667,21664.958333333332,0.6574166666666666,0.0,0.25,0.375,0.9583333333333334,0.125,72.76633447687098,0.5760398460031884,28.997429029597313
London Gateway DC,Northampton,29,40,24.0,122.78929293397083,151.83648412258995,0.731899999999996,1.3394,51.5086,0.4367,52.2405,-0.9027,3.2188758248682006,153.0,363.0,62.708333333333336,9.570833333333331,4.458333333333333,33416.666666666664,13.625,2.5208333333333326,3.8458333333333328,77.08333333333333,22327.333333333332,0.67325,0.9583333333333334,0.16666666666666666,0.3333333333333333,0.9583333333333334,0.16666666666666666,330.3278519432476,2.682290246639882,130.1930670828445
Northampton,Coventry,40,10,41.0,45.82892306773578,57.477750169425356,0.16629999999999967,0.6170000000000001,52.2405,-0.9027,52.4068,-1.5197,3.7376696182833684,363.0,520.0,62.60243902439023,8.78780487804878,8.024390243902438,33414.634146341465,13.731707317073171,2.5219512195121943,3.8512195121951227,77.8048780487805,20451.878048780487,0.6192682926829266,1.0975609756097562,0.21951219512195122,0.2926829268292683,1.0,0.21951219512195122,116.20643410045095,1.0134048390883446,48.38592747320596
Coventry,ProLogis Park DC,10,47,25.0,20.42593525808179,25.64017250940557,0.09630000000000649,0.25669999999999993,52.4068,-1.5197,52.5031,-1.7764,3.258096538021482,520.0,156.0,60.44799999999997,5.364,6.48,31920.0,13.5,2.5219999999999994,3.816,74.6,21723.76,0.6790800000000001,0.16,0.24,0.4,0.96,0.24,51.230486309459046,0.4310936155299315,21.64365476991605
Southampton Port,Hopwood Park,51,21,19.0,168.58353128329415,208.1138806384099,1.458200000000005,0.6686000000000001,50.8957,-1.3958,52.3539,-2.0644,2.995732273553991,171.0,295.0,61.81052631578947,10.373684210526315,9.105263157894736,34736.84210526316,14.052631578947368,2.5263157894736836,3.857894736842104,80.78947368421052,23503.684210526317,0.6780526315789474,1.0,0.2631578947368421,0.47368421052631576,0.9473684210526315,0.21052631578947367,409.28066241284984,3.769415113728772,172.30207410697358
Derby,Hull Port,12,22,19.0,118.48390528153728,146.86528261610218,0.8106999999999971,1.1579,52.9226,-1.4746,53.7333,-0.3167,2.995732273553991,391.0,151.0,62.26315789473686,8.373684210526315,6.684210526315789,33157.89473684211,13.710526315789474,2.5236842105263153,3.831578947368421,77.63157894736842,20845.263157894737,0.6273157894736843,1.0,0.2631578947368421,0.3684210526315789,0.9473684210526315,0.21052631578947367,291.6549826260366,2.6389997366004474,124.02930486237813
Coventry,Rugby,10,49,24.0,17.735408373995657,21.79121746900398,0.03599999999999426,0.25460000000000016,52.4068,-1.5197,52.3708,-1.2651,3.2188758248682006,520.0,393.0,61.85,3.65,4.666666666666667,31666.666666666668,13.083333333333334,2.516666666666666,3.804166666666666,73.54166666666667,20797.541666666668,0.6518750000000001,0.20833333333333334,0.25,0.3333333333333333,1.0,0.16666666666666666,45.015838990240354,0.3643326488797201,18.601790354801075
Hull Port,Tibshelf Services,22,57,22.0,94.4013607694256,116.7188517997252,0.5915999999999997,1.0222,53.7333,-0.3167,53.1417,-1.3389,3.1354942159291497,189.0,547.0,62.62272727272727,7.995454545454544,13.227272727272727,31272.727272727272,13.295454545454545,2.520454545454545,3.8,74.0909090909091,21496.5,0.6877727272727272,0.6363636363636364,0.13636363636363635,0.36363636363636365,0.9090909090909091,0.3181818181818182,229.30463915911153,1.9749304317546885,99.77983019274583
Tibshelf Services,Warrington,57,61,8.0,88.10753699669678,108.43276849189957,0.2483000000000004,1.2581,53.1417,-1.3389,53.39,-2.597,2.1972245773362196,547.0,292.0,64.6875,7.15,4.0,32750.0,13.4375,2.51875,3.8375000000000004,76.25,24526.75,0.7617500000000001,1.125,0.25,0.5,1.0,0.25,212.9784557559291,1.8293973639709389,91.70711931523552
Warrington,Omega Warrington,61,42,26.0,5.760256589980087,6.958917812839662,0.03900000000000148,0.05719999999999992,53.39,-2.597,53.429,-2.6542,3.295836866004329,292.0,178.0,62.023076923076914,9.13076923076923,4.423076923076923,34846.153846153844,14.288461538461538,2.5288461538461533,3.8692307692307684,80.57692307692308,22960.69230769231,0.6467307692307693,0.34615384615384615,0.15384615384615385,0.38461538461538464,0.9230769230769231,0.11538461538461539,13.613123400040621,0.11701718945382382,5.763198752980756
Liverpool Port,Lancaster,27,24,8.0,72.50679592541843,94.28122426739631,0.641600000000004,0.19669999999999987,53.4053,-2.9977,54.0469,-2.801,2.1972245773362196,167.0,125.0,62.8375,19.125,3.125,32250.0,13.5,2.525,3.7875,76.25,23782.125,0.7300000000000001,0.75,0.0,0.375,1.0,0.125,185.209867673995,1.6184421582005948,79.65914226488232
Lancaster,Derby,24,12,3.0,152.7396802046914,200.58427256914874,1.124299999999998,1.3264000000000002,54.0469,-2.801,52.9226,-1.4746,1.3862943611198906,125.0,391.0,62.333333333333336,24.03333333333333,0.0,34000.0,14.333333333333334,2.533333333333333,3.8333333333333335,80.0,24657.666666666668,0.7246666666666667,1.3333333333333333,0.0,0.0,1.0,0.0,395.0586339309836,3.5998370106323083,167.53546766031454
Derby,Grimsby Port,12,20,3.0,118.03756807321413,149.35937539490052,0.6524000000000001,1.3996,52.9226,-1.4746,53.575,-0.075,1.3862943611198906,391.0,166.0,62.26666666666667,22.400000000000002,0.0,26666.666666666668,12.166666666666666,2.5166666666666666,3.6666666666666665,66.66666666666667,15795.0,0.5783333333333333,1.3333333333333333,0.0,0.0,1.0,0.0,293.546742207161,2.687150450356143,120.99051009502027
M1/M6 Junction,M6 J10 Walsall,30,33,13.0,51.88262248167677,64.14516182702484,0.027200000000000557,0.7669000000000001,52.5861,-1.2125,52.6133,-1.9794,2.6390573296152584,498.0,302.0,63.54615384615385,9.753846153846153,0.0,33230.769230769234,13.615384615384615,2.5230769230769234,3.8230769230769233,77.3076923076923,19308.615384615383,0.5628461538461538,0.23076923076923078,0.23076923076923078,0.3076923076923077,1.0,0.0,124.4407810462487,1.0458272663855404,54.778086844437425
M6 J10 Walsall,Stoke-on-Trent,33,53,13.0,45.338179962792125,57.521240671863396,0.38939999999999486,0.19999999999999973,52.6133,-1.9794,53.0027,-2.1794,2.6390573296152584,302.0,375.0,63.23076923076924,7.8307692307692305,2.4615384615384617,31384.615384615383,13.461538461538462,2.523076923076923,3.8,74.61538461538461,19519.153846153848,0.6085384615384616,0.46153846153846156,0.15384615384615385,0.3076923076923077,1.0,0.07692307692307693,113.30307465044595,0.9747010088195951,48.5595369114995
Stoke-on-Trent,Trafford Park DC,53,60,17.0,52.37850802992454,66.62971947981329,0.46410000000000196,0.13470000000000004,53.0027,-2.1794,53.4668,-2.3141,2.8903717578961645,375.0,144.0,62.51764705882353,4.535294117647059,1.1764705882352942,31176.470588235294,13.117647058823529,2.5176470588235293,3.8,73.23529411764706,22011.235294117647,0.6958823529411765,0.35294117647058826,0.23529411764705882,0.35294117647058826,0.9411764705882353,0.058823529411764705,134.28755040587797,1.1151022646827071,55.68476778213172
Hull Port,Woodall Services,22,65,11.0,74.0638660168198,91.35500472007111,0.40749999999999886,0.8864000000000001,53.7333,-0.3167,53.3258,-1.2031,2.4849066497880004,189.0,391.0,62.98181818181818,8.50909090909091,7.545454545454546,37636.36363636364,14.681818181818182,2.5318181818181817,3.9,85.45454545454545,24756.545454545456,0.6803636363636364,0.0,0.2727272727272727,0.18181818181818182,1.0,0.18181818181818182,176.78171523585954,1.4575217163276575,75.56129091373255
Woodall Services,Tibshelf Services,65,57,16.0,22.37750993955073,27.512710828795704,0.18410000000000082,0.13579999999999992,53.3258,-1.2031,53.1417,-1.3389,2.833213344056216,391.0,547.0,63.58749999999999,9.7375,8.5625,34250.0,13.71875,2.5218749999999996,3.8499999999999996,78.75,21148.1875,0.6295000000000001,0.0,0.375,0.25,1.0,0.25,53.29935113789793,0.43453473755021893,23.08857820593773
Tibshelf Services,Sheffield Hub,57,50,27.0,28.013944148131706,34.54113955159976,0.2394000000000034,0.13119999999999998,53.1417,-1.3389,53.3811,-1.4701,3.332204510175204,547.0,164.0,63.744444444444426,7.81111111111111,4.185185185185185,35481.48148148148,14.203703703703704,2.527777777777777,3.8666666666666663,81.29629629629629,20535.88888888889,0.5791481481481481,0.48148148148148145,0.4444444444444444,0.2222222222222222,0.9259259259259259,0.037037037037037035,68.67849462429938,0.5791397596311084,28.801953509004058
Newcastle Hub,Knutsford Services,39,23,5.0,193.81328824986988,233.99880713943085,1.679399999999994,0.7966000000000002,54.9783,-1.6178,53.2989,-2.4144,1.791759469228055,174.0,242.0,64.58,16.5,17.8,26800.0,11.6,2.5,3.7399999999999998,64.0,20425.6,0.767,1.0,0.2,0.4,1.0,0.4,463.08805647580573,4.071800352088485,202.453093274015
Knutsford Services,Wolverhampton,23,64,7.0,81.53576342033644,100.42559332395665,0.7128000000000014,0.2855000000000003,53.2989,-2.4144,52.5861,-2.1289,2.0794415416798357,242.0,363.0,64.25714285714285,13.457142857142857,22.857142857142858,31142.85714285714,12.642857142857142,2.507142857142857,3.8285714285714287,72.14285714285714,23155.571428571428,0.7442857142857143,0.7142857142857143,0.0,0.2857142857142857,1.0,0.42857142857142855,201.64149654495523,1.703441788919504,87.48521330496341
London Gateway DC,Swindon,29,54,15.0,153.39596813410225,189.44567058568973,0.04719999999999658,2.2164,51.5086,0.4367,51.5558,-1.7797,2.772588722239781,153.0,129.0,61.96000000000001,0.43333333333333335,1.2666666666666666,30533.333333333332,13.233333333333333,2.5166666666666666,3.8266666666666658,73.0,20022.533333333333,0.6544666666666668,1.3333333333333333,0.3333333333333333,0.2,1.0,0.06666666666666667,403.35236417955235,3.448675704269753,160.84565957747446
Swindon,Tibshelf Services,54,57,10.0,178.86702056249914,220.7200941435251,1.5859000000000023,0.4408000000000001,51.5558,-1.7797,53.1417,-1.3389,2.3978952727983707,129.0,547.0,62.06999999999999,0.65,0.0,30400.0,13.15,2.5149999999999997,3.8299999999999996,72.5,20171.9,0.6676,1.4,0.4,0.2,1.0,0.0,465.187247299268,4.012934980259855,189.13095667645706
Tibshelf Services,Liverpool Port,57,27,13.0,114.12568555942086,143.08345923964112,0.2635999999999967,1.6588,53.1417,-1.3389,53.4053,-2.9977,2.6390573296152584,547.0,161.0,61.892307692307696,7.984615384615385,11.76923076923077,33230.769230769234,14.076923076923077,2.523076923076923,3.892307692307692,77.6923076923077,22857.53846153846,0.6929230769230768,1.1538461538461537,0.23076923076923078,0.3076923076923077,0.9230769230769231,0.15384615384615385,284.41164903679396,2.5693251949070635,120.0524282476794
DIRFT Daventry,Milton Keynes,11,38,21.0,36.475789459537744,45.83308084788197,0.21679999999999922,0.4012000000000001,52.2574,-1.1606,52.0406,-0.7594,3.091042453358316,163.0,277.0,61.2952380952381,5.671428571428571,3.380952380952381,34285.71428571428,14.285714285714286,2.5285714285714285,3.8714285714285714,79.28571428571429,20661.666666666668,0.5968571428571428,0.7142857142857143,0.2857142857142857,0.2857142857142857,0.9523809523809523,0.09523809523809523,93.08251872671647,0.8095237616329967,38.345933815553636
Milton Keynes,Tamworth,38,55,3.0,91.39936811025393,113.37819610796674,0.5930000000000035,0.9316000000000001,52.0406,-0.7594,52.6336,-1.691,1.3862943611198906,277.0,449.0,65.43333333333334,0.0,0.0,30000.0,12.833333333333334,2.5166666666666666,3.766666666666667,70.0,20472.333333333332,0.6946666666666667,1.0,0.0,0.3333333333333333,1.0,0.0,221.32605685568828,1.966147687781169,90.64042272591043
Peterborough,Grimsby Port,44,20,11.0,112.3519235199748,139.11577810796322,1.005500000000005,0.16549999999999998,52.5695,-0.2405,53.575,-0.075,2.4849066497880004,291.0,166.0,63.49090909090909,8.899999999999999,7.545454545454546,31636.363636363636,13.045454545454545,2.5136363636363637,3.8272727272727276,73.18181818181819,18056.363636363636,0.5747272727272728,0.9090909090909091,0.0,0.36363636363636365,0.8181818181818182,0.18181818181818182,275.19839028553747,2.4781147097639473,114.04195518533669
M1/M6 Junction,London Gateway DC,30,29,7.0,164.53622603893652,207.29600544907998,1.0775000000000006,1.6492,52.5861,-1.2125,51.5086,0.4367,2.0794415416798357,498.0,172.0,57.72857142857142,4.6571428571428575,6.571428571428571,31428.571428571428,13.642857142857142,2.5214285714285714,3.842857142857143,75.0,21195.285714285714,0.6515714285714286,1.5714285714285714,0.2857142857142857,0.0,0.8571428571428571,0.2857142857142857,425.7593789853309,4.058563542262346,180.23929433366425
York,Wetherby Services,66,63,26.0,19.53717292482764,24.271884141960825,0.01559999999999917,0.2974000000000001,53.96,-1.0873,53.9444,-1.3847,3.295836866004329,218.0,280.0,61.776923076923076,8.203846153846156,4.423076923076923,33153.846153846156,13.846153846153847,2.523076923076922,3.857692307692307,76.92307692307692,23093.384615384617,0.6891923076923077,0.038461538461538464,0.11538461538461539,0.19230769230769232,0.9230769230769231,0.19230769230769232,47.03643365674794,0.39697899299881456,20.252496089084573
Wetherby Services,Teesport,63,56,14.0,76.73896115467892,94.99516785920707,0.6788999999999987,0.21240000000000014,53.9444,-1.3847,54.6233,-1.1723,2.70805020110221,280.0,157.0,61.39285714285715,3.9785714285714286,3.7857142857142856,34714.28571428572,14.428571428571429,2.5285714285714285,3.8928571428571423,80.71428571428571,23368.928571428572,0.6699999999999999,0.07142857142857142,0.21428571428571427,0.5714285714285714,0.9285714285714286,0.14285714285714285,185.1088299566517,1.566150577082239,80.19054492754778
M25 J15 (M4),Oxford,31,43,12.0,60.29801460296232,75.5968245182767,0.27840000000000487,0.7494000000000001,51.4736,-0.5083,51.752,-1.2577,2.5649493574615367,96.0,210.0,63.61666666666667,14.541666666666666,4.25,34166.666666666664,13.875,2.5208333333333335,3.883333333333333,77.91666666666667,21880.416666666668,0.65125,1.0,0.25,0.25,0.9166666666666666,0.08333333333333333,158.81823422715283,1.3569871081992788,62.9381437025093
Oxford,Toddington Services,43,59,3.0,54.82937791167043,71.40262527953954,0.20080000000000098,0.7291000000000001,51.752,-1.2577,51.9528,-0.5286,1.3862943611198906,210.0,111.0,64.03333333333333,24.666666666666668,0.0,32666.666666666668,13.5,2.5166666666666666,3.8666666666666667,75.0,20645.333333333332,0.6393333333333334,1.0,0.3333333333333333,0.0,1.0,0.0,154.06685377775344,1.264726479144634,59.31420792074996
Toddington Services,London Gateway DC,59,29,7.0,82.81925795802316,106.45151163306726,0.44420000000000215,0.9652999999999999,51.9528,-0.5286,51.5086,0.4367,2.0794415416798357,111.0,172.0,63.48571428571428,10.571428571428571,6.142857142857143,34857.142857142855,14.285714285714286,2.5285714285714285,3.8714285714285714,80.71428571428571,24420.714285714286,0.704,0.8571428571428571,0.14285714285714285,0.14285714285714285,0.8571428571428571,0.14285714285714285,236.08527774821263,1.8641405723401674,89.70177869858797
Sheffield Hub,Tamworth,50,55,13.0,84.42203618972621,105.08137174828565,0.7475000000000023,0.2209000000000001,53.3811,-1.4701,52.6336,-1.691,2.6390573296152584,179.0,449.0,62.300000000000004,5.407692307692309,11.153846153846153,32000.0,13.23076923076923,2.515384615384615,3.8384615384615377,75.0,19293.076923076922,0.6086923076923078,0.6923076923076923,0.07692307692307693,0.23076923076923078,1.0,0.3076923076923077,214.76479289269685,1.8316602508803788,90.02165535553924
Tamworth,Watford Gap,55,62,15.0,52.96928579668136,65.90715091538438,0.32690000000000197,0.5688,52.6336,-1.691,52.3067,-1.1222,2.772588722239781,449.0,391.0,63.14666666666667,4.126666666666667,3.6666666666666665,34000.0,13.8,2.52,3.88,79.66666666666667,20501.466666666667,0.6195333333333334,1.1333333333333333,0.06666666666666667,0.2,0.9333333333333333,0.13333333333333333,135.5440731267313,1.1741175522993281,56.94846924556301
Watford Gap,London Gateway DC,62,29,12.0,138.96144320469276,175.2600466657121,0.798099999999998,1.5589,52.3067,-1.1222,51.5086,0.4367,2.5649493574615367,391.0,172.0,60.81666666666667,14.358333333333334,2.25,30166.666666666668,13.0,2.516666666666667,3.7916666666666665,72.5,21287.333333333332,0.6916666666666668,1.4166666666666667,0.16666666666666666,0.16666666666666666,1.0,0.08333333333333333,373.31320618260924,3.240396183069647,148.1097705680239
Southampton Port,Portsmouth Port,51,45,1.0,22.65768109991909,26.1,0.09319999999999595,0.2869999999999999,50.8957,-1.3958,50.8025,-1.1088,0.6931471805599453,171.0,154.0,65.7,18.7,0.0,32000.0,12.0,2.5,3.8,70.0,18643.0,0.583,0.0,0.0,0.0,1.0,0.0,58.8,0.4,21.68
Bristol DC,Bristol Port,3,4,8.0,10.706375049914184,13.2375,0.05579999999999785,0.12600000000000033,51.4545,-2.5879,51.5103,-2.7139,2.1972245773362196,160.0,167.0,62.400000000000006,13.4125,0.0,33500.0,13.4375,2.51875,3.8375000000000004,76.875,19685.25,0.589125,0.0,0.375,0.375,1.0,0.0,66.38,0.21249999999999997,11.29625
Leeds Central,Stoke-on-Trent,25,53,14.0,98.08908836702948,124.47396138333272,0.7981000000000051,0.6302999999999999,53.8008,-1.5491,53.0027,-2.1794,2.70805020110221,177.0,375.0,63.9,3.142857142857143,1.6428571428571428,33142.857142857145,13.321428571428571,2.517857142857143,3.8285714285714283,76.42857142857143,21500.714285714286,0.6349285714285714,0.8571428571428571,0.35714285714285715,0.42857142857142855,1.0,0.07142857142857142,248.06436651126822,2.140852292181443,105.09522366606859
Stoke-on-Trent,Peterborough,53,44,17.0,138.99847011110526,176.43045635186954,0.43319999999999936,1.9388999999999998,53.0027,-2.1794,52.5695,-0.2405,2.8903717578961645,375.0,291.0,63.6470588235294,6.641176470588234,3.2941176470588234,33529.41176470588,13.617647058823529,2.520588235294117,3.8470588235294114,77.3529411764706,21378.647058823528,0.6298823529411766,1.0588235294117647,0.17647058823529413,0.4117647058823529,1.0,0.17647058823529413,353.9573423008135,3.0697693433788604,147.11939384520048
Peterborough,Tilbury Port,44,58,20.0,130.58110095179157,164.26758874328283,1.1149999999999949,0.5989,52.5695,-0.2405,51.4545,0.3584,3.044522437723423,291.0,183.0,61.895,3.995,3.55,32200.0,13.15,2.5149999999999997,3.829999999999999,74.0,20347.75,0.6409,1.25,0.25,0.4,0.9,0.1,322.9362961014349,2.987063614368715,137.93410517279423
Stoke-on-Trent,Manchester Central,53,37,23.0,53.328448200910415,67.16352983810295,0.47810000000000485,0.06320000000000014,53.0027,-2.1794,53.4808,-2.2426,3.1780538303479458,375.0,188.0,61.84782608695652,9.730434782608695,3.0,31304.347826086956,13.326086956521738,2.5195652173913037,3.813043478260869,73.69565217391305,19337.260869565216,0.6311739130434783,0.2608695652173913,0.13043478260869565,0.21739130434782608,1.0,0.08695652173913043,135.82480230249118,1.1255473083409269,56.82122346645199
Dover Port,Northampton,14,40,16.0,196.57290695177366,244.8262433840861,1.1126000000000005,2.2161,51.1279,1.3134,52.2405,-0.9027,2.833213344056216,168.0,363.0,62.474999999999994,11.806249999999999,4.5625,36250.0,14.84375,2.534375,3.8999999999999995,83.75,22759.875,0.616,1.0,0.0625,0.3125,0.9375,0.1875,497.60352962023467,4.401104088917503,209.42669159351902
Hopwood Park,Nottingham Hub,21,41,11.0,90.56219776167495,111.89025784410859,0.6008999999999958,0.9063000000000001,52.3539,-2.0644,52.9548,-1.1581,2.4849066497880004,295.0,178.0,63.145454545454534,3.7454545454545456,1.4545454545454546,35818.181818181816,14.454545454545455,2.527272727272728,3.909090909090909,82.27272727272727,22790.909090909092,0.6358181818181818,1.0,0.09090909090909091,0.18181818181818182,1.0,0.09090909090909091,226.5939715536314,1.9972485666759192,97.69531836982593
iPort Doncaster,Wolverhampton,67,64,2.0,125.8679086855834,155.78605240721083,0.9077999999999946,1.1246999999999998,53.4939,-1.0042,52.5861,-2.1289,1.0986122886681098,171.0,363.0,62.35,0.0,0.0,42000.0,16.5,2.55,4.0,95.0,28993.5,0.6895,1.0,0.0,0.0,0.5,0.0,378.1798421822291,2.839722136399158,139.5491386510682
Wolverhampton,London Central,64,28,3.0,181.96242957766128,221.8536124519626,1.0787000000000049,2.0010999999999997,52.5861,-2.1289,51.5074,-0.1278,1.3862943611198906,363.0,156.0,61.4,12.866666666666667,0.0,36666.666666666664,15.0,2.533333333333333,3.9333333333333336,85.0,26000.0,0.7163333333333334,1.0,0.0,0.0,0.6666666666666666,0.0,534.3318825707958,4.11816038529405,196.85179106477042
Bristol DC,Hopwood Park,3,21,12.0,106.26134964483101,131.1408014952478,0.8994,0.5234999999999999,51.4545,-2.5879,52.3539,-2.0644,2.5649493574615367,160.0,295.0,63.6,2.058333333333333,1.6666666666666667,35000.0,14.458333333333334,2.529166666666667,3.891666666666667,81.25,22105.583333333332,0.6426666666666666,0.6666666666666666,0.4166666666666667,0.4166666666666667,0.8333333333333334,0.08333333333333333,282.79365521617916,2.2646992903873517,107.62282943695982
Hopwood Park,Wolverhampton,21,64,15.0,26.186543016263713,32.768536818328826,0.23219999999999885,0.06449999999999978,52.3539,-2.0644,52.5861,-2.1289,2.772588722239781,295.0,363.0,63.64666666666667,9.24,4.133333333333334,31733.333333333332,13.366666666666667,2.5166666666666666,3.846666666666666,73.66666666666667,20401.733333333334,0.6540666666666668,0.5333333333333333,0.3333333333333333,0.3333333333333333,0.8666666666666667,0.2,68.82266558817841,0.5598087898579648,27.30031855332972
Portsmouth Port,Watford Gap,45,62,19.0,167.26220458513777,208.89230183609413,1.5041999999999973,0.013400000000000079,50.8025,-1.1088,52.3067,-1.1222,2.995732273553991,168.0,391.0,63.30526315789475,3.9,11.736842105263158,33789.47368421053,14.157894736842104,2.5263157894736836,3.8736842105263154,79.73684210526316,21818.315789473683,0.6387894736842105,0.9473684210526315,0.21052631578947367,0.21052631578947367,0.8947368421052632,0.3157894736842105,412.89761900072864,3.6911252812672792,179.49462451690204
Watford Gap,Leicester Forest East,62,26,43.0,34.602066931011244,43.257216771094704,0.3100000000000023,0.044499999999999984,52.3067,-1.1222,52.6167,-1.1667,3.784189633918261,391.0,425.0,63.09302325581396,7.774418604651163,11.279069767441861,34093.023255813954,13.86046511627907,2.5232558139534875,3.8581395348837217,79.30232558139535,21730.60465116279,0.6372325581395348,0.8837209302325582,0.23255813953488372,0.3023255813953488,0.9069767441860465,0.23255813953488372,85.2960824879849,0.7630815446799559,36.92590233992515
Cardiff Bay,Reading,6,48,11.0,152.48605450836794,188.1427902204082,0.02729999999999677,2.201,51.4816,-3.1791,51.4543,-0.9781,2.4849066497880004,186.0,130.0,62.72727272727272,6.127272727272728,11.909090909090908,27636.363636363636,12.681818181818182,2.5136363636363637,3.772727272727273,67.72727272727273,15941.90909090909,0.5862727272727273,1.7272727272727273,0.0,0.18181818181818182,0.7272727272727273,0.36363636363636365,370.60833100891364,3.3838264525119546,157.88469088109724
Reading,Milton Keynes,48,38,11.0,66.90958715918278,81.67487513422299,0.5862999999999943,0.2187,51.4543,-0.9781,52.0406,-0.7594,2.4849066497880004,130.0,277.0,63.972727272727276,3.1636363636363636,5.909090909090909,26363.636363636364,12.272727272727273,2.5090909090909093,3.7545454545454544,65.45454545454545,16311.90909090909,0.6384545454545454,1.4545454545454546,0.0,0.18181818181818182,0.8181818181818182,0.2727272727272727,168.36234383223197,1.4360958879478476,68.35676520353458
Milton Keynes,Derby,38,12,7.0,109.37998660854467,131.1392568933547,0.882000000000005,0.7152,52.0406,-0.7594,52.9226,-1.4746,2.0794415416798357,277.0,391.0,62.457142857142856,5.557142857142857,6.285714285714286,29142.85714285714,12.714285714285714,2.5142857142857147,3.771428571428572,70.0,18707.285714285714,0.6415714285714286,1.7142857142857142,0.0,0.2857142857142857,0.7142857142857143,0.2857142857142857,253.91878308641188,2.3495240410820375,108.09084164017024
Derby,Charnock Richard,12,8,9.0,113.16087013464868,137.74681961865036,0.7081999999999979,1.2223,52.9226,-1.4746,53.6308,-2.6969,2.302585092994046,391.0,172.0,61.32222222222223,2.6333333333333333,10.666666666666666,28000.0,12.555555555555555,2.511111111111111,3.7777777777777777,67.77777777777777,16389.555555555555,0.5996666666666666,2.0,0.0,0.1111111111111111,0.6666666666666666,0.4444444444444444,267.98683247076826,2.557721769271334,113.46451127824844
Charnock Richard,Edinburgh Hub,8,16,14.0,260.1631232280441,323.51159533316144,2.322499999999998,0.49140000000000006,53.6308,-2.6969,55.9533,-3.1883,2.70805020110221,172.0,153.0,60.80000000000001,8.592857142857143,6.785714285714286,32142.85714285714,13.642857142857142,2.5214285714285714,3.8428571428571425,76.07142857142857,20099.928571428572,0.6117142857142858,1.7857142857142858,0.07142857142857142,0.07142857142857142,0.7857142857142857,0.2857142857142857,635.1966731980884,6.03308168260845,269.94252761664666
DIRFT Daventry,Coventry,11,10,24.0,29.51890598449093,36.977400971855026,0.14939999999999998,0.3591,52.2574,-1.1606,52.4068,-1.5197,3.2188758248682006,163.0,520.0,61.32916666666666,11.929166666666667,6.625,33166.666666666664,13.729166666666666,2.522916666666666,3.8416666666666663,77.08333333333333,20371.208333333332,0.6088333333333333,0.625,0.20833333333333334,0.3333333333333333,1.0,0.20833333333333334,73.7543573891092,0.6534108649842033,30.817382723629194
Tamworth,M6 J10 Walsall,55,33,17.0,19.59771737127448,24.140391916728127,0.020299999999998875,0.2884,52.6336,-1.691,52.6133,-1.9794,2.8903717578961645,449.0,302.0,62.25882352941176,11.458823529411765,10.058823529411764,29882.352941176472,12.588235294117647,2.511764705882353,3.7764705882352936,69.41176470588235,18664.29411764706,0.6377058823529412,0.7647058823529411,0.29411764705882354,0.11764705882352941,1.0,0.23529411764705882,48.10660877075927,0.4335811608705885,20.537876201991853
M6 J10 Walsall,Stafford,33,52,17.0,23.39970908564372,29.146930589621576,0.1933000000000007,0.13729999999999976,52.6133,-1.9794,52.8066,-2.1167,2.8903717578961645,302.0,411.0,61.57058823529411,12.011764705882355,11.352941176470589,32352.941176470587,13.647058823529411,2.5235294117647054,3.823529411764706,76.17647058823529,19570.235294117647,0.5912941176470587,1.1764705882352942,0.23529411764705882,0.17647058823529413,1.0,0.23529411764705882,59.23130650845213,0.5185453507965574,24.840183754642034
Stafford,Sheffield Hub,52,50,7.0,77.10304128538472,96.75074809770321,0.5745000000000005,0.6465999999999998,52.8066,-2.1167,53.3811,-1.4701,2.0794415416798357,411.0,164.0,62.91428571428571,6.271428571428571,7.142857142857143,28000.0,12.071428571428571,2.507142857142857,3.7428571428571433,67.14285714285714,18863.714285714286,0.6587142857142857,0.42857142857142855,0.14285714285714285,0.2857142857142857,1.0,0.14285714285714285,188.66661216944325,1.6170137652273944,81.93860579770055
Lancaster,Tibshelf Services,24,57,9.0,139.42714436198335,171.3854837361063,0.9052000000000007,1.4621000000000002,54.0469,-2.801,53.1417,-1.3389,2.302585092994046,125.0,547.0,61.088888888888896,4.211111111111111,13.222222222222221,28666.666666666668,12.277777777777779,2.5055555555555555,3.788888888888889,67.77777777777777,17754.777777777777,0.6164444444444445,1.2222222222222223,0.2222222222222222,0.1111111111111111,1.0,0.1111111111111111,341.81730061469585,3.1500811935832305,150.18457659093275
M1/M6 Junction,Cardiff Bay,30,6,11.0,182.14572179088353,226.1858538969731,1.1045000000000016,1.9666000000000001,52.5861,-1.2125,51.4816,-3.1791,2.4849066497880004,498.0,183.0,62.85454545454547,10.090909090909092,7.2727272727272725,28000.0,12.318181818181818,2.5136363636363637,3.7181818181818187,67.72727272727273,17690.636363636364,0.6303636363636363,1.0,0.2727272727272727,0.2727272727272727,1.0,0.18181818181818182,442.3039873716236,4.021053556310246,184.80948442300829
Dover Port,Oxford,14,43,22.0,191.22955645100953,239.8954758902172,0.6241000000000057,2.5711,51.1279,1.3134,51.752,-1.2577,3.1354942159291497,168.0,210.0,62.34090909090909,5.9772727272727275,2.0454545454545454,35272.72727272727,14.5,2.531818181818181,3.872727272727273,81.81818181818181,20760.409090909092,0.5931363636363637,1.5,0.3181818181818182,0.22727272727272727,0.9090909090909091,0.09090909090909091,484.27966980348737,4.334103583367433,200.34725210069018
Oxford,M1/M6 Junction,43,30,23.0,92.79902496198741,116.78964680667222,0.8340999999999994,0.04520000000000013,51.752,-1.2577,52.5861,-1.2125,3.1780538303479458,210.0,498.0,62.71739130434783,5.01304347826087,3.260869565217391,34608.69565217391,14.282608695652174,2.5282608695652167,3.87391304347826,80.65217391304348,20326.695652173912,0.5904782608695652,1.434782608695652,0.30434782608695654,0.2608695652173913,0.9130434782608695,0.13043478260869565,235.5929183241862,2.0889147679747593,98.40912255654655
M1/M6 Junction,Derby,30,12,19.0,41.36633266776276,51.801580937558626,0.3365000000000009,0.2621,52.5861,-1.2125,52.9226,-1.4746,2.995732273553991,498.0,391.0,62.63157894736842,6.34736842105263,3.4210526315789473,32736.842105263157,13.578947368421053,2.521052631578947,3.8368421052631576,76.3157894736842,20141.947368421053,0.6066842105263158,0.5789473684210527,0.2631578947368421,0.3684210526315789,0.9473684210526315,0.15789473684210525,101.06469682572549,0.8805944337269246,43.12067383367563
Tamworth,Bristol Port,55,4,11.0,143.1372439735788,179.20969939327028,1.1233000000000004,1.0229000000000001,52.6336,-1.691,51.5103,-2.7139,2.4849066497880004,449.0,167.0,60.59090909090909,5.236363636363636,1.9090909090909092,32909.09090909091,13.5,2.522727272727273,3.809090909090909,76.36363636363636,21590.909090909092,0.6342727272727273,0.9090909090909091,0.18181818181818182,0.2727272727272727,0.9090909090909091,0.09090909090909091,356.06144183855264,3.2532447561665747,149.4444770253108
Hull Port,Tamworth,22,55,16.0,152.76404773963662,188.00694182343994,1.0996999999999986,1.3743,53.7333,-0.3167,52.6336,-1.691,2.833213344056216,189.0,449.0,60.7875,4.7625,3.75,27375.0,12.09375,2.5093750000000004,3.7249999999999996,65.9375,16239.5625,0.6006250000000001,1.5625,0.1875,0.375,1.0,0.125,369.56919349970303,3.4767021821267265,155.879234803244
Tamworth,Cambridge,55,5,10.0,131.83335131472748,159.86927058770726,0.4283000000000001,1.8128,52.6336,-1.691,52.2053,0.1218,2.3978952727983707,449.0,115.0,59.08,2.84,6.0,28600.0,12.55,2.515,3.7399999999999998,68.5,18095.3,0.6335,2.0,0.1,0.6,1.0,0.2,317.60135483452194,3.1062400948697273,134.10096109070614
Cambridge,Bristol Port,5,4,4.0,209.4993239795724,253.06719451490795,0.6950000000000003,2.8357,52.2053,0.1218,51.5103,-2.7139,1.6094379124341003,115.0,167.0,58.1,2.025,7.0,29000.0,12.625,2.5125,3.7750000000000004,68.75,17958.0,0.60475,2.0,0.25,0.5,1.0,0.25,503.6041410893489,5.006435283965445,215.65090134247257
M62 J26 Chain Bar,Manchester Central,34,37,15.0,47.08185947029017,57.452533509552936,0.248899999999999,0.5772999999999999,53.7297,-1.6653,53.4808,-2.2426,2.772588722239781,309.0,188.0,60.473333333333336,12.193333333333333,1.4666666666666666,33466.666666666664,14.0,2.526666666666666,3.8466666666666662,78.0,21006.666666666668,0.6314000000000001,0.26666666666666666,0.2,0.26666666666666666,0.9333333333333333,0.06666666666666667,112.98335933400672,0.9686724020896249,49.62975731334441
Portsmouth Port,Milton Keynes,45,38,20.0,139.78566171938505,175.25849915431985,1.2380999999999958,0.34940000000000004,50.8025,-1.1088,52.0406,-0.7594,3.044522437723423,168.0,277.0,62.51000000000001,6.295,6.9,32500.0,13.475,2.5174999999999996,3.8549999999999995,76.0,20816.15,0.65075,0.85,0.4,0.25,0.95,0.1,355.0514635842984,3.1309854657996214,145.9831450132068
Milton Keynes,Coventry,38,10,12.0,65.87913404876609,83.80091492312138,0.3661999999999992,0.7603000000000001,52.0406,-0.7594,52.4068,-1.5197,2.5649493574615367,277.0,520.0,61.40833333333333,10.491666666666667,11.5,32500.0,13.125,2.5125,3.8499999999999996,75.41666666666667,20939.25,0.64625,1.0833333333333333,0.3333333333333333,0.25,1.0,0.16666666666666666,164.9768779296592,1.5477821787135415,69.68859512755644
Tibshelf Services,iPort Doncaster,57,67,22.0,45.03341265320295,55.11776624479301,0.3521999999999963,0.3347,53.1417,-1.3389,53.4939,-1.0042,3.1354942159291497,547.0,175.0,62.57272727272728,6.454545454545454,9.636363636363637,32454.545454545456,13.886363636363637,2.524999999999999,3.8454545454545452,77.04545454545455,21673.636363636364,0.6496818181818182,0.5909090909090909,0.13636363636363635,0.2727272727272727,1.0,0.18181818181818182,108.11578959192781,0.9383828948771881,46.61647325852723
Nottingham Hub,Stafford,41,52,17.0,66.40226292961471,84.45708916388877,0.14819999999999567,0.9585999999999999,52.9548,-1.1581,52.8066,-2.1167,2.8903717578961645,154.0,411.0,62.38235294117647,6.176470588235294,4.764705882352941,31647.058823529413,13.264705882352942,2.520588235294117,3.7941176470588234,73.52941176470588,19945.882352941175,0.6160588235294118,0.8823529411764706,0.17647058823529413,0.23529411764705882,0.9411764705882353,0.11764705882352941,168.9925838073567,1.517647549281152,71.27159745813962
Stafford,Wetherby Services,52,63,2.0,135.51405877300988,172.22523580646362,1.1377999999999986,0.7319999999999998,52.8066,-2.1167,53.9444,-1.3847,1.0986122886681098,411.0,280.0,63.1,0.0,0.0,29000.0,13.25,2.525,3.75,70.0,19399.0,0.628,1.5,0.5,0.5,1.0,0.0,342.12091512465247,3.06170936412811,148.4967182452105
Wetherby Services,Newcastle Hub,63,39,16.0,115.94737432051858,143.77762412607981,1.0338999999999956,0.23309999999999986,53.9444,-1.3847,54.9783,-1.6178,2.833213344056216,280.0,156.0,63.28125000000001,4.25,8.5625,26875.0,11.8125,2.5062499999999996,3.7124999999999995,64.6875,16900.9375,0.6483125,0.6875,0.1875,0.1875,0.9375,0.25,283.78484197093917,2.4960326780830546,123.79089616126026
Bristol Port,Cardiff Bay,4,6,9.0,32.36194788584902,41.388888888888886,0.028700000000000614,0.46519999999999984,51.5103,-2.7139,51.4816,-3.1791,2.302585092994046,171.0,183.0,60.300000000000004,11.288888888888888,8.11111111111111,32000.0,13.277777777777779,2.5166666666666666,3.8333333333333335,75.0,20988.777777777777,0.6734444444444445,0.0,0.4444444444444444,0.0,0.8888888888888888,0.2222222222222222,88.36333333333333,0.6888888888888889,34.36888888888889
Edinburgh Hub,Glasgow Central,16,19,9.0,67.01960344897041,82.42222222222222,0.08910000000000196,1.0635000000000003,55.9533,-3.1883,55.8642,-4.2518,2.302585092994046,167.0,169.0,61.34444444444446,0.0,0.0,34222.22222222222,13.777777777777779,2.5222222222222226,3.855555555555555,78.33333333333333,21111.222222222223,0.6128888888888889,0.0,0.1111111111111111,0.5555555555555556,0.7777777777777778,0.0,167.29333333333335,1.3522222222222222,71.30555555555556
M1/M6 Junction,Hopwood Park,30,21,17.0,63.21795194175978,79.06638481506496,0.23219999999999885,0.8519000000000001,52.5861,-1.2125,52.3539,-2.0644,2.8903717578961645,498.0,295.0,62.8529411764706,14.588235294117647,14.647058823529411,33411.76470588235,13.352941176470589,2.5176470588235293,3.835294117647059,76.47058823529412,18950.29411764706,0.5715294117647057,0.7647058823529411,0.11764705882352941,0.29411764705882354,0.8823529411764706,0.29411764705882354,153.58252549287656,1.3601413107674702,65.18336323316687
Birmingham Central,Hopwood Park,2,21,15.0,18.85865742791213,23.44468499456483,0.13229999999999364,0.17399999999999993,52.4862,-1.8904,52.3539,-2.0644,2.772588722239781,161.0,295.0,63.513333333333335,3.6533333333333333,4.333333333333333,35200.0,14.266666666666667,2.5266666666666664,3.886666666666666,81.0,23473.466666666667,0.6730666666666667,0.3333333333333333,0.4,0.4,0.8666666666666667,0.13333333333333333,51.21134952773206,0.38972182981609255,19.77433194967294
Hopwood Park,Tamworth,21,55,15.0,40.079088901294696,49.123942017884495,0.2796999999999983,0.37339999999999995,52.3539,-2.0644,52.6336,-1.691,2.772588722239781,295.0,449.0,64.5,6.413333333333332,4.333333333333333,32000.0,13.4,2.52,3.8199999999999994,75.0,22693.933333333334,0.7014,0.3333333333333333,0.4,0.3333333333333333,0.9333333333333333,0.13333333333333333,109.32911816298405,0.8048535671179938,41.65854792660283
Tamworth,Rugby,55,49,17.0,41.04859518359854,51.734223085533856,0.2627999999999986,0.42590000000000017,52.6336,-1.691,52.3708,-1.2651,2.8903717578961645,449.0,393.0,61.78823529411764,4.758823529411765,1.1176470588235294,30588.235294117647,12.411764705882353,2.505882352941176,3.805882352941176,70.29411764705883,19974.58823529412,0.6512352941176469,0.7647058823529411,0.23529411764705882,0.35294117647058826,1.0,0.058823529411764705,105.97676059864993,0.9249544837139387,44.74007323717939
Rugby,Bristol DC,49,3,23.0,136.42760574146226,171.18717498170483,0.9162999999999997,1.3228,52.3708,-1.2651,51.4545,-2.5879,3.1780538303479458,393.0,175.0,62.39565217391306,4.834782608695652,4.869565217391305,31130.434782608696,12.91304347826087,2.5130434782608693,3.8130434782608686,71.95652173913044,19287.869565217392,0.608608695652174,0.8260869565217391,0.30434782608695654,0.391304347826087,1.0,0.13043478260869565,358.56436566807395,3.0355363470116763,145.53165010453594
Teesport,Wetherby Services,56,63,25.0,76.73896115467892,96.49612045476968,0.6788999999999987,0.21240000000000014,54.6233,-1.1723,53.9444,-1.3847,3.258096538021482,166.0,280.0,61.995999999999995,2.9959999999999996,4.36,33040.0,13.66,2.522,3.8399999999999994,77.0,22056.96,0.6702800000000001,0.72,0.08,0.24,0.96,0.16,189.37195864543358,1.6639562821109366,81.79264802274248
Wetherby Services,Woodall Services,63,65,18.0,69.81945987494426,89.12961814675573,0.6186000000000007,0.18159999999999998,53.9444,-1.3847,53.3258,-1.2031,2.9444389791664403,280.0,391.0,63.09444444444445,9.705555555555556,8.277777777777779,34555.555555555555,13.88888888888889,2.5222222222222217,3.872222222222222,79.44444444444444,21114.277777777777,0.6055555555555555,0.6111111111111112,0.3888888888888889,0.3333333333333333,0.8888888888888888,0.3333333333333333,173.64510933179892,1.4931571588924524,75.08785434187031
East Midlands Gateway,Tamworth,15,55,10.0,32.858398932652456,41.52522384186178,0.19769999999999754,0.3627,52.8313,-1.3283,52.6336,-1.691,2.3978952727983707,156.0,449.0,62.39999999999999,6.409999999999999,4.4,31800.0,13.15,2.515,3.8299999999999996,73.0,20796.8,0.6572,0.4,0.4,0.2,1.0,0.2,82.51670243346749,0.7006927953003996,35.79204208312425
Tamworth,Woodall Services,55,65,13.0,83.6133005138984,107.27877951677458,0.6921999999999997,0.4879,52.6336,-1.691,53.3258,-1.2031,2.6390573296152584,449.0,391.0,62.13076923076922,0.0,1.6923076923076923,31538.46153846154,13.423076923076923,2.519230769230769,3.8307692307692305,73.46153846153847,19183.0,0.6013076923076922,0.6923076923076923,0.46153846153846156,0.23076923076923078,0.9230769230769231,0.07692307692307693,226.20051328499915,1.8669709019844303,93.04364094709084
Woodall Services,M62 J26 Chain Bar,65,34,13.0,54.31727630074182,67.92994051421405,0.40390000000000015,0.46219999999999994,53.3258,-1.2031,53.7297,-1.6653,2.6390573296152584,391.0,309.0,61.092307692307685,3.4923076923076923,0.0,32923.07692307692,14.115384615384615,2.526923076923077,3.861538461538461,77.6923076923077,22163.384615384617,0.6345384615384616,1.3076923076923077,0.23076923076923078,0.38461538461538464,0.9230769230769231,0.0,132.73072820690774,1.2090161239280095,56.68506327798378
Teesport,Tibshelf Services,56,57,25.0,165.1079754936463,204.56816766134224,1.4816000000000003,0.16660000000000008,54.6233,-1.1723,53.1417,-1.3389,3.258096538021482,166.0,547.0,61.25199999999999,8.708,4.04,31680.0,13.12,2.5159999999999996,3.815999999999999,74.0,21235.96,0.68,1.68,0.24,0.32,0.96,0.12,408.9968117278923,3.8003779578781636,170.54819792580508
Tibshelf Services,M1/M6 Junction,57,30,31.0,62.35993559390187,77.02913823453638,0.5555999999999983,0.12640000000000007,53.1417,-1.3389,52.5861,-1.2125,3.4657359027997265,547.0,498.0,61.52258064516128,7.5935483870967735,7.129032258064516,32000.0,13.419354838709678,2.5193548387096767,3.8290322580645153,74.6774193548387,21392.967741935485,0.672225806451613,1.8387096774193548,0.2903225806451613,0.4838709677419355,0.9354838709677419,0.22580645161290322,153.56592219484747,1.426372013045087,64.51436395423846
A1/A14 Junction,Portsmouth Port,1,45,11.0,180.26674141303275,220.11327814302157,1.5307999999999993,0.8588,52.3333,-0.25,50.8025,-1.1088,2.4849066497880004,259.0,154.0,62.38181818181818,3.2,0.0,26000.0,11.909090909090908,2.5090909090909093,3.6999999999999997,63.63636363636363,16642.909090909092,0.641090909090909,1.4545454545454546,0.09090909090909091,0.45454545454545453,0.9090909090909091,0.0,428.89024821371675,3.9472567809966908,179.8002007343283
East Midlands Gateway,Nottingham Hub,15,41,6.0,17.859158193381095,22.666666666666668,0.12349999999999994,0.17020000000000013,52.8313,-1.3283,52.9548,-1.1581,1.9459101490553132,156.0,178.0,61.56666666666667,4.166666666666667,0.0,36333.333333333336,14.666666666666666,2.533333333333333,3.8833333333333333,83.33333333333333,21578.5,0.6201666666666668,0.0,0.3333333333333333,0.16666666666666666,1.0,0.0,53.041666666666664,0.3666666666666667,19.325
Dover Port,Milton Keynes,14,38,9.0,175.51758353738612,219.56937089348446,0.912700000000001,2.0728,51.1279,1.3134,52.0406,-0.7594,2.302585092994046,168.0,277.0,63.699999999999996,10.344444444444445,6.777777777777778,35333.333333333336,14.277777777777779,2.527777777777778,3.8777777777777778,82.22222222222223,21909.333333333332,0.6145555555555555,1.7777777777777777,0.2222222222222222,0.3333333333333333,0.8888888888888888,0.2222222222222222,429.054527101412,3.9279774992170937,185.82146783109633
Milton Keynes,Swindon,38,54,9.0,88.47912099799838,110.6858044829502,0.4847999999999999,1.0203000000000002,52.0406,-0.7594,51.5558,-1.7797,2.302585092994046,277.0,129.0,63.699999999999996,10.344444444444445,6.777777777777778,35333.333333333336,14.277777777777779,2.527777777777778,3.8777777777777778,82.22222222222223,21909.333333333332,0.6145555555555555,1.7777777777777777,0.2222222222222222,0.3333333333333333,0.8888888888888888,0.2222222222222222,216.28811571496274,1.9801092826498246,93.67335058342547
Swindon,DIRFT Daventry,54,11,1.0,88.82513031382756,115.05264284668706,0.7015999999999991,0.6191,51.5558,-1.7797,52.2574,-1.1606,0.6931471805599453,129.0,168.0,62.5,0.0,0.0,26000.0,12.0,2.5,3.8,65.0,18538.0,0.713,1.0,0.0,0.0,1.0,0.0,228.39334264882825,2.029156020447041,105.65206148148948
Nottingham Hub,Tibshelf Services,41,57,35.0,24.040854029146292,30.214365086068764,0.1869000000000014,0.18080000000000007,52.9548,-1.1581,53.1417,-1.3389,3.58351893845611,154.0,547.0,62.3142857142857,5.54,3.742857142857143,31600.0,13.128571428571428,2.515714285714285,3.819999999999999,74.0,19621.6,0.6073142857142857,0.02857142857142857,0.17142857142857143,0.2,0.9714285714285714,0.14285714285714285,59.64338004911402,0.4899092422989132,25.456983275457688
Woodall Services,Grimsby Port,65,20,15.0,79.6740285751392,103.066445201239,0.24920000000000186,1.1281,53.3258,-1.2031,53.575,-0.075,2.772588722239781,391.0,166.0,62.60666666666667,2.6666666666666665,1.6,34133.333333333336,13.966666666666667,2.5233333333333334,3.873333333333333,79.66666666666667,19960.666666666668,0.5923999999999999,0.26666666666666666,0.2,0.13333333333333333,1.0,0.06666666666666667,199.46963939179543,1.6931622005457216,85.00192035135424
Hull Port,M1/M6 Junction,22,30,13.0,140.84909176296011,174.81399461735433,1.147199999999998,0.8957999999999999,53.7333,-0.3167,52.5861,-1.2125,2.6390573296152584,189.0,498.0,61.184615384615384,8.4,14.0,31384.615384615383,13.423076923076923,2.519230769230769,3.8307692307692305,73.84615384615384,21229.69230769231,0.681076923076923,1.0,0.15384615384615385,0.38461538461538464,0.9230769230769231,0.3076923076923077,345.8764446186772,3.1390106317227313,147.40124118960492
Rugby,Frankley Services,49,18,9.0,51.59904147150341,64.84569951688779,0.0519999999999996,0.7557,52.3708,-1.2651,52.4228,-2.0208,2.302585092994046,393.0,300.0,60.94444444444444,8.544444444444444,2.2222222222222223,32222.222222222223,13.0,2.511111111111111,3.8444444444444446,73.88888888888889,20726.88888888889,0.644888888888889,1.0,0.5555555555555556,0.3333333333333333,0.7777777777777778,0.1111111111111111,130.90843686234393,1.1933830703466923,54.78343965185204
Frankley Services,Cardiff Bay,18,6,16.0,131.35177321695554,164.0037048442458,0.941200000000002,1.1583,52.4228,-2.0208,51.4816,-3.1791,2.833213344056216,300.0,183.0,61.90000000000001,6.924999999999999,8.5625,33125.0,13.875,2.525,3.8437499999999996,76.875,18867.125,0.5678125,0.8125,0.3125,0.25,0.8125,0.3125,319.8683831478797,2.9262396919239126,136.3197769707502
Birmingham Central,Watford Gap,2,62,4.0,55.81337403645736,70.83812192074384,0.17949999999999733,0.7682,52.4862,-1.8904,52.3067,-1.1222,1.6094379124341003,161.0,391.0,60.725,14.475000000000001,0.0,29000.0,12.625,2.5125,3.775,68.75,17427.75,0.5680000000000001,0.5,0.25,0.25,1.0,0.0,162.59923148152836,1.2681421178955798,62.44860199234676
Watford Gap,Grimsby Port,62,20,8.0,157.51844663247905,200.34383578981098,1.2683000000000035,1.0472000000000001,52.3067,-1.1222,53.575,-0.075,2.1972245773362196,391.0,166.0,62.099999999999994,12.575000000000001,3.625,28000.0,12.0625,2.50625,3.7500000000000004,66.25,16323.375,0.568625,0.875,0.5,0.25,0.875,0.125,413.0456277023105,3.6005671698965465,169.28880154970767
ProLogis Park DC,M1/M6 Junction,47,30,26.0,39.233240242710934,48.76120980502868,0.08299999999999841,0.5639000000000001,52.5031,-1.7764,52.5861,-1.2125,3.295836866004329,162.0,498.0,61.8653846153846,11.499999999999998,10.615384615384615,25846.153846153848,11.673076923076923,2.5057692307692303,3.6961538461538455,62.88461538461539,16563.03846153846,0.6328846153846155,0.5384615384615384,0.3076923076923077,0.34615384615384615,0.9615384615384616,0.3076923076923077,98.77077281923454,0.8511219020229134,40.79397616748034
M1/M6 Junction,Doncaster iPort,30,13,4.0,102.55851727067548,126.30512880926564,0.9170000000000016,0.16469999999999985,52.5861,-1.2125,53.5031,-1.0478,1.6094379124341003,498.0,169.0,61.849999999999994,5.825,7.0,33000.0,14.25,2.525,3.9,77.5,18379.75,0.5595,0.5,0.0,0.25,1.0,0.25,247.42302049991375,2.1787769880630776,104.28953887785059
Tamworth,Stafford,55,52,15.0,34.52698538787313,42.46839156679819,0.17300000000000182,0.42569999999999975,52.6336,-1.691,52.8066,-2.1167,2.772588722239781,449.0,411.0,64.16666666666667,7.946666666666667,8.0,34000.0,13.833333333333334,2.5233333333333334,3.853333333333333,79.0,23876.866666666665,0.691,0.3333333333333333,0.4666666666666667,0.4,0.9333333333333333,0.26666666666666666,91.13190837133885,0.6901389410993427,35.98995505272469
Derby,Manchester Central,12,37,11.0,80.43055286645185,100.5549151898826,0.5581999999999994,0.768,52.9226,-1.4746,53.4808,-2.2426,2.4849066497880004,391.0,188.0,61.91818181818181,15.890909090909092,3.090909090909091,33090.90909090909,13.681818181818182,2.522727272727273,3.8363636363636364,77.27272727272727,23933.0,0.7261818181818182,0.6363636363636364,0.36363636363636365,0.36363636363636365,1.0,0.18181818181818182,199.8851256608128,1.748116417195999,83.9703364306387
London Gateway DC,M1/M6 Junction,29,30,14.0,164.53622603893652,206.13838874892448,1.0775000000000006,1.6492,51.5086,0.4367,52.5861,-1.2125,2.70805020110221,153.0,498.0,62.96428571428572,8.485714285714286,6.071428571428571,32571.428571428572,13.321428571428571,2.517857142857143,3.8285714285714283,75.0,22092.785714285714,0.692857142857143,1.0,0.35714285714285715,0.21428571428571427,1.0,0.21428571428571427,440.49044171362567,3.5093966555216545,173.91101254344923
M1/M6 Junction,Woodall Services,30,65,13.0,82.25341088194344,104.16308502066195,0.7396999999999991,0.009399999999999853,52.5861,-1.2125,53.3258,-1.2031,2.6390573296152584,498.0,391.0,63.93076923076923,6.315384615384616,1.7692307692307692,32307.69230769231,13.423076923076923,2.519230769230769,3.8307692307692305,74.61538461538461,21308.53846153846,0.6869230769230767,1.8461538461538463,0.3076923076923077,0.15384615384615385,0.9230769230769231,0.07692307692307693,209.703274996503,1.8422818012462905,90.004681643968
Woodall Services,Glasgow Central,65,19,12.0,343.7917327745874,432.17055002652256,2.5383999999999958,3.0487,53.3258,-1.2031,55.8642,-4.2518,2.5649493574615367,391.0,169.0,59.974999999999994,6.591666666666668,4.833333333333333,32666.666666666668,13.75,2.5250000000000004,3.8249999999999997,76.25,21499.75,0.6775000000000001,2.25,0.16666666666666666,0.08333333333333333,0.9166666666666666,0.16666666666666666,877.9529375955076,8.250985875659888,372.05914055725526
Tamworth,Cardiff Bay,55,6,19.0,163.578041094634,202.02892532232042,1.152000000000001,1.4881,52.6336,-1.691,51.4816,-3.1791,2.995732273553991,449.0,183.0,63.915789473684214,7.7368421052631575,3.9473684210526314,33473.68421052631,13.578947368421053,2.5210526315789474,3.8368421052631576,77.63157894736842,21137.21052631579,0.636842105263158,1.368421052631579,0.21052631578947367,0.3684210526315789,0.8947368421052632,0.21052631578947367,392.3428950714421,3.5499545937360293,164.4776162800926
Stafford,M1/M6 Junction,52,30,8.0,65.68012837598575,81.3354835737915,0.22050000000000125,0.9041999999999999,52.8066,-2.1167,52.5861,-1.2125,2.1972245773362196,411.0,498.0,63.31250000000001,3.1125,10.875,23500.0,11.0,2.5,3.65,58.75,17481.25,0.7425,1.0,0.25,0.125,1.0,0.375,163.18324966028027,1.4489043437405,67.95240189242296
M1/M6 Junction,Dover Port,30,14,9.0,237.42498980432407,294.119743001737,1.458200000000005,2.5259,52.5861,-1.2125,51.1279,1.3134,2.302585092994046,498.0,180.0,62.8111111111111,3.0444444444444443,16.11111111111111,30000.0,12.777777777777779,2.511111111111111,3.811111111111111,71.11111111111111,20093.11111111111,0.6661111111111111,1.4444444444444444,0.1111111111111111,0.1111111111111111,1.0,0.4444444444444444,574.5203143557044,5.2637100310306595,247.0906210248602
Nottingham Hub,Stoke-on-Trent,41,53,9.0,68.58441497351966,86.59598283238347,0.0478999999999985,1.0212999999999999,52.9548,-1.1581,53.0027,-2.1794,2.302585092994046,154.0,375.0,61.78888888888888,7.633333333333334,9.333333333333334,27333.333333333332,12.11111111111111,2.511111111111111,3.7111111111111117,66.11111111111111,18113.222222222223,0.665888888888889,0.4444444444444444,0.2222222222222222,0.3333333333333333,1.0,0.3333333333333333,170.73183281962622,1.4636843738713639,74.82898580748159
Stoke-on-Trent,Liverpool Port,53,27,15.0,70.52875524868045,87.30712318321004,0.4025999999999996,0.8183000000000002,53.0027,-2.1794,53.4053,-2.9977,2.772588722239781,375.0,161.0,62.186666666666675,6.253333333333333,11.066666666666666,31066.666666666668,12.933333333333334,2.5133333333333336,3.8133333333333326,73.0,21430.933333333334,0.7066666666666667,0.2,0.3333333333333333,0.4,0.9333333333333333,0.26666666666666666,178.65612068423712,1.4493681147430484,74.73478871956209
Portsmouth Port,Toddington Services,45,59,7.0,134.09583667625182,163.4102101227299,1.1503000000000014,0.5802,50.8025,-1.1088,51.9528,-0.5286,2.0794415416798357,168.0,111.0,64.78571428571429,11.714285714285714,5.285714285714286,32000.0,13.0,2.5142857142857147,3.8142857142857145,73.57142857142857,17427.285714285714,0.5785714285714285,0.7142857142857143,0.14285714285714285,0.14285714285714285,0.8571428571428571,0.14285714285714285,320.11215601564555,2.7328850640383076,137.88934872314397
Toddington Services,A1/A14 Junction,59,1,2.0,46.38473111579818,57.62720529531616,0.38049999999999784,0.27859999999999996,51.9528,-0.5286,52.3333,-0.25,1.0986122886681098,111.0,259.0,66.15,0.0,0.0,44000.0,16.5,2.55,4.0,100.0,18361.5,0.4175,0.5,0.0,0.0,1.0,0.0,129.87794023789507,0.9312773726650296,49.83813960228802
A1/A14 Junction,Leicester Forest East,1,26,1.0,69.62653009706831,83.39577750619218,0.2834000000000003,0.9167000000000001,52.3333,-0.25,52.6167,-1.1667,0.6931471805599453,259.0,425.0,67.0,0.0,0.0,44000.0,16.5,2.55,4.0,100.0,17909.0,0.407,1.0,0.0,0.0,1.0,0.0,167.07175722610108,1.4223824238670022,77.60888941443277
Leicester Forest East,ProLogis Park DC,26,47,9.0,43.107236233190854,54.26507187882357,0.11359999999999815,0.6096999999999999,52.6167,-1.1667,52.5031,-1.7764,2.302585092994046,425.0,156.0,61.8111111111111,6.833333333333333,10.88888888888889,34888.88888888889,13.5,2.516666666666667,3.8666666666666663,78.33333333333333,23483.11111111111,0.69,0.7777777777777778,0.3333333333333333,0.4444444444444444,1.0,0.3333333333333333,110.5568725117875,0.9633540330195292,45.87934412884339
Stoke-on-Trent,M6 J10 Walsall,53,33,28.0,45.338179962792104,56.96580360925727,0.38939999999999486,0.19999999999999973,53.0027,-2.1794,52.6133,-1.9794,3.367295829986474,375.0,302.0,60.82500000000001,4.3500000000000005,7.357142857142857,31142.85714285714,13.107142857142858,2.5178571428571423,3.796428571428571,73.39285714285714,20978.714285714286,0.6610714285714288,0.8928571428571429,0.35714285714285715,0.21428571428571427,0.9642857142857143,0.25,114.3806510881018,1.0379781074957974,48.413752153017874
M6 J10 Walsall,M1/M6 Junction,33,30,24.0,51.88262248167675,65.20382710321964,0.027200000000000557,0.7669000000000001,52.6133,-1.9794,52.5861,-1.2125,3.2188758248682006,302.0,498.0,62.09166666666667,5.075,6.458333333333333,30250.0,13.020833333333334,2.5187499999999994,3.774999999999999,71.875,18973.083333333332,0.6228333333333335,0.8333333333333334,0.4166666666666667,0.3333333333333333,0.9583333333333334,0.16666666666666666,131.22342357096971,1.1607294135671902,55.32721335553097
Magna Park DC,Watford Gap,36,62,7.0,15.410039065041193,18.855507447900646,0.13049999999999784,0.07640000000000002,52.4372,-1.1986,52.3067,-1.1222,2.0794415416798357,149.0,391.0,63.3,15.642857142857142,4.714285714285714,28285.714285714286,11.714285714285714,2.5,3.757142857142857,65.71428571428571,13841.714285714286,0.4992857142857143,0.0,0.14285714285714285,0.0,1.0,0.14285714285714285,42.77638301074547,0.29922870515146677,15.918557211722206
Watford Gap,DIRFT Daventry,62,11,31.0,6.072484548528704,7.504591256858763,0.04930000000000234,0.03839999999999999,52.3067,-1.1222,52.2574,-1.1606,3.4657359027997265,391.0,168.0,61.6967741935484,10.07741935483871,4.032258064516129,32129.032258064515,13.209677419354838,2.5177419354838704,3.812903225806451,75.16129032258064,19241.387096774193,0.5898709677419355,0.3870967741935484,0.0967741935483871,0.2903225806451613,0.967741935483871,0.12903225806451613,15.434038591192447,0.12808004971718992,6.387042409106937
Dover Port,Peterborough,14,44,19.0,192.57341790456167,239.25514683194544,1.441600000000001,1.5538999999999998,51.1279,1.3134,52.5695,-0.2405,2.995732273553991,168.0,291.0,62.36315789473687,4.963157894736842,7.894736842105263,29894.736842105263,12.789473684210526,2.5157894736842104,3.7684210526315787,71.57894736842105,18033.157894736843,0.6212105263157894,1.3157894736842106,0.0,0.3157894736842105,0.9473684210526315,0.3157894736842105,469.18700597178423,4.300776907937983,200.91072492754188
Peterborough,Coventry,44,10,17.0,88.48198371210718,109.72661598320632,0.16270000000000095,1.2792000000000001,52.5695,-0.2405,52.4068,-1.5197,2.8903717578961645,291.0,520.0,62.047058823529426,5.547058823529412,8.235294117647058,28235.29411764706,12.352941176470589,2.511764705882353,3.741176470588235,68.23529411764706,17462.529411764706,0.6331176470588235,1.3529411764705883,0.0,0.23529411764705882,0.9411764705882353,0.29411764705882354,215.15129615444607,1.9770888007304308,92.13083646815328
Coventry,Tibshelf Services,10,57,26.0,82.61728217351987,101.1134577500144,0.7349000000000032,0.18080000000000007,52.4068,-1.5197,53.1417,-1.3389,3.295836866004329,520.0,547.0,63.04615384615385,6.096153846153846,3.269230769230769,30615.384615384617,13.192307692307692,2.5192307692307687,3.796153846153845,73.26923076923077,19542.23076923077,0.6436153846153844,1.3461538461538463,0.11538461538461539,0.15384615384615385,1.0,0.19230769230769232,200.3932815580258,1.8084282401298557,83.45681558653084
Manchester Central,Tibshelf Services,37,57,18.0,70.89552509814692,86.72908054525712,0.33910000000000196,0.9037,53.4808,-2.2426,53.1417,-1.3389,2.9444389791664403,163.0,547.0,62.05555555555557,11.344444444444443,9.666666666666666,35555.555555555555,14.527777777777779,2.5305555555555554,3.888888888888889,82.77777777777777,23253.61111111111,0.6485,0.3333333333333333,0.1111111111111111,0.2777777777777778,1.0,0.2777777777777778,174.21540622873738,1.4452513645110883,74.50492759600219
Tibshelf Services,Manchester Central,57,37,17.0,70.89552509814692,88.88769348864949,0.33910000000000196,0.9037,53.1417,-1.3389,53.4808,-2.2426,2.8903717578961645,547.0,188.0,63.188235294117646,1.9,11.764705882352942,32117.647058823528,13.5,2.520588235294117,3.829411764705882,75.29411764705883,22132.882352941175,0.6672352941176469,0.6470588235294118,0.23529411764705882,0.29411764705882354,1.0,0.35294117647058826,177.40437034408222,1.5082688576237107,75.1820862302556
Trafford Park DC,Stafford,60,52,15.0,74.58254271374439,93.26014971845906,0.6601999999999961,0.19740000000000002,53.4668,-2.3141,52.8066,-2.1167,2.772588722239781,141.0,411.0,63.38000000000001,7.920000000000001,17.0,29333.333333333332,12.233333333333333,2.51,3.7399999999999998,69.0,21028.266666666666,0.7233333333333332,0.7333333333333333,0.13333333333333333,0.3333333333333333,1.0,0.3333333333333333,185.4926324795936,1.6001308617994268,78.67104202474913
Stafford,Frankley Services,52,18,29.0,43.16501322122697,53.13561278691228,0.3838000000000008,0.09589999999999987,52.8066,-2.1167,52.4228,-2.0208,3.4011973816621555,411.0,300.0,62.48275862068966,7.106896551724139,7.931034482758621,34689.65517241379,13.96551724137931,2.524137931034482,3.8655172413793095,80.34482758620689,22807.275862068964,0.664689655172414,0.8275862068965517,0.2413793103448276,0.20689655172413793,0.9655172413793104,0.20689655172413793,106.4728569435573,0.9302665737019837,45.07047653596429
Frankley Services,ProLogis Park DC,18,47,13.0,18.811774304194365,23.575277958006254,0.08030000000000115,0.24439999999999995,52.4228,-2.0208,52.5031,-1.7764,2.6390573296152584,300.0,156.0,62.44615384615385,7.792307692307693,23.076923076923077,30307.69230769231,12.576923076923077,2.511538461538462,3.7769230769230764,70.76923076923077,18950.846153846152,0.6357692307692306,0.6923076923076923,0.23076923076923078,0.38461538461538464,0.9230769230769231,0.38461538461538464,46.35264860349794,0.4120815169594908,19.930253399092084
Frankley Services,Felixstowe Port,18,17,7.0,235.6023421184777,302.06367700662656,0.4661000000000044,3.3719,52.4228,-2.0208,51.9567,1.3511,2.0794415416798357,300.0,160.0,64.2,3.5142857142857147,9.714285714285714,32285.714285714286,13.642857142857142,2.5214285714285714,3.842857142857143,75.71428571428571,21500.285714285714,0.6652857142857141,1.2857142857142858,0.42857142857142855,0.2857142857142857,1.0,0.2857142857142857,595.7918079874695,5.273928719417428,256.50865866670483
Dover Port,Derby,14,12,4.0,276.0256958650945,335.69407380895814,1.794700000000006,2.788,51.1279,1.3134,52.9226,-1.4746,1.6094379124341003,168.0,391.0,61.975,17.25,0.0,25500.0,12.125,2.5125,3.7,63.75,14702.5,0.5710000000000001,2.0,0.25,0.25,1.0,0.0,650.7327437803687,6.087217529243395,275.50457711793473
Derby,Edinburgh Hub,12,16,4.0,354.7251210784712,431.4059261910419,3.030699999999996,1.7137,52.9226,-1.4746,55.9533,-3.1883,1.6094379124341003,391.0,153.0,61.975,17.25,0.0,25500.0,12.125,2.5125,3.7,63.75,14702.5,0.5710000000000001,2.0,0.25,0.25,1.0,0.0,836.2672562196315,7.822782470756606,354.0554228820654
M1/M6 Junction,Coventry,30,10,32.0,28.809445036848043,35.8994658445317,0.1793000000000049,0.30720000000000014,52.5861,-1.2125,52.4068,-1.5197,3.4965075614664802,498.0,520.0,62.92187500000001,4.700000000000001,4.125,32687.5,13.671875,2.523437499999999,3.8281249999999996,76.25,21545.375,0.6687500000000002,0.0625,0.15625,0.25,0.9375,0.1875,77.87032230260807,0.5771150567649381,29.757810832662816
Liverpool Port,Knutsford Services,27,23,30.0,40.48202716372352,50.601648104796546,0.10639999999999361,0.5832999999999999,53.4053,-2.9977,53.2989,-2.4144,3.4339872044851463,167.0,242.0,63.276666666666664,3.74,4.133333333333334,30533.333333333332,12.65,2.511666666666666,3.786666666666666,70.66666666666667,21316.8,0.6958,0.7666666666666667,0.36666666666666664,0.26666666666666666,1.0,0.13333333333333333,100.14973250856471,0.867156701741123,43.76781154888735
Trafford Park DC,Wolverhampton,60,64,1.0,98.7095580427943,131.9234610005616,0.8806999999999974,0.18520000000000003,53.4668,-2.3141,52.5861,-2.1289,0.6931471805599453,141.0,363.0,64.5,0.0,0.0,32000.0,12.0,2.5,3.8,70.0,19241.0,0.601,1.0,0.0,1.0,1.0,0.0,266.97269585245095,2.375061311191475,115.7063140808919
Wolverhampton,Bristol Port,64,4,1.0,126.13462029280454,168.57653899943844,1.075800000000001,0.5850000000000004,52.5861,-2.1289,51.5103,-2.7139,0.6931471805599453,363.0,167.0,64.5,0.0,0.0,32000.0,12.0,2.5,3.8,70.0,19241.0,0.601,1.0,0.0,1.0,1.0,0.0,341.1473041475491,3.0349386888085257,147.85368591910813
Tibshelf Services,Tamworth,57,55,18.0,61.2379788195352,77.5785058158635,0.5080999999999989,0.3521000000000001,53.1417,-1.3389,52.6336,-1.691,2.9444389791664403,547.0,449.0,61.65000000000001,11.377777777777778,3.2222222222222223,30777.777777777777,13.055555555555555,2.5166666666666666,3.7999999999999994,73.05555555555556,19678.38888888889,0.6201666666666665,1.0555555555555556,0.05555555555555555,0.1111111111111111,0.8333333333333334,0.05555555555555555,157.32968307260032,1.4027931242806233,66.00576808619698
Leeds Central,Woodall Services,25,65,6.0,57.548596563345995,72.97283970545497,0.4750000000000014,0.34599999999999986,53.8008,-1.5491,53.3258,-1.2031,1.9459101490553132,177.0,391.0,61.36666666666667,4.716666666666667,0.0,25000.0,11.75,2.5083333333333333,3.6833333333333336,63.333333333333336,17699.0,0.7084999999999999,0.8333333333333334,0.5,0.3333333333333333,0.8333333333333334,0.0,143.2148696902548,1.2746396819697066,62.10902750057577
Woodall Services,Charnock Richard,65,8,2.0,104.50603196603844,132.8972004491903,0.3049999999999997,1.4937999999999998,53.3258,-1.2031,53.6308,-2.6969,1.0986122886681098,391.0,172.0,62.85,0.0,0.0,35000.0,14.25,2.525,3.9,82.5,26240.5,0.7585,1.5,0.5,0.5,0.5,0.0,260.6005322859842,2.413162686245657,110.12931988429412
Charnock Richard,Lancaster,8,24,2.0,46.76967908143015,59.47560441151387,0.41610000000000014,0.1041000000000003,53.6308,-2.6969,54.0469,-2.801,1.0986122886681098,172.0,125.0,62.85,0.0,0.0,35000.0,14.25,2.525,3.9,82.5,26240.5,0.7585,1.5,0.5,0.5,0.5,0.0,116.6267921015907,1.0799648812966947,49.286274213515625
Lancaster,Edinburgh Hub,24,16,3.0,213.41569198660522,269.9926411544547,1.9063999999999979,0.38729999999999976,54.0469,-2.801,55.9533,-3.1883,1.3862943611198906,125.0,153.0,61.0,2.2333333333333334,0.0,36666.666666666664,15.0,2.533333333333333,3.9333333333333336,85.0,26829.333333333332,0.739,1.6666666666666667,0.3333333333333333,0.6666666666666666,0.6666666666666666,0.0,534.1841107258725,5.096300470279366,223.77083940280247
M62 J26 Chain Bar,Stoke-on-Trent,34,53,5.0,87.74016139813475,110.19295247793441,0.7270000000000039,0.5140999999999998,53.7297,-1.6653,53.0027,-2.1794,1.791759469228055,309.0,375.0,63.52,11.24,0.0,37200.0,15.2,2.54,3.9,86.0,22782.4,0.6140000000000001,0.8,0.2,0.6,1.0,0.0,218.96468054214034,1.94373213577216,91.789593324229
Stoke-on-Trent,Knutsford Services,53,23,3.0,36.474018972352674,45.56069273979484,0.296200000000006,0.23500000000000032,53.0027,-2.1794,53.2989,-2.4144,1.3862943611198906,375.0,242.0,65.26666666666667,11.200000000000001,0.0,42666.666666666664,16.5,2.55,4.0,96.66666666666667,28731.333333333332,0.665,1.0,0.3333333333333333,0.3333333333333333,1.0,0.0,89.49122673430507,0.7923608538797963,37.44290260722037
Leeds Central,Derby,25,12,15.0,97.77655788961468,124.75648196381813,0.8781999999999996,0.07450000000000001,53.8008,-1.5491,52.9226,-1.4746,2.772588722239781,177.0,391.0,60.406666666666666,7.3,2.6666666666666665,31200.0,12.933333333333334,2.5133333333333336,3.8133333333333326,72.66666666666667,21282.8,0.6914,0.9333333333333333,0.13333333333333333,0.2,1.0,0.13333333333333333,254.99565758055763,2.309768037733945,106.97187277057641
Derby,Rugby,12,49,13.0,62.964237200867466,80.41208000414403,0.5518000000000001,0.20950000000000002,52.9226,-1.4746,52.3708,-1.2651,2.6390573296152584,391.0,393.0,61.00769230769231,9.607692307692307,5.153846153846154,32153.846153846152,13.23076923076923,2.5153846153846158,3.8384615384615377,74.61538461538461,22159.0,0.6946923076923077,1.0,0.23076923076923078,0.23076923076923078,1.0,0.23076923076923078,165.40643462561485,1.4750482264485387,69.50475659980182
Portsmouth Port,Oxford,45,43,8.0,106.086462724827,132.84716917060524,0.9495000000000005,0.14890000000000003,50.8025,-1.1088,51.752,-1.2577,2.1972245773362196,168.0,210.0,59.150000000000006,7.2375,0.0,34250.0,14.0,2.525,3.8625000000000003,80.0,20718.375,0.617875,1.0,0.375,0.5,0.75,0.0,261.59456321864167,2.5514484708469802,106.95175312573961
Oxford,Northampton,43,40,12.0,59.50826223418286,73.1520716281778,0.4884999999999948,0.3550000000000001,51.752,-1.2577,52.2405,-0.9027,2.5649493574615367,210.0,363.0,60.59166666666667,5.383333333333334,2.9166666666666665,35166.666666666664,14.458333333333334,2.529166666666667,3.891666666666667,80.83333333333333,21691.666666666668,0.6184166666666667,0.5833333333333334,0.16666666666666666,0.25,0.9166666666666666,0.16666666666666666,154.71704768593477,1.2991101882997993,62.885776916064486
Southampton Port,Watford Gap,51,62,21.0,158.0297917129502,198.0098513181612,1.4110000000000014,0.27359999999999984,50.8957,-1.3958,52.3067,-1.1222,3.091042453358316,171.0,391.0,63.171428571428564,8.771428571428572,12.476190476190476,34095.23809523809,13.642857142857142,2.5214285714285714,3.8428571428571416,78.80952380952381,22151.95238095238,0.6558095238095238,0.8095238095238095,0.2857142857142857,0.42857142857142855,0.9047619047619048,0.19047619047619047,389.78834175664934,3.4803668148563456,168.73050581987914
Glasgow Central,Charnock Richard,19,8,6.0,267.62601806458815,347.14973474036856,2.233399999999996,1.5549000000000004,55.8642,-4.2518,53.6308,-2.6969,1.9459101490553132,155.0,172.0,62.916666666666664,0.5333333333333333,7.5,33666.666666666664,13.916666666666666,2.525,3.85,80.0,21179.166666666668,0.6141666666666666,1.5,0.6666666666666666,0.16666666666666666,1.0,0.16666666666666666,676.8968216548344,6.233671365777038,285.7728799495165
Knutsford Services,Hull Port,23,22,4.0,146.85602694538392,186.32771992510396,0.43439999999999657,2.0977,53.2989,-2.4144,53.7333,-0.3167,1.6094379124341003,242.0,151.0,63.325,0.8,11.25,37500.0,14.875,2.5374999999999996,3.875,87.5,18891.5,0.49574999999999997,1.5,0.75,0.0,1.0,0.25,365.50654499646964,3.331728911317376,154.71549633623889
Stoke-on-Trent,Woodall Services,53,65,19.0,74.34083374551993,92.4213609463523,0.3231000000000037,0.9762999999999997,53.0027,-2.1794,53.3258,-1.2031,2.995732273553991,375.0,391.0,62.35263157894736,6.28421052631579,4.842105263157895,33894.73684210526,14.052631578947368,2.5263157894736836,3.857894736842105,79.73684210526316,23088.57894736842,0.689421052631579,0.5789473684210527,0.21052631578947367,0.15789473684210525,0.9473684210526315,0.15789473684210525,183.77209210595396,1.5842675820758638,78.62358291612891
Woodall Services,Hopwood Park,65,21,5.0,122.57816763182272,152.7445367128745,0.971899999999998,0.8613,53.3258,-1.2031,52.3539,-2.0644,1.791759469228055,391.0,295.0,62.120000000000005,4.92,0.0,30800.0,13.4,2.5200000000000005,3.8200000000000003,74.0,22225.6,0.7376,1.0,0.2,0.0,1.0,0.0,304.0417267035763,2.7530668461024637,126.8485569416354
Hopwood Park,Magna Park DC,21,36,5.0,59.471601799436236,75.55996229790698,0.08329999999999416,0.8657999999999999,52.3539,-2.0644,52.4372,-1.1986,1.791759469228055,295.0,153.0,64.06,0.0,9.0,33600.0,14.3,2.53,3.8600000000000003,79.0,22429.8,0.6873999999999999,1.0,0.2,0.2,1.0,0.2,148.11238523807725,1.3477793656961232,61.20621949036026
Glasgow Central,M62 J26 Chain Bar,19,34,16.0,289.47638107283825,364.88387159150625,2.1344999999999956,2.5865,55.8642,-4.2518,53.7297,-1.6653,2.833213344056216,155.0,309.0,61.7,10.3125,2.6875,33125.0,13.4375,2.51875,3.8374999999999995,76.5625,20449.1875,0.6179375,1.875,0.25,0.1875,0.9375,0.125,720.094544937011,6.705126506940701,301.9278685444356
M62 J26 Chain Bar,Tibshelf Services,34,57,30.0,68.86472569805572,85.96409556848621,0.588000000000001,0.3264,53.7297,-1.6653,53.1417,-1.3389,3.4339872044851463,309.0,547.0,61.77333333333333,10.293333333333331,4.866666666666666,32800.0,13.633333333333333,2.5233333333333325,3.823333333333333,77.16666666666667,19663.0,0.6054666666666665,1.1,0.3333333333333333,0.3,0.9666666666666667,0.13333333333333333,169.00992898485032,1.517692850837022,72.21298251104108
Tibshelf Services,Leicester Forest East,57,26,18.0,59.51008208328315,74.06192618909617,0.5249999999999986,0.1721999999999999,53.1417,-1.3389,52.6167,-1.1667,2.9444389791664403,547.0,425.0,61.59444444444445,10.355555555555556,2.388888888888889,33777.77777777778,13.777777777777779,2.5222222222222217,3.855555555555555,78.33333333333333,21735.944444444445,0.6386666666666667,1.7777777777777777,0.16666666666666666,0.16666666666666666,0.9444444444444444,0.1111111111111111,146.47275365819624,1.3637126607594305,61.565064591217265
Leicester Forest East,Northampton,26,40,12.0,45.50018461918808,57.745474869909565,0.3762000000000043,0.2640000000000001,52.6167,-1.1667,52.2405,-0.9027,2.5649493574615367,425.0,363.0,62.974999999999994,13.75,3.5833333333333335,33000.0,13.333333333333334,2.5166666666666666,3.8416666666666663,76.25,21102.666666666668,0.645,2.0,0.16666666666666666,0.16666666666666666,0.9166666666666666,0.16666666666666666,113.60331792924188,1.0407833856948583,47.13316404937774
Northampton,Bristol Port,40,4,17.0,148.49314768696607,181.70972223009355,0.7301999999999964,1.8112000000000004,52.2405,-0.9027,51.5103,-2.7139,2.8903717578961645,363.0,167.0,60.5,6.852941176470588,3.8823529411764706,32823.529411764706,13.617647058823529,2.520588235294117,3.8470588235294114,76.76470588235294,21151.70588235294,0.6545882352941177,1.4705882352941178,0.11764705882352941,0.35294117647058826,0.7647058823529411,0.17647058823529413,360.6622557152452,3.370867879684088,155.483397707904
M62 J26 Chain Bar,Doncaster iPort,34,13,8.0,47.89356639765736,60.40472124002242,0.2265999999999977,0.6174999999999999,53.7297,-1.6653,53.5031,-1.0478,2.1972245773362196,309.0,169.0,62.087500000000006,14.525,8.25,29750.0,12.625,2.5125,3.775,69.375,18826.75,0.6121250000000001,0.375,0.0,0.125,1.0,0.25,117.97540827186694,1.0265587804651175,51.10112974472767
M62 J26 Chain Bar,Hull Port,34,22,6.0,88.71004081938933,110.01046357153768,0.0035999999999987153,1.3486,53.7297,-1.6653,53.7333,-0.3167,1.9459101490553132,309.0,151.0,64.53333333333335,9.433333333333332,7.0,32000.0,13.166666666666666,2.516666666666667,3.816666666666667,74.16666666666667,20608.5,0.6823333333333332,0.8333333333333334,0.16666666666666666,0.0,0.6666666666666666,0.16666666666666666,213.13767932338035,1.860016496093923,90.06385521940452
Manchester Central,Wetherby Services,37,63,9.0,76.45084210034815,95.92471482125629,0.46359999999999957,0.8578999999999999,53.4808,-2.2426,53.9444,-1.3847,2.302585092994046,163.0,280.0,62.300000000000004,7.066666666666666,7.111111111111111,35555.555555555555,14.555555555555555,2.533333333333333,3.8666666666666663,82.22222222222223,19884.666666666668,0.5901111111111111,1.2222222222222223,0.2222222222222222,0.4444444444444444,0.7777777777777778,0.2222222222222222,187.06287980407822,1.712142613232717,78.69666382194913
Wetherby Services,Rugby,63,49,23.0,175.15811788252395,218.56954906629946,1.573599999999999,0.11960000000000015,53.9444,-1.3847,52.3708,-1.2651,3.1780538303479458,280.0,393.0,60.752173913043485,9.98695652173913,3.739130434782609,31217.391304347828,13.26086956521739,2.5217391304347823,3.7826086956521734,73.69565217391305,17851.260869565216,0.5836521739130435,1.3478260869565217,0.17391304347826086,0.30434782608695654,0.8260869565217391,0.13043478260869565,432.96993003146804,4.035238490157775,179.22464087792054
Coventry,Birmingham Central,10,2,26.0,26.629806936620188,33.357443648815405,0.07939999999999969,0.37070000000000003,52.4068,-1.5197,52.4862,-1.8904,3.295836866004329,520.0,180.0,60.93846153846154,8.688461538461537,6.884615384615385,31384.615384615383,13.096153846153847,2.517307692307692,3.7999999999999994,73.46153846153847,21195.96153846154,0.6721923076923078,0.34615384615384615,0.07692307692307693,0.15384615384615385,1.0,0.2692307692307692,79.33241812133325,0.5725125417325955,28.327244807377078
Tamworth,Knutsford Services,55,23,7.0,88.42894553093778,111.26955656538586,0.665300000000002,0.7234,52.6336,-1.691,53.2989,-2.4144,2.0794415416798357,449.0,242.0,62.92857142857143,23.728571428571428,7.428571428571429,39428.57142857143,15.214285714285714,2.5357142857142856,3.942857142857143,88.57142857142857,21112.14285714286,0.5477142857142857,0.5714285714285714,0.5714285714285714,0.42857142857142855,1.0,0.14285714285714285,219.16578710912225,1.88790524490264,95.10728389990109
East Midlands Gateway,Stafford,15,52,8.0,53.05068528167942,66.33032135730448,0.024699999999995725,0.7883999999999998,52.8313,-1.3283,52.8066,-2.1167,2.1972245773362196,156.0,411.0,60.137499999999996,8.649999999999999,2.75,31000.0,13.1875,2.5187500000000003,3.8000000000000003,73.75,16764.0,0.5495,1.0,0.25,0.25,1.0,0.125,130.59610930076906,1.2140553111546308,54.934840182453726
Stafford,Peterborough,52,44,7.0,129.1734370543511,158.66559321735434,0.2371000000000052,1.8761999999999999,52.8066,-2.1167,52.5695,-0.2405,2.0794415416798357,411.0,291.0,61.55714285714286,15.485714285714284,0.0,29142.85714285714,12.714285714285714,2.5142857142857147,3.771428571428572,70.0,16108.42857142857,0.5691428571428572,1.0,0.14285714285714285,0.14285714285714285,1.0,0.0,311.169886188274,2.8362929142933093,131.32027487090065
Peterborough,Portsmouth Port,44,45,11.0,205.39333662607004,257.83107310237847,1.766999999999996,0.8683000000000001,52.5695,-0.2405,50.8025,-1.1088,2.4849066497880004,291.0,154.0,61.26363636363637,0.0,2.727272727272727,33090.90909090909,13.681818181818182,2.522727272727273,3.8363636363636364,77.27272727272727,20954.272727272728,0.6259090909090909,1.5454545454545454,0.09090909090909091,0.36363636363636365,1.0,0.18181818181818182,505.1380204861292,4.719618500627481,214.06274639228258
M25 J15 (M4),Dover Port,31,14,10.0,132.3505746086337,163.44898439210755,0.3457000000000008,1.8216999999999999,51.4736,-0.5083,51.1279,1.3134,2.3978952727983707,96.0,180.0,61.830000000000005,4.4,0.0,29800.0,12.75,2.515,3.7700000000000005,71.0,17288.9,0.5814,0.5,0.2,0.3,0.9,0.0,318.3809132782372,2.802188905061697,138.35925097265059
Stoke-on-Trent,Charnock Richard,53,8,12.0,77.84263977718936,97.73770580677665,0.6281000000000034,0.5175000000000001,53.0027,-2.1794,53.6308,-2.6969,2.5649493574615367,375.0,172.0,60.21666666666667,2.283333333333333,7.333333333333333,38666.666666666664,15.583333333333334,2.541666666666667,3.9416666666666664,88.75,27380.083333333332,0.70375,0.9166666666666666,0.3333333333333333,0.3333333333333333,1.0,0.25,192.65648817577275,1.7570426899830605,83.2526939814375
Charnock Richard,Glasgow Central,8,19,9.0,267.62601806458815,332.9249652980716,2.233399999999996,1.5549000000000004,53.6308,-2.6969,55.8642,-4.2518,2.302585092994046,172.0,169.0,61.75555555555555,0.9666666666666666,0.0,31555.555555555555,13.555555555555555,2.522222222222222,3.822222222222223,74.44444444444444,22575.0,0.7211111111111111,1.6666666666666667,0.2222222222222222,0.3333333333333333,0.8888888888888888,0.0,657.9487502038077,6.108826790322775,281.60739516592673
Cambridge,Dover Port,5,14,6.0,145.27522328109578,190.0537267908061,1.0774000000000044,1.1916,52.2053,0.1218,51.1279,1.3134,1.9459101490553132,115.0,180.0,59.333333333333336,0.0,4.5,32000.0,12.75,2.5083333333333333,3.8333333333333335,73.33333333333333,20156.0,0.6395000000000001,1.6666666666666667,0.5,0.16666666666666666,1.0,0.16666666666666666,378.50956276457737,3.6136572397734343,162.60879851202642
Tilbury Port,London Gateway DC,58,29,7.0,8.098638116723352,10.185714285714285,0.05409999999999826,0.07829999999999998,51.4545,0.3584,51.5086,0.4367,2.0794415416798357,165.0,172.0,64.77142857142857,5.571428571428571,0.0,32000.0,13.642857142857142,2.521428571428572,3.842857142857143,76.42857142857143,22982.571428571428,0.7125714285714285,0.0,0.2857142857142857,0.14285714285714285,1.0,0.0,57.83428571428571,0.15999999999999998,8.745714285714286
ProLogis Park DC,Coventry,47,10,32.0,20.4259352580818,25.218021238388463,0.09630000000000649,0.25669999999999993,52.5031,-1.7764,52.4068,-1.5197,3.4965075614664802,162.0,520.0,62.043749999999996,7.040625,5.03125,30750.0,12.84375,2.5156249999999996,3.7781249999999993,72.03125,19893.6875,0.6356249999999999,0.15625,0.1875,0.3125,1.0,0.1875,50.383819163384175,0.4174403034786005,21.3827955778758
Coventry,M1/M6 Junction,10,30,19.0,28.80944503684804,36.623136427881,0.1793000000000049,0.30720000000000014,52.4068,-1.5197,52.5861,-1.2125,2.995732273553991,520.0,498.0,61.23684210526314,8.626315789473685,5.0,29578.947368421053,12.789473684210526,2.51578947368421,3.7684210526315787,71.3157894736842,18086.157894736843,0.5976315789473684,0.21052631578947367,0.15789473684210525,0.3157894736842105,0.9473684210526315,0.21052631578947367,71.83451044794877,0.6127336373497696,30.37115951476912
Derby,Sheffield Hub,12,50,16.0,50.983827337588316,63.999401348718465,0.4585000000000008,0.0044999999999999485,52.9226,-1.4746,53.3811,-1.4701,2.833213344056216,391.0,164.0,61.76874999999998,6.1375,19.9375,27625.0,12.09375,2.509375,3.7249999999999996,66.5625,17125.125,0.6186875000000001,0.75,0.125,0.375,1.0,0.375,131.45395995149883,1.122960390415178,53.88782077035386
Peterborough,London Gateway DC,44,29,9.0,126.73323290164045,156.49765157281936,1.0608999999999966,0.6772,52.5695,-0.2405,51.5086,0.4367,2.302585092994046,291.0,172.0,63.14444444444445,0.12222222222222223,2.4444444444444446,25333.333333333332,11.61111111111111,2.5055555555555555,3.688888888888889,62.22222222222222,15619.666666666666,0.6246666666666667,1.2222222222222223,0.1111111111111111,0.3333333333333333,1.0,0.1111111111111111,322.79581862120176,2.75999707187934,132.7115739527781
York,Woodall Services,66,65,23.0,70.93181895489171,89.87908006947521,0.6341999999999999,0.11580000000000013,53.96,-1.0873,53.3258,-1.2031,3.1780538303479458,218.0,391.0,62.973913043478255,8.104347826086956,10.521739130434783,30956.521739130436,13.152173913043478,2.5195652173913037,3.78695652173913,73.26086956521739,19098.434782608696,0.6149565217391306,1.0869565217391304,0.2608695652173913,0.17391304347826086,0.8695652173913043,0.21739130434782608,175.16348576520838,1.568830927508105,74.30066564082833
Woodall Services,Doncaster iPort,65,13,16.0,22.239854879910123,27.80902744001389,0.17730000000000246,0.1553,53.3258,-1.2031,53.5031,-1.0478,2.833213344056216,391.0,169.0,63.949999999999996,7.3500000000000005,3.625,33875.0,13.71875,2.521875,3.8499999999999996,78.4375,23642.8125,0.6852500000000001,0.375,0.1875,0.25,0.875,0.125,54.61452843036081,0.45330139695325133,23.62021824812418
Felixstowe Port,Oxford,17,43,7.0,180.6050539005423,222.95851851600239,0.20469999999999544,2.6088,51.9567,1.3511,51.752,-1.2577,2.0794415416798357,160.0,210.0,61.65714285714286,6.485714285714286,0.0,30285.714285714286,13.357142857142858,2.5214285714285714,3.8000000000000003,72.85714285714286,19982.85714285714,0.5935714285714286,2.2857142857142856,0.2857142857142857,0.42857142857142855,1.0,0.0,435.0584536817522,4.145734829185043,182.61711362130018
Oxford,Woodall Services,43,65,7.0,175.0377577516167,216.08564273154147,1.5737999999999985,0.05459999999999998,51.752,-1.2577,53.3258,-1.2031,2.0794415416798357,210.0,391.0,61.65714285714286,6.485714285714286,0.0,30285.714285714286,13.357142857142858,2.5214285714285714,3.8000000000000003,72.85714285714286,19982.85714285714,0.5935714285714286,2.2857142857142856,0.2857142857142857,0.42857142857142855,1.0,0.0,421.6474266842809,4.017939216324183,176.98779411204853
M62 J26 Chain Bar,Teesport,34,56,13.0,104.41503594850612,131.4787359497968,0.8935999999999993,0.4930000000000001,53.7297,-1.6653,54.6233,-1.1723,2.6390573296152584,309.0,157.0,61.81538461538462,4.06923076923077,4.384615384615385,35076.92307692308,14.26923076923077,2.526923076923077,3.8846153846153846,81.15384615384616,22982.76923076923,0.6627692307692308,1.7692307692307692,0.38461538461538464,0.15384615384615385,0.9230769230769231,0.23076923076923078,258.29694779872483,2.425248275682796,111.6012221808303
Liverpool Port,Tibshelf Services,27,57,8.0,114.12568555942086,139.82262125496425,0.2635999999999967,1.6588,53.4053,-2.9977,53.1417,-1.3389,2.1972245773362196,167.0,547.0,61.05,6.199999999999999,9.75,34750.0,14.5625,2.53125,3.8875,81.25,25160.75,0.746125,1.0,0.25,0.0,1.0,0.125,294.6411116339385,2.539769298280874,118.41462016789711
Tibshelf Services,Rugby,57,49,7.0,85.86402607914054,105.53619582823117,0.7708999999999975,0.07380000000000009,53.1417,-1.3389,52.3708,-1.2651,2.0794415416798357,547.0,393.0,60.87142857142857,3.3285714285714283,11.142857142857142,33428.57142857143,14.285714285714286,2.5285714285714285,3.8714285714285714,78.57142857142857,24604.14285714286,0.7584285714285715,1.0,0.2857142857142857,0.0,1.0,0.14285714285714285,224.90149874361325,1.9232606743368084,89.70705880573074
Rugby,London Central,49,28,7.0,123.67160671378875,154.59649733228756,0.8634000000000057,1.1373,52.3708,-1.2651,51.5074,-0.1278,2.0794415416798357,393.0,156.0,65.87142857142857,2.6714285714285713,15.285714285714286,30857.14285714286,13.357142857142858,2.5214285714285714,3.8000000000000003,74.28571428571429,18249.0,0.6212857142857143,1.0,0.14285714285714285,0.14285714285714285,1.0,0.42857142857142855,346.0633151112149,2.6497496601357935,136.92751604097546
London Central,Oxford,28,43,19.0,82.59504508892344,104.37804105716266,0.24460000000000548,1.1299000000000001,51.5074,-0.1278,51.752,-1.2577,2.995732273553991,178.0,210.0,62.121052631578955,4.036842105263158,6.315789473684211,29157.894736842107,12.447368421052632,2.513157894736842,3.7421052631578946,68.42105263157895,18172.947368421053,0.6235263157894737,0.8421052631578947,0.21052631578947367,0.21052631578947367,0.9473684210526315,0.15789473684210525,240.60752658525388,1.85594818446761,87.95529392384832
Peterborough,Hopwood Park,44,21,33.0,125.87006495952805,157.00621809688073,0.2155999999999949,1.8239,52.5695,-0.2405,52.3539,-2.0644,3.5263605246161616,291.0,295.0,62.854545454545466,10.781818181818181,6.696969696969697,29757.575757575756,12.909090909090908,2.5181818181818176,3.7636363636363632,70.75757575757575,17914.0,0.6184545454545455,1.5151515151515151,0.2727272727272727,0.09090909090909091,0.9696969696969697,0.18181818181818182,318.854563846291,2.82685680475659,133.53740567058836
Hopwood Park,ProLogis Park DC,21,47,12.0,25.622870103846314,31.48511586442449,0.14920000000000044,0.28800000000000003,52.3539,-2.0644,52.5031,-1.7764,2.5649493574615367,295.0,156.0,64.25,8.425,11.166666666666666,35166.666666666664,14.458333333333334,2.5291666666666672,3.891666666666666,80.83333333333333,22374.333333333332,0.6489166666666667,0.8333333333333334,0.16666666666666666,0.08333333333333333,0.9166666666666666,0.25,64.20645645802243,0.5439679930406532,27.116675459582584
East Midlands Gateway,Coventry,15,10,22.0,48.9387948705622,60.79607278485263,0.4245000000000019,0.19140000000000001,52.8313,-1.3283,52.4068,-1.5197,3.1354942159291497,156.0,520.0,63.127272727272725,4.604545454545455,3.1818181818181817,31090.909090909092,13.090909090909092,2.5181818181818176,3.7909090909090897,73.63636363636364,19300.636363636364,0.6249545454545454,0.6818181818181818,0.18181818181818182,0.36363636363636365,0.8636363636363636,0.13636363636363635,122.867555472941,1.047779954155242,50.80254891335869
Coventry,Wolverhampton,10,64,25.0,45.80703690451879,57.03243279909871,0.1793000000000049,0.6091999999999997,52.4068,-1.5197,52.5861,-2.1289,3.258096538021482,520.0,363.0,63.023999999999994,10.276,1.6,30000.0,12.8,2.5159999999999996,3.7679999999999993,71.8,17152.08,0.5838,1.4,0.24,0.4,0.88,0.08,114.75105638719852,1.012935394585539,47.63285109378947
Trafford Park DC,Manchester Central,60,37,7.0,4.981517308472136,6.214285714285714,0.014000000000002899,0.0714999999999999,53.4668,-2.3141,53.4808,-2.2426,2.0794415416798357,141.0,188.0,61.31428571428571,6.8999999999999995,2.857142857142857,34000.0,14.285714285714286,2.5285714285714285,3.8714285714285714,80.0,20211.85714285714,0.5964285714285714,0.0,0.14285714285714285,0.2857142857142857,0.8571428571428571,0.14285714285714285,21.789999999999996,0.10285714285714286,5.2457142857142856
Birmingham Central,Knutsford Services,2,23,1.0,96.9638908177713,113.57503023241843,0.8127000000000066,0.524,52.4862,-1.8904,53.2989,-2.4144,0.6931471805599453,161.0,242.0,58.1,0.0,0.0,32000.0,12.0,2.5,3.8,70.0,29657.0,0.927,1.0,0.0,0.0,1.0,0.0,221.51551551873874,2.133862865507041,87.60785468990441
Knutsford Services,Glasgow Central,23,19,6.0,308.8201729097488,396.2413823601796,2.5652999999999935,1.8374000000000001,53.2989,-2.4144,55.8642,-4.2518,1.9459101490553132,242.0,169.0,64.2,0.0,2.3333333333333335,36333.333333333336,14.25,2.5250000000000004,3.9,82.5,26797.333333333332,0.7328333333333333,1.8333333333333333,0.0,0.16666666666666666,1.0,0.16666666666666666,765.063652005762,6.977692277858,319.1674671574005
Reading,Oxford,48,43,23.0,38.323277511252634,48.425462863722764,0.29769999999999897,0.27960000000000007,51.4543,-0.9781,51.752,-1.2577,3.1780538303479458,130.0,210.0,63.31304347826088,7.952173913043477,6.130434782608695,37217.391304347824,14.543478260869565,2.5282608695652167,3.9130434782608687,83.91304347826087,23503.130434782608,0.6320434782608696,0.6086956521739131,0.13043478260869565,0.30434782608695654,1.0,0.21739130434782608,103.56848176125477,0.8324359181501769,40.939738716258674
Northampton,DIRFT Daventry,40,11,13.0,17.657372237469694,22.148531635877035,0.016899999999999693,0.25790000000000013,52.2405,-0.9027,52.2574,-1.1606,2.6390573296152584,363.0,168.0,62.22307692307693,8.638461538461538,14.076923076923077,34307.692307692305,13.923076923076923,2.5230769230769234,3.869230769230769,78.46153846153847,21871.53846153846,0.6337692307692309,0.46153846153846156,0.15384615384615385,0.46153846153846156,1.0,0.5384615384615384,48.468998664198395,0.37319724316634206,18.865464206643974
Frankley Services,Magna Park DC,18,36,8.0,55.76703078561894,68.72120557166812,0.014399999999994861,0.8221999999999998,52.4228,-2.0208,52.4372,-1.1986,2.1972245773362196,300.0,153.0,63.95,13.112499999999999,2.25,34000.0,13.6875,2.51875,3.875,77.5,18479.75,0.5499999999999999,0.875,0.375,0.25,1.0,0.125,134.00728655318767,1.1862819208870827,55.8448652300254
Bristol DC,Reading,3,48,10.0,111.54048021034006,135.8664778085524,0.00019999999999953388,1.6098,51.4545,-2.5879,51.4543,-0.9781,2.3978952727983707,160.0,130.0,61.52,11.870000000000001,5.8,31600.0,13.15,2.515,3.8299999999999996,73.5,21527.5,0.6830999999999999,0.3,0.2,0.2,1.0,0.2,338.1007422067094,2.2863271723390794,112.54372365601687
Reading,M25 J15 (M4),48,31,7.0,32.616161096142584,39.87214003196288,0.0192999999999941,0.4698,51.4543,-0.9781,51.4736,-0.5083,2.0794415416798357,130.0,96.0,60.65714285714286,16.95714285714286,8.285714285714286,31142.85714285714,13.0,2.5142857142857147,3.8142857142857145,72.85714285714286,21330.0,0.6802857142857143,0.0,0.2857142857142857,0.2857142857142857,1.0,0.2857142857142857,105.80810290846956,0.6603064317891614,32.77684728310116
Felixstowe Port,M1/M6 Junction,17,30,11.0,187.9371429850987,234.45862333260308,0.629400000000004,2.5636,51.9567,1.3511,52.5861,-1.2125,2.4849066497880004,160.0,498.0,62.26363636363636,7.5,12.272727272727273,32727.272727272728,14.090909090909092,2.527272727272728,3.854545454545455,76.36363636363636,19753.545454545456,0.6171818181818183,1.2727272727272727,0.2727272727272727,0.09090909090909091,1.0,0.36363636363636365,480.0651824087018,4.239389862112725,199.778343070598
M1/M6 Junction,Stoke-on-Trent,30,53,12.0,79.82621206272235,99.48727435565655,0.4165999999999954,0.9668999999999999,52.5861,-1.2125,53.0027,-2.1794,2.5649493574615367,498.0,375.0,61.39166666666667,7.366666666666667,9.75,36000.0,14.833333333333334,2.5333333333333337,3.908333333333333,82.08333333333333,24323.666666666668,0.6801666666666667,1.3333333333333333,0.4166666666666667,0.25,0.9166666666666666,0.3333333333333333,206.4500401982294,1.8250606038287833,85.00096051523762
London Gateway DC,Reading,29,48,14.0,98.15744464643628,124.68707044356752,0.054299999999997794,1.4148,51.5086,0.4367,51.4543,-0.9781,2.70805020110221,153.0,130.0,62.82857142857143,2.9642857142857144,7.428571428571429,36857.142857142855,14.428571428571429,2.5285714285714285,3.892857142857143,83.92857142857143,19509.571428571428,0.5253571428571427,0.2857142857142857,0.07142857142857142,0.2857142857142857,1.0,0.21428571428571427,275.6565457809486,2.0860954661956677,107.53599344426142
Frankley Services,Peterborough,18,44,17.0,121.61701859470935,151.3701837468198,0.1466999999999956,1.7803,52.4228,-2.0208,52.5695,-0.2405,2.8903717578961645,300.0,291.0,61.18823529411764,3.964705882352941,3.588235294117647,34352.94117647059,14.264705882352942,2.526470588235294,3.8882352941176466,79.70588235294117,21681.58823529412,0.6372352941176471,1.2352941176470589,0.29411764705882354,0.29411764705882354,0.9411764705882353,0.11764705882352941,304.7289540707073,2.744380446385958,128.45042639001508
Peterborough,Doncaster iPort,44,13,7.0,117.00461947354947,145.3878187332284,0.9336000000000055,0.8073000000000001,52.5695,-0.2405,53.5031,-1.0478,2.0794415416798357,291.0,169.0,64.07142857142857,8.985714285714286,7.285714285714286,36857.142857142855,14.571428571428571,2.5285714285714285,3.9142857142857146,83.57142857142857,21283.714285714286,0.5887142857142857,0.7142857142857143,0.5714285714285714,0.42857142857142855,0.8571428571428571,0.14285714285714285,281.5944001837352,2.4531870062245993,119.89893265538025
Stafford,Hopwood Park,52,21,17.0,50.46189448370641,63.81623640129566,0.4527000000000001,0.05229999999999979,52.8066,-2.1167,52.3539,-2.0644,2.8903717578961645,411.0,295.0,62.35882352941177,6.176470588235294,5.470588235294118,31411.764705882353,13.264705882352942,2.520588235294117,3.7941176470588234,72.94117647058823,19401.470588235294,0.609235294117647,0.8823529411764706,0.11764705882352941,0.35294117647058826,0.9411764705882353,0.17647058823529413,127.68894502660318,1.1508641669224813,53.86438137309364
Hopwood Park,Portsmouth Port,21,45,10.0,184.71022044021132,233.5710319375209,1.551400000000001,0.9556,52.3539,-2.0644,50.8025,-1.1088,2.3978952727983707,295.0,154.0,63.010000000000005,2.1399999999999997,1.2,31400.0,12.95,2.515,3.8,72.5,19233.3,0.6289,1.0,0.2,0.3,1.0,0.1,459.70796583200064,4.156541658335953,193.8751549761684
Derby,Stafford,12,52,8.0,44.991637056367296,57.3882624428806,0.11599999999999966,0.6420999999999999,52.9226,-1.4746,52.8066,-2.1167,2.1972245773362196,391.0,411.0,60.79999999999999,10.25,0.0,34250.0,14.0,2.5250000000000004,3.8625000000000003,80.0,20984.5,0.6214999999999999,1.5,0.5,0.5,0.875,0.0,116.55175072017911,1.080062257355063,49.37880054597625
Hopwood Park,London Gateway DC,21,29,6.0,195.53927296420594,256.16186428218117,0.8453000000000017,2.5011,52.3539,-2.0644,51.5086,0.4367,1.9459101490553132,295.0,172.0,62.38333333333333,3.6166666666666667,0.0,28666.666666666668,12.833333333333334,2.5166666666666666,3.766666666666667,70.0,19219.166666666668,0.6718333333333333,1.3333333333333333,0.3333333333333333,0.5,1.0,0.0,533.8153397094399,4.623650451493726,221.77876257818843
Manchester Central,Stoke-on-Trent,37,53,15.0,53.32844820091043,66.5291647208629,0.47810000000000485,0.06320000000000014,53.4808,-2.2426,53.0027,-2.1794,2.772588722239781,163.0,375.0,61.19333333333334,7.3066666666666675,4.266666666666667,34266.666666666664,14.266666666666667,2.5266666666666664,3.8866666666666663,80.66666666666667,21461.866666666665,0.6264000000000002,0.6666666666666666,0.4,0.26666666666666666,0.9333333333333333,0.13333333333333333,130.92437465698814,1.1709137480788494,57.09279798605837
Bristol Port,Coventry,4,10,14.0,128.96658811469564,164.25655667991583,0.8964999999999961,1.1942000000000002,51.5103,-2.7139,52.4068,-1.5197,2.70805020110221,171.0,520.0,63.03571428571428,9.892857142857142,7.928571428571429,34571.42857142857,13.928571428571429,2.521428571428572,3.8857142857142852,79.28571428571429,22024.5,0.6277142857142858,1.3571428571428572,0.14285714285714285,0.35714285714285715,0.9285714285714286,0.2857142857142857,324.31906711551886,2.9607450060142995,137.33248160396442
Coventry,Stafford,10,52,14.0,60.01207937172038,76.36468496106507,0.39980000000000615,0.5969999999999998,52.4068,-1.5197,52.8066,-2.1167,2.70805020110221,520.0,411.0,63.21428571428571,11.042857142857144,7.928571428571429,33285.71428571428,13.607142857142858,2.517857142857143,3.8714285714285706,76.78571428571429,20755.285714285714,0.6180714285714286,1.4285714285714286,0.07142857142857142,0.35714285714285715,0.9285714285714286,0.2857142857142857,150.48001765200428,1.3826918870970786,63.744656025589144
Stafford,Chester,52,9,12.0,67.49087021896729,84.31683525730317,0.38689999999999714,0.7771000000000003,52.8066,-2.1167,53.1935,-2.8938,2.5649493574615367,411.0,179.0,62.30000000000001,9.675,17.5,32166.666666666668,13.541666666666666,2.5208333333333335,3.8333333333333335,75.41666666666667,19716.5,0.6160833333333332,1.8333333333333333,0.16666666666666666,0.16666666666666666,1.0,0.3333333333333333,166.6437648747731,1.5415288740950537,71.88487488949319
Chester,Woodall Services,9,65,2.0,113.41354255583171,147.22848579152085,0.13230000000000075,1.6907,53.1935,-2.8938,53.3258,-1.2031,1.0986122886681098,179.0,391.0,68.35,0.0,14.5,26000.0,12.0,2.5,3.8,65.0,13807.0,0.5315,2.0,0.0,0.0,1.0,0.5,283.8088923829972,2.43179335879619,124.7592080169373
Manchester Central,Preston,37,46,8.0,43.68522049062997,55.56445296568361,0.28239999999999554,0.46050000000000013,53.4808,-2.2426,53.7632,-2.7031,2.1972245773362196,163.0,176.0,62.75,6.4375,0.0,33250.0,14.0,2.5250000000000004,3.8625000000000003,77.5,18903.5,0.587125,0.625,0.25,0.125,1.0,0.0,107.81801680705108,0.9364352448311924,46.396476282974845
Preston,Chester,46,9,10.0,64.59252409725174,80.72548994120817,0.5696999999999974,0.1907000000000001,53.7632,-2.7031,53.1935,-2.8938,2.3978952727983707,176.0,179.0,62.35000000000001,2.83,14.3,35000.0,14.3,2.5300000000000002,3.8600000000000003,81.5,21247.0,0.6020999999999999,1.1,0.3,0.3,1.0,0.2,160.12136953085036,1.4299379530191199,68.99942760540263
Lancaster,Glasgow Central,24,19,13.0,222.2828609716848,285.7578347476695,1.817299999999996,1.4508,54.0469,-2.801,55.8642,-4.2518,2.6390573296152584,125.0,169.0,63.4076923076923,3.8615384615384616,3.5384615384615383,33076.92307692308,13.807692307692308,2.526923076923077,3.815384615384615,78.07692307692308,20933.0,0.6293846153846154,1.3076923076923077,0.15384615384615385,0.23076923076923078,1.0,0.15384615384615385,560.4598955064997,5.064477438158156,238.71958000396856
Tilbury Port,London Central,58,28,8.0,34.179006275920806,44.3,0.05289999999999395,0.48619999999999997,51.4545,0.3584,51.5074,-0.1278,2.1972245773362196,165.0,156.0,64.92500000000001,3.4875,2.875,30000.0,12.625,2.5125,3.775,71.25,19788.375,0.6481250000000001,0.0,0.125,0.25,1.0,0.125,161.2525,0.6825,35.94
Glasgow Central,Tamworth,19,55,9.0,395.81509918128427,498.6719676532363,3.2305999999999955,2.5608000000000004,55.8642,-4.2518,52.6336,-1.691,2.302585092994046,155.0,449.0,63.87777777777777,0.0,11.0,34888.88888888889,14.277777777777779,2.5277777777777777,3.877777777777778,81.11111111111111,22473.222222222223,0.6638888888888889,2.0,0.2222222222222222,0.3333333333333333,1.0,0.3333333333333333,973.791984266331,8.915780773015065,424.16659779941415
Edinburgh Hub,Charnock Richard,16,8,14.0,260.1631232280441,325.02049251384824,2.322499999999998,0.49140000000000006,55.9533,-3.1883,53.6308,-2.6969,2.70805020110221,167.0,172.0,61.08571428571428,6.328571428571428,10.142857142857142,34142.857142857145,14.428571428571429,2.528571428571429,3.8928571428571423,79.28571428571429,22052.85714285714,0.6364285714285715,1.8571428571428572,0.21428571428571427,0.5714285714285714,0.7857142857142857,0.35714285714285715,650.3422778179545,6.063974325755624,282.0599173058123
Charnock Richard,Tibshelf Services,8,57,14.0,105.20536031909661,132.25045025252598,0.48910000000000053,1.3579999999999999,53.6308,-2.6969,53.1417,-1.3389,2.70805020110221,172.0,547.0,62.36428571428571,6.971428571428571,8.571428571428571,32428.571428571428,13.964285714285714,2.525,3.8571428571428568,76.78571428571429,20225.928571428572,0.6148571428571429,1.6428571428571428,0.21428571428571427,0.6428571428571429,0.7857142857142857,0.2857142857142857,263.0312470668503,2.4011305219440557,112.7164783396036
M1/M6 Junction,Northampton,30,40,22.0,43.79827196010445,54.46187733359503,0.34560000000000457,0.30979999999999996,52.5861,-1.2125,52.2405,-0.9027,3.1354942159291497,498.0,363.0,62.32727272727272,5.540909090909091,6.590909090909091,33909.09090909091,14.181818181818182,2.527272727272727,3.8681818181818177,78.63636363636364,21072.81818181818,0.6144545454545454,1.3181818181818181,0.18181818181818182,0.4090909090909091,0.8181818181818182,0.22727272727272727,109.85022237646318,0.9779587713052019,46.80168618569862
M6 J10 Walsall,Milton Keynes,33,38,4.0,104.53974534768156,134.66573295576032,0.5727000000000046,1.2200000000000002,52.6133,-1.9794,52.0406,-0.7594,1.6094379124341003,302.0,277.0,62.425,8.975,7.75,32000.0,13.125,2.5125,3.8499999999999996,75.0,22932.0,0.6904999999999999,1.25,0.25,0.25,0.75,0.25,264.65542008897626,2.411992767696206,112.03186800539557
Milton Keynes,Toddington Services,38,59,18.0,18.574129334343166,23.316110805311354,0.08779999999999433,0.2308,52.0406,-0.7594,51.9528,-0.5286,2.9444389791664403,277.0,111.0,63.55555555555556,8.805555555555555,6.0,31333.333333333332,13.055555555555555,2.5166666666666666,3.7999999999999994,73.88888888888889,20534.055555555555,0.6547777777777778,0.4444444444444444,0.16666666666666666,0.16666666666666666,0.8333333333333334,0.2222222222222222,49.39270265068168,0.3848731365564316,19.75266022920248
Toddington Services,Nottingham Hub,59,41,10.0,119.30268108916337,150.33754432144332,1.0019999999999953,0.6295,51.9528,-0.5286,52.9548,-1.1581,2.3978952727983707,111.0,178.0,64.49000000000001,16.380000000000003,5.2,30600.0,12.95,2.515,3.8,72.5,22175.8,0.714,1.0,0.1,0.3,1.0,0.1,291.9511849898896,2.572319980499087,124.56385293023496
Wolverhampton,Birmingham Central,64,2,26.0,19.585907285628323,24.807052507622473,0.0999000000000052,0.2384999999999997,52.5861,-2.1289,52.4862,-1.8904,3.295836866004329,363.0,180.0,62.823076923076925,9.065384615384614,4.884615384615385,31000.0,13.288461538461538,2.5211538461538456,3.7923076923076917,73.26923076923077,19597.26923076923,0.6338846153846153,0.15384615384615385,0.3076923076923077,0.3076923076923077,0.8846153846153846,0.15384615384615385,52.459384331909355,0.40522185954776446,20.884213059235726
Magna Park DC,Coventry,36,10,22.0,22.035018749625348,27.580882606205627,0.030400000000000205,0.32109999999999994,52.4372,-1.1986,52.4068,-1.5197,3.1354942159291497,149.0,520.0,61.8909090909091,4.863636363636363,9.818181818181818,34454.545454545456,14.159090909090908,2.5249999999999995,3.886363636363636,79.54545454545455,23942.81818181818,0.7015454545454544,0.5454545454545454,0.18181818181818182,0.2727272727272727,0.9545454545454546,0.13636363636363635,57.45788410406119,0.48207940140854216,23.138639980499363
Coventry,M6 J10 Walsall,10,33,4.0,38.666538152758406,45.61069419857513,0.20650000000000546,0.4597,52.4068,-1.5197,52.6133,-1.9794,1.6094379124341003,520.0,302.0,59.425,5.275,21.5,37500.0,15.375,2.5374999999999996,3.95,86.25,22402.0,0.60025,0.0,0.25,0.25,1.0,0.25,88.87591107269273,0.7694502919061348,38.14049909138387
Knutsford Services,Trafford Park DC,23,60,18.0,19.81940497369642,24.452940284999855,0.16789999999999594,0.10030000000000028,53.2989,-2.4144,53.4668,-2.3141,2.9444389791664403,242.0,144.0,61.705555555555556,7.800000000000001,9.944444444444445,33666.666666666664,13.916666666666666,2.5249999999999995,3.8499999999999996,78.88888888888889,21635.333333333332,0.6343888888888889,0.3333333333333333,0.2222222222222222,0.3333333333333333,1.0,0.16666666666666666,47.51361602417355,0.41298516123871065,20.112470640583453
Wolverhampton,Southampton Port,64,51,11.0,194.62103747800884,243.03151410715165,1.690400000000004,0.7330999999999999,52.5861,-2.1289,50.8957,-1.3958,2.4849066497880004,363.0,166.0,62.872727272727275,10.50909090909091,1.6363636363636365,25818.18181818182,12.136363636363637,2.5136363636363637,3.690909090909091,64.54545454545455,16302.818181818182,0.6526363636363637,1.0,0.2727272727272727,0.18181818181818182,0.9090909090909091,0.09090909090909091,481.8542960041564,4.337848952322035,206.01501156685154
Wetherby Services,Lancaster,63,24,23.0,93.2747209363113,116.372080440523,0.10249999999999915,1.4163000000000001,53.9444,-1.3847,54.0469,-2.801,3.1780538303479458,280.0,125.0,62.28695652173913,8.11304347826087,5.695652173913044,33304.34782608696,13.782608695652174,2.5217391304347823,3.8608695652173908,77.6086956521739,21730.391304347828,0.6598260869565218,1.0434782608695652,0.17391304347826086,0.2608695652173913,0.9130434782608695,0.17391304347826086,230.21236011302736,2.0924812575583696,97.60816923032634
Lancaster,Preston,24,46,17.0,32.19132917806792,39.737462452259244,0.28370000000000317,0.0979000000000001,54.0469,-2.801,53.7632,-2.7031,2.8903717578961645,125.0,176.0,62.2235294117647,10.811764705882352,8.0,33411.76470588235,13.882352941176471,2.5235294117647054,3.8588235294117643,77.6470588235294,20996.647058823528,0.6300588235294118,1.1176470588235294,0.23529411764705882,0.29411764705882354,0.8823529411764706,0.29411764705882354,78.66892452481008,0.7194369126081872,33.07399133684711
Preston,Trafford Park DC,46,60,7.0,41.76871059162545,51.01383862680992,0.29639999999999844,0.38900000000000023,53.7632,-2.7031,53.4668,-2.3141,2.0794415416798357,176.0,144.0,62.91428571428572,6.042857142857143,16.857142857142858,34857.142857142855,14.285714285714286,2.528571428571429,3.8714285714285714,80.71428571428571,24404.714285714286,0.7122857142857144,0.8571428571428571,0.0,0.2857142857142857,1.0,0.42857142857142855,100.47400984135189,0.9103414711251252,42.22995073922048
London Central,Toddington Services,28,59,1.0,56.69895576186655,65.42842671040086,0.44540000000000646,0.40079999999999993,51.5074,-0.1278,51.9528,-0.5286,0.6931471805599453,178.0,111.0,63.1,0.0,0.0,26000.0,12.0,2.5,3.8,65.0,13742.0,0.529,1.0,0.0,0.0,1.0,0.0,154.0688144724639,1.1642738068926832,56.04755978173691
Toddington Services,Reading,59,48,4.0,63.49811061518508,74.70587860219045,0.49849999999999994,0.4495,51.9528,-0.5286,51.4543,-0.9781,1.6094379124341003,111.0,130.0,64.125,8.7,0.0,28500.0,12.625,2.5125,3.775,70.0,17509.5,0.5630000000000001,0.25,0.0,0.0,0.75,0.0,166.70944488343454,1.2056849248156944,63.97145124930008
Oxford,Bristol DC,43,3,9.0,97.64113321066779,120.1657404669941,0.29749999999999943,1.3301999999999998,51.752,-1.2577,51.4545,-2.5879,2.302585092994046,210.0,175.0,64.82222222222222,9.755555555555555,1.7777777777777777,30666.666666666668,13.333333333333334,2.522222222222222,3.788888888888889,72.77777777777777,19800.777777777777,0.6551111111111112,0.3333333333333333,0.2222222222222222,0.3333333333333333,0.8888888888888888,0.1111111111111111,255.22864298037862,1.941350518145197,102.46644309535333
Teesport,Lancaster,56,24,4.0,123.51621777658683,156.98805238044514,0.5763999999999996,1.6287000000000003,54.6233,-1.1723,54.0469,-2.801,1.6094379124341003,166.0,125.0,64.475,7.275,0.0,27000.0,11.5,2.5,3.7249999999999996,63.75,20694.25,0.7662500000000001,0.75,0.0,0.5,1.0,0.0,305.82880023581777,2.6577951654475473,133.09583330716947
Lancaster,Warrington,24,61,3.0,74.26710372564912,93.8579739788263,0.6569000000000003,0.20400000000000018,54.0469,-2.801,53.39,-2.597,1.3862943611198906,125.0,292.0,65.63333333333333,9.700000000000001,0.0,25333.333333333332,11.333333333333334,2.5,3.6999999999999997,61.666666666666664,20101.333333333332,0.7876666666666668,0.3333333333333333,0.0,0.3333333333333333,1.0,0.0,181.65070182535842,1.5201726391963168,80.39484851529085
Warrington,Liverpool Port,61,27,31.0,26.62116672319246,33.38410664136981,0.015299999999996317,0.40070000000000006,53.39,-2.597,53.4053,-2.9977,3.4657359027997265,292.0,161.0,63.71290322580644,8.912903225806451,5.129032258064516,31677.41935483871,13.435483870967742,2.520967741935483,3.816129032258064,75.16129032258064,22450.90322580645,0.7156774193548389,0.41935483870967744,0.1935483870967742,0.3548387096774194,1.0,0.16129032258064516,64.96016321463854,0.5528070242182428,28.03172904229864
Teesport,York,56,66,22.0,73.96169495227947,92.80882408810774,0.6632999999999996,0.08499999999999996,54.6233,-1.1723,53.96,-1.0873,3.1354942159291497,166.0,218.0,62.45,7.118181818181818,3.0454545454545454,33545.454545454544,13.977272727272727,2.524999999999999,3.859090909090909,77.72727272727273,23223.363636363636,0.6805909090909092,0.0,0.045454545454545456,0.09090909090909091,0.9545454545454546,0.13636363636363635,179.6844499784939,1.492341923096206,77.48631272507144
Wetherby Services,Grimsby Port,63,20,4.0,95.38848833396048,118.44216962965808,0.36939999999999884,1.3097,53.9444,-1.3847,53.575,-0.075,1.6094379124341003,280.0,166.0,61.37500000000001,8.4,0.0,33500.0,13.75,2.525,3.825,77.5,23864.5,0.705,0.25,0.25,0.25,1.0,0.0,230.66092797625376,1.9933468564507109,100.58833127895277
Stafford,Preston,52,46,2.0,113.28616991485858,143.03394517703958,0.9565999999999946,0.5864000000000003,52.8066,-2.1167,53.7632,-2.7031,1.0986122886681098,411.0,176.0,64.95,0.0,15.5,40000.0,16.5,2.55,4.0,90.0,18929.0,0.473,2.0,0.0,0.0,1.0,0.5,281.5383062274211,2.490216093351182,124.49449739730218
Preston,Glasgow Central,46,19,14.0,253.80629275585852,311.62185314973823,2.100999999999999,1.5487000000000002,53.7632,-2.7031,55.8642,-4.2518,2.70805020110221,176.0,169.0,63.12857142857143,5.071428571428571,2.2142857142857144,34285.71428571428,14.142857142857142,2.5285714285714285,3.85,79.64285714285714,20542.64285714286,0.6059285714285715,1.5714285714285714,0.0,0.35714285714285715,1.0,0.07142857142857142,613.6610863002937,5.595463077368458,266.7076025394929
Southampton Port,M5 J15 Almondsbury,51,32,25.0,109.40120144814092,137.963332085433,0.6599000000000004,1.1653000000000002,50.8957,-1.3958,51.5556,-2.5611,3.258096538021482,171.0,83.0,63.12799999999999,6.424000000000001,3.76,34640.0,13.92,2.5239999999999996,3.8599999999999994,80.0,19782.2,0.58768,0.32,0.28,0.4,0.96,0.12,278.59226475839563,2.274009515558074,118.22153394627941
M5 J15 Almondsbury,Cardiff Bay,32,6,6.0,43.54520620261062,54.635641324524535,0.07399999999999807,0.6179999999999999,51.5556,-2.5611,51.4816,-3.1791,1.9459101490553132,83.0,183.0,62.06666666666666,6.033333333333334,3.1666666666666665,34000.0,13.916666666666666,2.525,3.85,79.16666666666667,20604.0,0.6386666666666667,0.0,0.5,0.5,1.0,0.16666666666666666,107.33763458236992,0.8840211897480391,48.04937502624071
Tamworth,Derby,55,12,9.0,35.27809433082063,43.78109417327352,0.2890000000000015,0.21640000000000015,52.6336,-1.691,52.9226,-1.4746,2.302585092994046,449.0,391.0,60.111111111111114,4.088888888888889,2.111111111111111,35555.555555555555,14.277777777777779,2.5277777777777777,3.877777777777778,81.66666666666667,23297.0,0.6645555555555556,0.8888888888888888,0.1111111111111111,0.1111111111111111,1.0,0.1111111111111111,88.61330997778447,0.8083674256134028,37.33591620398612
Derby,Liverpool Port,12,27,5.0,114.84687565644121,139.3531329838075,0.48269999999999413,1.5231000000000001,52.9226,-1.4746,53.4053,-2.9977,1.791759469228055,391.0,161.0,61.28000000000001,0.0,3.8,35600.0,13.8,2.5200000000000005,3.88,81.0,22759.0,0.6524,1.0,0.2,0.2,1.0,0.2,283.55246236085003,2.5406675874302023,116.9365986731927
London Gateway DC,Toddington Services,29,59,7.0,82.81925795802316,101.40824466450343,0.44420000000000215,0.9652999999999999,51.5086,0.4367,51.9528,-0.5286,2.0794415416798357,153.0,111.0,63.02857142857143,8.471428571428572,0.0,30285.714285714286,13.071428571428571,2.521428571428572,3.757142857142857,73.57142857142857,18681.14285714286,0.5908571428571429,0.5714285714285714,0.14285714285714285,0.42857142857142855,0.8571428571428571,0.0,213.05668220938324,1.7229054229033138,85.74632438306132
Toddington Services,Milton Keynes,59,38,6.0,18.57412933434316,23.79553259898228,0.08779999999999433,0.2308,51.9528,-0.5286,52.0406,-0.7594,1.9459101490553132,111.0,277.0,62.583333333333336,4.083333333333333,0.0,28000.0,12.5,2.516666666666667,3.716666666666667,69.16666666666667,17163.666666666668,0.6326666666666666,1.0,0.16666666666666666,0.6666666666666666,0.8333333333333334,0.0,47.59969705051262,0.4252308559732855,19.471106725171595
Peterborough,Magna Park DC,44,36,11.0,66.49718171626272,83.71247457095154,0.13230000000000075,0.9581000000000002,52.5695,-0.2405,52.4372,-1.1986,2.4849066497880004,291.0,153.0,62.145454545454534,13.01818181818182,0.0,33818.181818181816,13.909090909090908,2.527272727272728,3.8272727272727276,79.54545454545455,21545.81818181818,0.6365454545454545,0.8181818181818182,0.18181818181818182,0.36363636363636365,1.0,0.0,175.4208003572701,1.5007802862011383,69.50603088376744
Knutsford Services,M62 J26 Chain Bar,23,34,7.0,68.90416698025598,86.83138744254619,0.43079999999999785,0.7491000000000001,53.2989,-2.4144,53.7297,-1.6653,2.0794415416798357,242.0,309.0,62.18571428571429,2.5,3.857142857142857,31714.285714285714,12.357142857142858,2.507142857142857,3.7857142857142856,71.42857142857143,21469.0,0.6904285714285713,0.2857142857142857,0.5714285714285714,0.5714285714285714,0.8571428571428571,0.14285714285714285,169.18522155324763,1.4374227526061343,73.42257972374007
M62 J26 Chain Bar,Sheffield Hub,34,50,18.0,40.85081681209387,50.567470163175045,0.3485999999999976,0.19520000000000004,53.7297,-1.6653,53.3811,-1.4701,2.9444389791664403,309.0,164.0,63.81111111111112,4.772222222222222,4.722222222222222,30444.444444444445,12.555555555555555,2.511111111111111,3.7777777777777777,70.55555555555556,21618.666666666668,0.7096666666666668,0.1111111111111111,0.2222222222222222,0.2222222222222222,1.0,0.1111111111111111,97.9472842987048,0.8055667653989509,42.43693182565489
Dover Port,M1/M6 Junction,14,30,25.0,237.42498980432418,295.87247657195695,1.458200000000005,2.5259,51.1279,1.3134,52.5861,-1.2125,3.258096538021482,168.0,498.0,63.3,5.604,4.08,32000.0,13.06,2.5179999999999993,3.7879999999999994,74.6,20828.16,0.6502,1.4,0.32,0.32,0.92,0.2,582.5116719328095,5.23494895350732,248.96512839532187
Glasgow Central,Chester,19,9,5.0,309.6108330271237,383.0267066388695,2.6706999999999965,1.358,55.8642,-4.2518,53.1935,-2.8938,1.791759469228055,155.0,179.0,63.02,0.33999999999999997,11.8,34800.0,14.3,2.53,3.8600000000000003,80.0,25082.8,0.7167999999999999,1.8,0.2,0.6,1.0,0.4,757.7883419711,6.996523693150609,303.64285917939435
Chester,M1/M6 Junction,9,30,6.0,131.4671978351885,162.69040844800534,0.6073999999999984,1.6813000000000002,53.1935,-2.8938,52.5861,-1.2125,1.9459101490553132,179.0,498.0,63.73333333333333,5.916666666666667,9.833333333333334,32000.0,13.583333333333334,2.525,3.8000000000000003,75.0,22148.666666666668,0.6665,1.6666666666666667,0.16666666666666666,0.5,1.0,0.3333333333333333,320.66032508701966,2.9327305629094442,128.71285857340254
M1/M6 Junction,ProLogis Park DC,30,47,9.0,39.23324024271091,48.861641606505586,0.08299999999999841,0.5639000000000001,52.5861,-1.2125,52.5031,-1.7764,2.302585092994046,498.0,156.0,63.65555555555555,4.944444444444445,7.444444444444445,32222.222222222223,13.555555555555555,2.522222222222222,3.822222222222223,75.0,19793.666666666668,0.6285555555555554,1.1111111111111112,0.1111111111111111,0.1111111111111111,1.0,0.2222222222222222,95.15873703896365,0.8751558385769158,40.19585563965414
Grimsby Port,Cambridge,20,5,10.0,152.8749447727986,191.48288839642007,1.3697000000000017,0.1968,53.575,-0.075,52.2053,0.1218,2.3978952727983707,143.0,115.0,61.85,12.18,5.6,32600.0,13.85,2.5250000000000004,3.8400000000000007,77.5,23227.0,0.7081999999999999,2.1,0.1,0.2,1.0,0.2,379.2912826506853,3.493709390965031,165.77493437010833
Cambridge,DIRFT Daventry,5,11,2.0,87.5275557461249,108.7165403412083,0.052099999999995816,1.2824,52.2053,0.1218,52.2574,-1.1606,1.0986122886681098,115.0,168.0,65.4,20.5,0.0,26000.0,12.0,2.5,3.8,65.0,13333.5,0.513,0.5,0.0,0.0,1.0,0.0,211.88438652702473,1.798592462443299,88.8300787422907
Tibshelf Services,Stafford,57,52,12.0,64.03699546892894,78.01699933773712,0.33509999999999707,0.7777999999999998,53.1417,-1.3389,52.8066,-2.1167,2.5649493574615367,547.0,411.0,63.04166666666666,15.083333333333334,5.583333333333333,32666.666666666668,13.75,2.5250000000000004,3.8250000000000006,77.91666666666667,21695.333333333332,0.6847500000000001,0.8333333333333334,0.16666666666666666,0.25,1.0,0.3333333333333333,164.4404613651853,1.3919912903928735,66.78102162687975
Frankley Services,Bristol Port,18,4,9.0,112.02538442959305,138.34318154987463,0.9125000000000014,0.6931000000000003,52.4228,-2.0208,51.5103,-2.7139,2.302585092994046,300.0,167.0,63.29999999999999,10.644444444444444,7.666666666666667,37777.77777777778,15.0,2.533333333333333,3.933333333333333,86.66666666666667,22986.666666666668,0.6169999999999999,0.6666666666666666,0.3333333333333333,0.3333333333333333,1.0,0.4444444444444444,271.5183938342385,2.4021825447145186,117.83453213071824
Manchester Central,Chester,37,9,12.0,53.75805175245606,67.4950647339179,0.2873000000000019,0.6512000000000002,53.4808,-2.2426,53.1935,-2.8938,2.5649493574615367,163.0,179.0,60.96666666666666,6.666666666666667,3.6666666666666665,33666.666666666664,13.333333333333334,2.516666666666667,3.8416666666666663,76.25,23790.25,0.6967499999999999,0.75,0.5,0.25,0.8333333333333334,0.08333333333333333,135.17474547030892,1.2059070269806316,56.867948795968715
Chester,Wolverhampton,9,64,7.0,84.82258929346132,106.54213771551815,0.6073999999999984,0.7649000000000004,53.1935,-2.8938,52.5861,-2.1289,2.0794415416798357,179.0,363.0,60.87142857142857,7.328571428571428,0.0,36285.71428571428,13.928571428571429,2.521428571428572,3.8857142857142857,82.14285714285714,25823.428571428572,0.6992857142857142,1.0,0.2857142857142857,0.0,0.8571428571428571,0.0,218.27077339069965,1.940037978099203,91.02137479826705
London Central,Swindon,28,54,15.0,114.39037825316683,143.3039962551197,0.04840000000000089,1.6519000000000001,51.5074,-0.1278,51.5558,-1.7797,2.772588722239781,178.0,129.0,63.10666666666667,7.113333333333333,6.8,31200.0,13.566666666666666,2.523333333333333,3.8133333333333335,74.66666666666667,19439.933333333334,0.6274666666666666,1.7333333333333334,0.06666666666666667,0.3333333333333333,0.9333333333333333,0.2,302.86595908421043,2.553884885401663,119.00164118589346
Swindon,M5 J15 Almondsbury,54,32,16.0,54.02256642980944,67.14192057489724,0.00019999999999953388,0.7814000000000001,51.5558,-1.7797,51.5556,-2.5611,2.833213344056216,129.0,83.0,62.36875,5.7875,3.0,31875.0,13.46875,2.5218749999999996,3.8125,75.3125,19533.125,0.6245624999999999,1.375,0.1875,0.375,0.9375,0.125,135.8605464594774,1.1728174959675721,55.986949222411425
M5 J15 Almondsbury,Chester,32,9,11.0,183.52086814803695,230.21547482183544,1.637900000000002,0.3327,51.5556,-2.5611,53.1935,-2.8938,2.4849066497880004,83.0,179.0,63.07272727272727,7.381818181818182,4.363636363636363,33272.72727272727,14.090909090909092,2.5272727272727273,3.8545454545454545,78.63636363636364,20321.272727272728,0.6161818181818183,2.0,0.09090909090909091,0.2727272727272727,0.9090909090909091,0.18181818181818182,475.05843229682944,4.1184622584009825,193.97820257423038
Doncaster iPort,Peterborough,13,44,8.0,117.00461947354947,143.6143356273166,0.9336000000000055,0.8073000000000001,53.5031,-1.0478,52.5695,-0.2405,2.1972245773362196,200.0,291.0,60.800000000000004,11.9375,4.625,35000.0,14.0,2.5250000000000004,3.8625,80.625,22270.25,0.6385000000000001,0.75,0.125,0.125,0.875,0.25,283.6163724671893,2.628968253838691,119.74159902500257
Edinburgh Hub,Preston,16,46,13.0,245.49871766724527,308.4740685919273,2.190100000000001,0.48519999999999985,55.9533,-3.1883,53.7632,-2.7031,2.6390573296152584,167.0,176.0,62.0,7.792307692307692,0.0,29230.76923076923,12.423076923076923,2.511538461538462,3.753846153846154,69.23076923076923,19976.846153846152,0.6873846153846155,1.0769230769230769,0.15384615384615385,0.15384615384615385,0.8461538461538461,0.0,602.2473782334092,5.500533336737974,253.7416362791913
Preston,M62 J26 Chain Bar,46,34,23.0,68.34284630305412,84.51824079083023,0.03349999999999653,1.0378,53.7632,-2.7031,53.7297,-1.6653,3.1780538303479458,176.0,309.0,62.5304347826087,8.465217391304348,0.0,31043.478260869564,12.630434782608695,2.510869565217391,3.7913043478260864,71.52173913043478,20075.043478260868,0.6581304347826089,0.6521739130434783,0.13043478260869565,0.30434782608695654,0.9130434782608695,0.0,164.517487716928,1.446148596307042,70.21576734911257
Frankley Services,Portsmouth Port,18,45,7.0,190.8534188846818,241.06624230641702,1.6203000000000003,0.9119999999999999,52.4228,-2.0208,50.8025,-1.1088,2.0794415416798357,300.0,154.0,62.52857142857143,5.085714285714286,7.285714285714286,32285.714285714286,13.642857142857142,2.521428571428572,3.8428571428571425,75.71428571428571,20287.571428571428,0.6597142857142856,1.2857142857142858,0.14285714285714285,0.5714285714285714,1.0,0.42857142857142855,477.72087792186073,4.311839098500182,208.00231411623412
Swindon,Southampton Port,54,51,21.0,78.11637807254323,98.39083524744417,0.6600999999999999,0.38390000000000013,51.5558,-1.7797,50.8957,-1.3958,3.091042453358316,129.0,166.0,62.26666666666667,9.119047619047619,4.142857142857143,33809.52380952381,14.166666666666666,2.5261904761904757,3.8761904761904757,78.33333333333333,21571.619047619046,0.6453809523809524,0.0,0.2857142857142857,0.14285714285714285,0.9523809523809523,0.14285714285714285,190.84385989090183,1.5883454426797345,82.26972882556713
Tilbury Port,Rugby,58,49,13.0,150.93034691915858,189.25510507391408,0.9162999999999997,1.6235,51.4545,0.3584,52.3708,-1.2651,2.6390573296152584,165.0,393.0,63.30769230769231,3.8461538461538463,3.4615384615384617,32153.846153846152,13.26923076923077,2.519230769230769,3.807692307692307,75.38461538461539,19591.923076923078,0.6060769230769231,0.9230769230769231,0.07692307692307693,0.38461538461538464,1.0,0.23076923076923078,374.2784521951644,3.31161511209873,161.11574202531307
Stafford,Leeds Central,52,25,11.0,116.8056247037733,146.26106814833105,0.9941999999999993,0.5675999999999999,52.8066,-2.1167,53.8008,-1.5491,2.4849066497880004,411.0,160.0,63.70909090909092,3.090909090909091,2.6363636363636362,36909.09090909091,14.454545454545455,2.5272727272727273,3.909090909090909,85.0,25335.454545454544,0.6825454545454546,1.0,0.09090909090909091,0.45454545454545453,1.0,0.09090909090909091,289.99428403591133,2.5376694698153326,123.85695301633122
Bristol DC,Milton Keynes,3,38,12.0,141.7453421469604,176.53361834592764,0.5860999999999947,1.8285,51.4545,-2.5879,52.0406,-0.7594,2.5649493574615367,160.0,277.0,60.0,9.233333333333334,9.416666666666666,34333.333333333336,13.916666666666666,2.525,3.85,80.0,24548.75,0.7120833333333333,1.5833333333333333,0.08333333333333333,0.3333333333333333,1.0,0.3333333333333333,369.66613105606024,3.344258229864758,147.5525939088503
Milton Keynes,Chester,38,9,7.0,192.85243067536723,239.47739965622048,1.1529000000000025,2.1344000000000003,52.0406,-0.7594,53.1935,-2.8938,2.0794415416798357,277.0,179.0,60.528571428571425,9.414285714285715,7.857142857142857,35428.57142857143,14.285714285714286,2.5285714285714285,3.8714285714285714,82.14285714285714,25168.571428571428,0.7211428571428572,2.0,0.0,0.42857142857142855,1.0,0.42857142857142855,498.5295775531017,4.5595454945762794,200.78136521710593
Chester,iPort Doncaster,9,67,3.0,129.80778221046558,161.8571503665565,0.3003999999999962,1.8896000000000002,53.1935,-2.8938,53.4939,-1.0042,1.3862943611198906,179.0,175.0,60.4,12.566666666666668,0.0,36666.666666666664,15.0,2.533333333333333,3.9333333333333336,85.0,26453.666666666668,0.722,2.0,0.0,0.6666666666666666,1.0,0.0,345.30395010160163,3.109125666435638,137.4546600070672
Portsmouth Port,Tamworth,45,55,7.0,207.51994359631297,247.96391920131637,1.8310999999999993,0.5822,50.8025,-1.1088,52.6336,-1.691,2.0794415416798357,168.0,449.0,64.22857142857143,6.7,4.428571428571429,36285.71428571428,13.928571428571429,2.521428571428572,3.8857142857142857,82.14285714285714,27535.14285714286,0.7344285714285714,1.2857142857142858,0.14285714285714285,0.0,0.8571428571428571,0.2857142857142857,483.31922291595555,4.337033122341997,207.78850962157307
Tamworth,Teesport,55,56,3.0,223.87137032493675,265.5131240267802,1.9896999999999991,0.5187000000000002,52.6336,-1.691,54.6233,-1.1723,1.3862943611198906,449.0,157.0,67.16666666666667,10.166666666666666,6.0,30000.0,12.0,2.5,3.7999999999999994,68.33333333333333,17578.333333333332,0.5806666666666667,1.0,0.0,0.0,1.0,0.3333333333333333,519.7148250422171,4.348817472169689,230.59111641812407
Rugby,Watford Gap,49,62,4.0,12.04400598724178,14.527182412635849,0.06410000000000338,0.1428999999999998,52.3708,-1.2651,52.3067,-1.1222,1.6094379124341003,393.0,391.0,61.925000000000004,5.7,11.25,30500.0,12.625,2.5125,3.7750000000000004,70.0,20979.75,0.67,0.0,0.25,0.75,1.0,0.5,29.112574413154285,0.23558829030053596,12.332476839695293
Leeds Central,A1 Scotch Corner,25,0,6.0,67.39960375831434,85.73061171887151,0.6024999999999991,0.11309999999999998,53.8008,-1.5491,54.4033,-1.6622,1.9459101490553132,177.0,49.0,63.63333333333333,8.799999999999999,0.0,35000.0,13.916666666666666,2.5250000000000004,3.85,80.0,25611.5,0.7360000000000001,2.0,0.16666666666666666,0.3333333333333333,1.0,0.0,166.10945591345833,1.5542373151296152,69.24721148952254
A1 Scotch Corner,Warrington,0,61,4.0,128.242596317163,164.07625969233976,1.013300000000001,0.9348000000000001,54.4033,-1.6622,53.39,-2.597,1.6094379124341003,49.0,292.0,63.849999999999994,13.2,5.25,33500.0,13.75,2.525,3.825,77.5,26180.25,0.7825,2.0,0.25,0.5,1.0,0.25,318.6347513387871,2.9490377452498553,136.5205944979083
Warrington,Edinburgh Hub,61,16,15.0,287.5480607091218,368.8056525347853,2.563299999999998,0.5912999999999999,53.39,-2.597,55.9533,-3.1883,2.772588722239781,292.0,153.0,64.41333333333333,14.286666666666665,5.266666666666667,28266.666666666668,12.566666666666666,2.5166666666666666,3.7266666666666666,68.33333333333333,20976.0,0.7515333333333333,1.6666666666666667,0.2,0.4666666666666667,1.0,0.26666666666666666,713.6632084151196,6.469847836104356,301.7812709788664
M1/M6 Junction,Nottingham Hub,30,41,24.0,41.16064320848729,52.56072863990284,0.3686999999999969,0.054400000000000004,52.5861,-1.2125,52.9548,-1.1581,3.2188758248682006,498.0,178.0,62.28333333333334,7.383333333333334,4.875,32000.0,13.166666666666666,2.516666666666666,3.816666666666666,75.0,21621.125,0.6541250000000002,0.2916666666666667,0.2916666666666667,0.375,1.0,0.16666666666666666,108.72689871545204,0.8833141465286197,44.233777728280984
London Central,M6 J10 Walsall,28,33,3.0,176.47149195494117,227.1631877559054,1.1059000000000054,1.8516000000000001,51.5074,-0.1278,52.6133,-1.9794,1.3862943611198906,178.0,302.0,62.6,0.0,0.0,36666.666666666664,15.0,2.533333333333333,3.9333333333333336,85.0,19605.666666666668,0.5446666666666666,2.0,0.0,0.3333333333333333,1.0,0.0,480.6236432136652,4.101121313598924,193.63772334047522
M6 J10 Walsall,Edinburgh Hub,33,16,3.0,379.5757977444808,494.6103273688697,3.3399999999999963,1.2088999999999999,52.6133,-1.9794,55.9533,-3.1883,1.3862943611198906,302.0,153.0,62.76666666666667,0.0,0.0,42666.666666666664,16.5,2.55,4.0,96.66666666666667,23715.0,0.556,2.0,0.0,0.3333333333333333,1.0,0.0,1009.7498131746773,8.883537632684982,440.3220661234689
DIRFT Daventry,Hopwood Park,11,21,4.0,62.37886769557494,78.49958179159006,0.09650000000000603,0.9037999999999999,52.2574,-1.1606,52.3539,-2.0644,1.6094379124341003,163.0,295.0,62.6,0.0,0.0,21500.0,10.5,2.5,3.575,55.0,11735.25,0.54025,0.25,0.25,0.5,0.75,0.0,151.12222351699418,1.2905286463233412,63.987809317203215
Hopwood Park,Doncaster iPort,21,13,1.0,144.8151601170962,175.22300726824204,1.1492000000000004,1.0166,52.3539,-2.0644,53.5031,-1.0478,0.6931471805599453,295.0,169.0,60.4,0.0,0.0,18000.0,10.0,2.5,3.5,50.0,12777.0,0.71,0.0,0.0,0.0,1.0,0.0,338.5711086988797,2.9005802958245095,145.7838646031509
Oxford,M62 J26 Chain Bar,43,34,2.0,221.61475150360454,280.2372244325231,1.9776999999999987,0.40759999999999996,51.752,-1.2577,53.7297,-1.6653,1.0986122886681098,210.0,309.0,68.85,5.45,0.0,22000.0,11.0,2.5,3.65,57.5,17332.0,0.785,2.0,0.5,0.0,0.5,0.0,530.1596795353882,4.577051116421307,222.3021451707922
M62 J26 Chain Bar,Edinburgh Hub,34,16,10.0,265.77307597031324,326.06427940752985,2.2235999999999976,1.523,53.7297,-1.6653,55.9533,-3.1883,2.3978952727983707,309.0,153.0,64.26000000000002,10.209999999999999,0.0,26600.0,12.1,2.5100000000000002,3.72,65.5,19888.4,0.7426,2.1,0.1,0.2,0.9,0.0,640.5556629327034,5.758455279375436,279.3594826918072
Grimsby Port,Doncaster iPort,20,13,6.0,64.77778059901799,81.13333333333334,0.07189999999999941,0.9728000000000001,53.575,-0.075,53.5031,-1.0478,1.9459101490553132,143.0,169.0,60.58333333333332,9.216666666666667,13.666666666666666,33333.333333333336,13.916666666666666,2.5250000000000004,3.85,77.5,19432.333333333332,0.5706666666666668,0.0,0.3333333333333333,0.16666666666666666,0.8333333333333334,0.5,164.01500000000001,1.3399999999999999,68.38833333333334
Tibshelf Services,Nottingham Hub,57,41,21.0,24.040854029146274,29.65289975609525,0.1869000000000014,0.18080000000000007,53.1417,-1.3389,52.9548,-1.1581,3.091042453358316,547.0,178.0,63.83333333333332,9.261904761904763,4.333333333333333,33333.333333333336,13.761904761904763,2.5238095238095233,3.838095238095238,78.0952380952381,20657.095238095237,0.6187142857142858,0.09523809523809523,0.3333333333333333,0.14285714285714285,0.9523809523809523,0.19047619047619047,58.73493317499509,0.47119255478802724,25.32319951821966
Charnock Richard,Preston,8,46,22.0,14.727885684807084,18.111374270114577,0.13239999999999696,0.006200000000000205,53.6308,-2.6969,53.7632,-2.7031,3.1354942159291497,172.0,176.0,62.55454545454547,7.745454545454546,2.3181818181818183,30454.545454545456,12.454545454545455,2.509090909090909,3.781818181818181,70.22727272727273,18741.409090909092,0.6268181818181819,0.5909090909090909,0.22727272727272727,0.45454545454545453,0.9545454545454546,0.045454545454545456,35.2903695136906,0.30729012861710253,15.122482966128349
Preston,Lancaster,46,24,13.0,32.19132917806792,40.01316313694535,0.28370000000000317,0.0979000000000001,53.7632,-2.7031,54.0469,-2.801,2.6390573296152584,176.0,125.0,62.24615384615384,7.884615384615385,3.923076923076923,28153.846153846152,12.23076923076923,2.5076923076923077,3.7615384615384615,66.92307692307692,17282.53846153846,0.6190769230769231,0.9230769230769231,0.3076923076923077,0.15384615384615385,0.9230769230769231,0.07692307692307693,77.97943294114613,0.6988230934776276,33.16152732935229
Lancaster,Wetherby Services,24,63,6.0,93.27472093631128,115.4367066075593,0.10249999999999915,1.4163000000000001,54.0469,-2.801,53.9444,-1.3847,1.9459101490553132,125.0,280.0,60.43333333333334,10.049999999999999,0.0,28000.0,12.416666666666666,2.5083333333333333,3.783333333333333,67.5,17982.166666666668,0.6411666666666668,1.1666666666666667,0.3333333333333333,0.5,0.8333333333333334,0.0,227.35955636017638,2.143349131049548,93.63091814990317
Cardiff Bay,Watford Gap,6,62,12.0,168.333316592531,208.90302945650717,0.8250999999999991,2.0568999999999997,51.4816,-3.1791,52.3067,-1.1222,2.5649493574615367,186.0,391.0,63.025000000000006,6.908333333333334,14.5,34000.0,13.708333333333334,2.5208333333333335,3.858333333333333,78.75,22889.333333333332,0.6595833333333333,2.1666666666666665,0.0,0.5,0.9166666666666666,0.25,411.4785996903327,3.801782698668097,180.01031024957047
Watford Gap,A1/A14 Junction,62,1,17.0,59.35514266956749,74.29065318577837,0.026600000000001955,0.8722000000000001,52.3067,-1.1222,52.3333,-0.25,2.8903717578961645,391.0,259.0,63.13529411764706,6.064705882352942,12.941176470588236,33647.05882352941,13.617647058823529,2.5205882352941176,3.8470588235294114,78.23529411764706,22219.176470588234,0.6575294117647058,1.7647058823529411,0.0,0.5294117647058824,0.8823529411764706,0.29411764705882354,146.51814814328003,1.341095259296496,63.65990276878229
A1/A14 Junction,Glasgow Central,1,19,4.0,471.2450907575611,579.319111373,3.5308999999999955,4.0018,52.3333,-0.25,55.8642,-4.2518,1.6094379124341003,259.0,169.0,62.574999999999996,9.125,19.5,36500.0,14.25,2.525,3.9000000000000004,83.75,27545.5,0.75725,2.5,0.0,0.5,1.0,0.25,1134.721440554864,10.565254124606373,498.8424851883787
Felixstowe Port,London Gateway DC,17,29,6.0,80.29907612774328,100.73333333333335,0.4480999999999966,0.9144,51.9567,1.3511,51.5086,0.4367,1.9459101490553132,160.0,172.0,61.06666666666666,3.766666666666667,3.8333333333333335,34333.333333333336,13.5,2.516666666666667,3.8666666666666667,77.5,19851.166666666668,0.5626666666666665,0.0,0.0,0.3333333333333333,1.0,0.16666666666666666,234.17499999999995,1.655,84.58666666666666
East Midlands Gateway,M6 J10 Walsall,15,33,18.0,50.10440529057395,62.61976104798126,0.21799999999999642,0.6511,52.8313,-1.3283,52.6133,-1.9794,2.9444389791664403,156.0,302.0,62.666666666666664,4.866666666666666,13.444444444444445,32222.222222222223,13.277777777777779,2.5166666666666666,3.8333333333333326,75.55555555555556,20077.777777777777,0.6132222222222221,0.5555555555555556,0.2777777777777778,0.5,0.8333333333333334,0.3333333333333333,126.27765022803402,1.0672738604640482,52.82746795800237
M6 J10 Walsall,Frankley Services,33,18,11.0,21.367083597348252,26.540204294251716,0.1905000000000001,0.04139999999999988,52.6133,-1.9794,52.4228,-2.0208,2.4849066497880004,302.0,300.0,63.33636363636364,0.0,15.0,32363.636363636364,13.272727272727273,2.518181818181818,3.8181818181818175,75.45454545454545,19419.909090909092,0.5843636363636364,0.2727272727272727,0.09090909090909091,0.5454545454545454,1.0,0.36363636363636365,54.70518866966325,0.4347396763032004,22.46716826836766
Frankley Services,Bristol DC,18,3,16.0,114.47268711896187,142.61850083461513,0.9682999999999993,0.5670999999999999,52.4228,-2.0208,51.4545,-2.5879,2.833213344056216,300.0,175.0,61.793749999999996,6.96875,10.0,32750.0,13.4375,2.51875,3.8374999999999995,76.25,20265.125,0.6312500000000001,0.625,0.25,0.1875,0.9375,0.25,303.74635228444885,2.4907261811630126,116.93675623709457
Tilbury Port,Peterborough,58,44,19.0,130.58110095179157,163.38737749569532,1.1149999999999949,0.5989,51.4545,0.3584,52.5695,-0.2405,2.995732273553991,165.0,291.0,63.59473684210526,9.657894736842104,6.7368421052631575,31789.473684210527,13.236842105263158,2.5184210526315787,3.810526315789473,73.6842105263158,17829.052631578947,0.5550526315789475,1.631578947368421,0.2631578947368421,0.15789473684210525,0.9473684210526315,0.15789473684210525,320.8716732098229,2.9226002267383704,139.59426280275883
Hopwood Park,Woodall Services,21,65,24.0,122.57816763182275,153.14933127303757,0.971899999999998,0.8613,52.3539,-2.0644,53.3258,-1.2031,3.2188758248682006,295.0,391.0,62.1625,8.591666666666667,7.541666666666667,31750.0,13.375,2.520833333333333,3.808333333333333,74.375,18350.458333333332,0.5845,1.5416666666666667,0.25,0.25,1.0,0.16666666666666666,307.5626257602327,2.7973795508805144,132.043113843043
Leeds Central,Charnock Richard,25,8,15.0,77.85868480834634,96.95314063561003,0.1700000000000017,1.1478,53.8008,-1.5491,53.6308,-2.6969,2.772588722239781,177.0,172.0,63.033333333333324,8.76,8.666666666666666,31333.333333333332,13.266666666666667,2.52,3.7999999999999994,74.33333333333333,20097.866666666665,0.6501333333333335,0.6666666666666666,0.13333333333333333,0.26666666666666666,0.9333333333333333,0.3333333333333333,191.1833810639119,1.647499636622303,82.8770643962046
Newcastle Hub,Preston,39,46,5.0,152.30359271245877,191.51360968837182,1.2150999999999996,1.0853000000000002,54.9783,-1.6178,53.7632,-2.7031,1.791759469228055,174.0,176.0,62.7,0.0,28.6,29200.0,12.5,2.5100000000000002,3.78,70.0,17596.2,0.5928,0.8,0.4,0.6,1.0,0.4,372.9427889719134,3.303232298041318,161.14329555992748
Preston,Liverpool Port,46,27,2.0,44.29375655247536,58.24561990877335,0.3579000000000008,0.2946,53.7632,-2.7031,53.4053,-2.9977,1.0986122886681098,176.0,161.0,61.900000000000006,0.0,0.0,26000.0,12.0,2.5,3.8,65.0,13242.5,0.5095,0.5,0.0,1.0,1.0,0.0,112.79536804206727,1.013159335857516,47.31526529441854
Leeds Central,Tibshelf Services,25,57,5.0,74.59738289513943,93.76619364127798,0.6591000000000022,0.21019999999999994,53.8008,-1.5491,53.1417,-1.3389,1.791759469228055,177.0,547.0,64.4,8.540000000000001,8.2,36400.0,15.2,2.54,3.9,84.0,22560.8,0.6115999999999999,0.2,0.6,0.2,1.0,0.2,184.71209519133197,1.5064063745651552,81.71713109638917
Tibshelf Services,Stoke-on-Trent,57,53,17.0,58.23919604539184,72.52416254631663,0.1390000000000029,0.8404999999999998,53.1417,-1.3389,53.0027,-2.1794,2.8903717578961645,547.0,375.0,64.25882352941177,4.394117647058823,10.058823529411764,29882.352941176472,12.882352941176471,2.5176470588235293,3.7647058823529407,71.17647058823529,19219.529411764706,0.6350588235294118,0.6470588235294118,0.17647058823529413,0.23529411764705882,1.0,0.23529411764705882,141.66907404880857,1.2168999358784514,60.98448642677164
Frankley Services,DIRFT Daventry,18,11,6.0,61.2648671934603,76.53583097319792,0.16540000000000532,0.8601999999999999,52.4228,-2.0208,52.2574,-1.1606,1.9459101490553132,300.0,168.0,63.28333333333333,2.1666666666666665,3.8333333333333335,28333.333333333332,12.083333333333334,2.5083333333333333,3.733333333333334,67.5,18354.833333333332,0.6596666666666667,0.3333333333333333,0.3333333333333333,0.3333333333333333,1.0,0.16666666666666666,150.5102758949798,1.2792238865595447,67.02538482590005
Sheffield Hub,Derby,50,12,4.0,50.98382733758832,62.95388455312286,0.4585000000000008,0.0044999999999999485,53.3811,-1.4701,52.9226,-1.4746,1.6094379124341003,179.0,391.0,60.39999999999999,5.05,0.0,40000.0,15.375,2.5374999999999996,3.95,90.0,24419.5,0.61675,1.5,0.5,0.25,0.75,0.0,125.2724056538943,1.190093805989187,55.01465859460008
Stafford,Leicester Forest East,52,26,10.0,67.38974411322239,84.21211128080975,0.1899000000000015,0.9499999999999997,52.8066,-2.1167,52.6167,-1.1667,2.3978952727983707,411.0,425.0,63.4,2.17,0.0,37400.0,14.5,2.5300000000000002,3.8899999999999997,85.0,24806.3,0.6509,0.7,0.1,0.4,0.9,0.0,168.2168967495376,1.4610426559625034,70.34636701899768
Sheffield Hub,Wetherby Services,50,63,5.0,62.888400902051934,77.18981754846817,0.5632999999999981,0.08539999999999992,53.3811,-1.4701,53.9444,-1.3847,1.791759469228055,179.0,280.0,61.35999999999999,8.120000000000001,0.0,29200.0,13.0,2.52,3.7600000000000002,71.0,21508.2,0.7102,1.2,0.4,0.6,0.8,0.0,151.63109456256544,1.3896022286380787,65.73304881445927
Bristol DC,Stafford,3,52,5.0,153.7477854459585,188.37738395607062,1.3521,0.47120000000000006,51.4545,-2.5879,52.8066,-2.1167,1.791759469228055,160.0,411.0,65.5,3.4200000000000004,3.0,29200.0,12.5,2.5100000000000002,3.78,70.0,16936.4,0.5442,0.4,0.2,0.4,1.0,0.2,424.9937793281694,3.0739075109721243,162.73785726306772
Stafford,Manchester Central,52,37,3.0,75.43649146996385,92.76954698726826,0.674199999999999,0.12590000000000012,52.8066,-2.1167,53.4808,-2.2426,1.3862943611198906,411.0,188.0,66.33333333333333,0.0,5.333333333333333,34000.0,13.5,2.5166666666666666,3.8666666666666667,78.33333333333333,17507.0,0.5519999999999999,1.0,0.3333333333333333,0.3333333333333333,1.0,0.3333333333333333,209.26993127989837,1.6031927470261416,76.62422883748394
A1/A14 Junction,Bristol Port,1,4,4.0,192.14524622268524,233.12054379016104,0.8230000000000004,2.4639,52.3333,-0.25,51.5103,-2.7139,1.6094379124341003,259.0,167.0,65.9,16.575,15.75,37000.0,14.25,2.525,3.9,82.5,21395.75,0.5842499999999999,1.75,0.0,0.25,1.0,0.5,449.774695804062,4.030572569301822,192.16828106385603
Leeds Central,Manchester Central,25,37,11.0,57.93152479062815,71.41818181818182,0.3200000000000003,0.6935,53.8008,-1.5491,53.4808,-2.2426,2.4849066497880004,177.0,188.0,63.454545454545446,6.963636363636363,0.0,28545.454545454544,12.272727272727273,2.5090909090909093,3.7545454545454544,67.27272727272727,18798.090909090908,0.6777272727272728,0.0,0.2727272727272727,0.2727272727272727,1.0,0.0,145.5818181818182,1.1336363636363638,61.59272727272726
Tilbury Port,Northampton,58,40,25.0,123.05274646440299,154.40825913857012,0.7859999999999943,1.2610999999999999,51.4545,0.3584,52.2405,-0.9027,3.258096538021482,165.0,363.0,61.364,6.152,3.6,30880.0,13.32,2.5199999999999996,3.807999999999999,74.0,19045.72,0.61352,0.92,0.2,0.24,0.96,0.16,303.8787011239243,2.7474338585197784,129.49335789155074
Northampton,Tamworth,40,55,9.0,69.03689391862316,85.63587529607135,0.393100000000004,0.7883000000000001,52.2405,-0.9027,52.6336,-1.691,2.302585092994046,363.0,449.0,60.477777777777774,10.52222222222222,0.0,25333.333333333332,11.88888888888889,2.511111111111111,3.677777777777778,62.77777777777778,16020.444444444445,0.6235555555555555,0.6666666666666666,0.1111111111111111,0.1111111111111111,0.7777777777777778,0.0,185.9257846916395,1.5630908484825843,75.87576265010969
Tamworth,East Midlands Gateway,55,15,16.0,32.858398932652456,40.76895727831044,0.19769999999999754,0.3627,52.6336,-1.691,52.8313,-1.3283,2.833213344056216,449.0,178.0,61.18125,7.1125,14.125,33125.0,13.75,2.5250000000000004,3.8249999999999997,77.1875,19217.3125,0.581875,0.6875,0.1875,0.3125,0.875,0.3125,83.48664537489472,0.736690133167797,35.07646185189756
Cardiff Bay,Tamworth,6,55,14.0,163.578041094634,207.23875937644607,1.152000000000001,1.4881,51.4816,-3.1791,52.6336,-1.691,2.70805020110221,186.0,449.0,60.15714285714286,6.0214285714285705,1.6428571428571428,33142.857142857145,13.821428571428571,2.525,3.8357142857142854,76.78571428571429,21851.928571428572,0.6727857142857143,2.0714285714285716,0.0,0.21428571428571427,1.0,0.07142857142857142,405.0024233679354,3.8943746064969527,168.88333403259892
Tamworth,Leicester Forest East,55,26,13.0,35.43920312164538,44.47638405728533,0.016899999999999693,0.5243,52.6336,-1.691,52.6167,-1.1667,2.6390573296152584,449.0,425.0,59.95384615384616,7.099999999999999,1.0,32307.69230769231,13.615384615384615,2.523076923076923,3.8230769230769233,75.0,23340.846153846152,0.7296923076923076,1.9230769230769231,0.07692307692307693,0.23076923076923078,1.0,0.07692307692307693,89.49142592453015,0.8193870207916931,36.413423059271516
Leicester Forest East,Cambridge,26,5,25.0,98.6430009226524,123.7504203450483,0.41140000000000043,1.2885,52.6167,-1.1667,52.2053,0.1218,3.258096538021482,425.0,115.0,63.09199999999999,5.956,2.68,33200.0,13.76,2.5239999999999996,3.836,76.8,22653.76,0.6773599999999999,2.2,0.2,0.4,1.0,0.12,243.07999361918337,2.2380086843903753,101.70039727756503
Cambridge,Glasgow Central,5,19,5.0,496.88266951682783,623.0898516554679,3.6588999999999956,4.373600000000001,52.2053,0.1218,55.8642,-4.2518,1.791759469228055,115.0,169.0,60.720000000000006,10.36,0.0,31200.0,13.4,2.52,3.8200000000000003,73.0,23376.8,0.7285999999999999,3.0,0.2,0.4,1.0,0.0,1218.3933029938673,11.690158063897034,521.428979359274
Northampton,Bristol DC,40,3,8.0,145.0411750367716,182.31654279104015,0.7859999999999943,1.6852,52.2405,-0.9027,51.4545,-2.5879,2.1972245773362196,363.0,175.0,64.3375,7.825,4.625,32250.0,13.1875,2.51875,3.8000000000000003,75.625,20025.125,0.625,1.125,0.125,0.125,0.75,0.125,384.073799198334,3.170064922431174,153.63300819894474
Frankley Services,London Gateway DC,18,29,5.0,196.6581097405539,251.48462746223385,0.914200000000001,2.4575,52.4228,-2.0208,51.5086,0.4367,1.791759469228055,300.0,172.0,60.0,9.1,17.4,32000.0,13.4,2.52,3.8200000000000003,75.0,20588.0,0.6716,1.0,0.2,0.4,1.0,0.2,533.5253896699584,4.686158157705181,222.33456796658206
Hopwood Park,Stoke-on-Trent,21,53,22.0,72.55872703438989,90.96396828705312,0.6487999999999943,0.11499999999999977,52.3539,-2.0644,53.0027,-2.1794,3.1354942159291497,295.0,375.0,62.18181818181817,6.495454545454546,4.090909090909091,30090.909090909092,12.977272727272727,2.5159090909090907,3.795454545454545,71.36363636363636,18902.545454545456,0.646818181818182,0.5454545454545454,0.18181818181818182,0.2727272727272727,0.9545454545454546,0.13636363636363635,178.72101364477737,1.5420059338025922,76.20155499641861
Tamworth,Nottingham Hub,55,41,14.0,50.59094153905134,63.443811922153586,0.3211999999999975,0.5329000000000002,52.6336,-1.691,52.9548,-1.1581,2.70805020110221,449.0,178.0,62.98571428571428,11.657142857142857,11.071428571428571,29857.14285714286,12.857142857142858,2.514285714285714,3.7928571428571423,70.71428571428571,17451.071428571428,0.5832857142857143,0.7142857142857143,0.07142857142857142,0.21428571428571427,1.0,0.21428571428571427,133.67185055495074,1.1048683166708675,54.486907893606414
Glasgow Central,Carlisle,19,7,7.0,136.0043749914353,169.60488696584883,0.9690999999999974,1.3136,55.8642,-4.2518,54.8951,-2.9382,2.0794415416798357,155.0,15.0,61.1,6.014285714285714,0.0,32285.714285714286,13.642857142857142,2.5214285714285714,3.842857142857143,75.71428571428571,19984.714285714286,0.6214285714285716,0.8571428571428571,0.2857142857142857,0.2857142857142857,0.8571428571428571,0.0,336.0464148905488,3.1020789741561363,144.5870350009454
Carlisle,Lancaster,7,24,5.0,94.73136592709399,119.24778011013727,0.8481999999999985,0.1372,54.8951,-2.9382,54.0469,-2.801,1.791759469228055,15.0,125.0,61.21999999999999,0.64,0.0,29600.0,12.5,2.5100000000000002,3.78,69.0,19234.6,0.6786000000000001,1.4,0.2,0.0,1.0,0.0,236.9644829510693,2.176321343934984,102.28872537315863
Lancaster,Teesport,24,56,12.0,123.51621777658686,156.00188834584566,0.5763999999999996,1.6287000000000003,54.0469,-2.801,54.6233,-1.1723,2.5649493574615367,125.0,157.0,60.875,7.625,0.0,29000.0,12.625,2.5125,3.775,68.75,18696.5,0.62925,0.4166666666666667,0.16666666666666666,0.08333333333333333,1.0,0.0,306.24008713312907,2.6828334928962008,133.47733341378805
Wetherby Services,Glasgow Central,63,19,9.0,281.32019355147855,343.62579821612053,1.919799999999995,2.8671,53.9444,-1.3847,55.8642,-4.2518,2.302585092994046,280.0,169.0,62.21111111111111,0.0,2.3333333333333335,30000.0,12.777777777777779,2.511111111111111,3.811111111111111,71.11111111111111,21063.555555555555,0.7008888888888888,1.5555555555555556,0.4444444444444444,0.3333333333333333,0.8888888888888888,0.1111111111111111,671.9104552079987,6.243213723524145,283.4612479008552
Tibshelf Services,Preston,57,46,4.0,113.7314544584973,137.47863305333567,0.6214999999999975,1.3642,53.1417,-1.3389,53.7632,-2.7031,1.6094379124341003,547.0,176.0,60.8,22.2,13.75,33500.0,13.75,2.525,3.825,77.5,20811.5,0.64125,1.5,0.5,0.0,1.0,0.5,272.3724120777119,2.552261301145175,117.92613028093297
Preston,Edinburgh Hub,46,16,4.0,245.49871766724527,296.7589597964384,2.190100000000001,0.48519999999999985,53.7632,-2.7031,55.9533,-3.1883,1.6094379124341003,176.0,153.0,60.8,22.2,13.75,33500.0,13.75,2.525,3.825,77.5,20811.5,0.64125,1.5,0.5,0.0,1.0,0.5,587.9382991396967,5.509266364051687,254.55327113568384
Cardiff Bay,Stafford,6,52,9.0,164.19905976111713,204.84175148114193,1.3250000000000028,1.0624000000000002,51.4816,-3.1791,52.8066,-2.1167,2.302585092994046,186.0,411.0,62.72222222222222,1.7111111111111112,3.6666666666666665,32666.666666666668,13.555555555555555,2.522222222222222,3.822222222222222,76.11111111111111,22777.555555555555,0.6851111111111111,1.0,0.2222222222222222,0.3333333333333333,0.8888888888888888,0.1111111111111111,405.7841296719011,3.7339249332692486,170.97340599058865
Felixstowe Port,Milton Keynes,17,38,14.0,144.78181650661645,181.9188115182444,0.08389999999999986,2.1105,51.9567,1.3511,52.0406,-0.7594,2.70805020110221,160.0,277.0,62.414285714285725,7.264285714285713,1.3571428571428572,30857.14285714286,12.857142857142858,2.5142857142857147,3.7928571428571423,72.5,20513.5,0.6475000000000001,1.0,0.14285714285714285,0.35714285714285715,1.0,0.07142857142857142,361.26444040429396,3.2421191367572644,153.32028267349554
Tamworth,iPort Doncaster,55,67,16.0,106.09835235532022,132.58534502470442,0.8602999999999952,0.6868000000000001,52.6336,-1.691,53.4939,-1.0042,2.833213344056216,449.0,175.0,63.868750000000006,7.112500000000001,3.0625,35125.0,13.84375,2.5218749999999996,3.8687499999999995,80.0,20725.125,0.5973125,0.75,0.125,0.1875,1.0,0.1875,258.00167758557984,2.257235488333961,108.8949849689032
Rugby,Southampton Port,49,51,10.0,164.27164610146292,201.87406953424892,1.4751000000000047,0.13070000000000004,52.3708,-1.2651,50.8957,-1.3958,2.3978952727983707,393.0,166.0,63.3,7.8,2.9,31200.0,13.2,2.5200000000000005,3.7900000000000005,73.5,18988.4,0.6258999999999999,1.5,0.3,0.3,0.8,0.2,395.91257399488893,3.5979889335602215,170.96877432473036
Doncaster iPort,Tibshelf Services,13,57,29.0,44.59499907702979,55.5196991333143,0.3614000000000033,0.2910999999999999,53.5031,-1.0478,53.1417,-1.3389,3.4011973816621555,200.0,547.0,62.4689655172414,11.020689655172415,2.793103448275862,32758.620689655174,13.362068965517242,2.5189655172413787,3.8241379310344814,75.86206896551724,22044.931034482757,0.6689310344827585,0.034482758620689655,0.2413793103448276,0.27586206896551724,0.9655172413793104,0.10344827586206896,109.63622791879475,0.8983796228386114,47.951915926509
M62 J26 Chain Bar,Knutsford Services,34,23,32.0,68.90416698025594,84.45399150768888,0.43079999999999785,0.7491000000000001,53.7297,-1.6653,53.2989,-2.4144,3.4965075614664802,309.0,242.0,62.162499999999994,8.665625,0.6875,33062.5,13.5,2.5187499999999994,3.846874999999999,76.5625,21932.25,0.6593749999999999,0.53125,0.125,0.28125,0.96875,0.03125,166.4816292492762,1.450609812424942,72.42110869031461
Glasgow Central,Knutsford Services,19,23,10.0,308.82017290974875,385.3014695026106,2.5652999999999935,1.8374000000000001,55.8642,-4.2518,53.2989,-2.4144,2.3978952727983707,155.0,242.0,64.13000000000001,3.1,1.9,33400.0,13.85,2.5250000000000004,3.84,77.5,21332.0,0.6363,1.6,0.2,0.1,1.0,0.1,747.5966588788317,6.8323936561288905,316.2599356802042
Knutsford Services,Grimsby Port,23,20,9.0,157.96533949679812,198.47506806965274,0.27609999999999957,2.3394,53.2989,-2.4144,53.575,-0.075,2.302585092994046,242.0,166.0,64.88888888888889,8.322222222222223,14.0,28888.88888888889,12.055555555555555,2.5055555555555555,3.755555555555556,67.77777777777777,20695.777777777777,0.7062222222222221,1.4444444444444444,0.2222222222222222,0.1111111111111111,1.0,0.3333333333333333,393.26927730335797,3.439520233978194,170.78472575969823
Felixstowe Port,Leicester Forest East,17,26,16.0,186.30774818224552,232.41201412376643,0.6600000000000037,2.5178000000000003,51.9567,1.3511,52.6167,-1.1667,2.833213344056216,160.0,425.0,62.15,3.375,2.375,29625.0,12.90625,2.5156249999999996,3.7874999999999996,70.9375,19169.5,0.6379375,1.25,0.25,0.1875,0.9375,0.125,455.9806459520177,4.175168268538625,196.3675156197425
Leicester Forest East,Hull Port,26,22,5.0,136.47115614300785,161.29390807381384,1.1165999999999983,0.8500000000000001,52.6167,-1.1667,53.7333,-0.3167,1.791759469228055,425.0,151.0,58.4,6.919999999999999,5.2,31200.0,13.4,2.5200000000000005,3.8200000000000003,73.0,21961.0,0.7070000000000001,1.0,0.0,0.2,1.0,0.4,320.17218442103865,3.0806571602545567,132.84693403963215
Stafford,Tibshelf Services,52,57,5.0,64.03699546892894,80.48193052306493,0.33509999999999707,0.7777999999999998,52.8066,-2.1167,53.1417,-1.3389,1.791759469228055,411.0,547.0,60.25999999999999,4.9399999999999995,0.0,39200.0,15.6,2.54,3.96,88.0,23970.4,0.6176,0.0,0.2,0.2,1.0,0.0,177.65896238174753,1.3398200315142943,66.4044271460658
Doncaster iPort,Wetherby Services,13,63,19.0,53.84407890721071,66.97586647444732,0.44129999999999825,0.3369,53.5031,-1.0478,53.9444,-1.3847,2.995732273553991,200.0,280.0,62.978947368421046,15.005263157894735,6.0,32210.526315789473,13.842105263157896,2.5263157894736836,3.8263157894736834,76.05263157894737,22792.78947368421,0.7036315789473684,0.3157894736842105,0.2631578947368421,0.47368421052631576,0.9473684210526315,0.21052631578947367,129.46659894012677,1.095787798644948,55.497566183672866
Wetherby Services,Warrington,63,61,40.0,100.88852340003987,123.7376274595097,0.5544000000000011,1.2123,53.9444,-1.3847,53.39,-2.597,3.713572066704308,280.0,292.0,62.089999999999996,10.607500000000002,4.675,32200.0,13.8125,2.526249999999999,3.8224999999999993,76.375,21959.3,0.6683499999999999,0.8,0.25,0.375,0.95,0.175,241.42385008476762,2.135178363963274,103.76391242017826
East Midlands Gateway,Leicester Forest East,15,26,12.0,26.22704719057712,32.4322159519422,0.21459999999999724,0.16159999999999997,52.8313,-1.3283,52.6167,-1.1667,2.5649493574615367,156.0,425.0,63.48333333333333,5.133333333333334,8.833333333333334,31666.666666666668,13.541666666666666,2.5208333333333335,3.8333333333333335,75.0,19958.583333333332,0.6185,0.0,0.16666666666666666,0.25,1.0,0.25,63.318499290872886,0.5151558699192108,27.32286739147945
M1/M6 Junction,Hull Port,30,22,4.0,140.84909176296011,170.50584486333855,1.147199999999998,0.8957999999999999,52.5861,-1.2125,53.7333,-0.3167,1.6094379124341003,498.0,151.0,62.60000000000001,4.45,0.0,36500.0,15.375,2.5374999999999996,3.95,83.75,26093.5,0.7037500000000001,0.0,0.5,0.25,1.0,0.0,329.7864654354263,2.7420263042435806,142.03684656861554
Felixstowe Port,M25 J15 (M4),17,31,15.0,138.90237874340897,176.48209636066773,0.4831000000000003,1.8594,51.9567,1.3511,51.4736,-0.5083,2.772588722239781,160.0,96.0,64.33333333333334,6.819999999999999,5.0,31733.333333333332,13.266666666666667,2.52,3.7999999999999994,74.66666666666667,20860.733333333334,0.6618,0.7333333333333333,0.2,0.3333333333333333,0.8666666666666667,0.13333333333333333,368.5823691642086,3.0279319212276588,152.96011819558152
M25 J15 (M4),Reading,31,48,3.0,32.616161096142584,41.449169624963595,0.0192999999999941,0.4698,51.4736,-0.5083,51.4543,-0.9781,1.3862943611198906,96.0,130.0,68.03333333333332,6.366666666666667,0.0,22666.666666666668,10.666666666666666,2.5,3.6,56.666666666666664,16260.0,0.6833333333333332,0.6666666666666666,0.3333333333333333,0.3333333333333333,0.6666666666666666,0.0,82.68807051083873,0.6765941245087367,37.92038896770318
Leeds Central,iPort Doncaster,25,67,10.0,49.54223210740595,61.25,0.30690000000000595,0.5448999999999999,53.8008,-1.5491,53.4939,-1.0042,2.3978952727983707,177.0,175.0,61.29,6.409999999999999,0.0,31400.0,13.4,2.52,3.8200000000000003,74.5,15892.7,0.5197,0.0,0.3,0.1,1.0,0.0,126.49099999999999,1.005,52.2
Derby,Knutsford Services,12,23,3.0,75.40280633448948,92.45156525058337,0.3763000000000005,0.9398000000000002,52.9226,-1.4746,53.2989,-2.4144,1.3862943611198906,391.0,242.0,60.26666666666667,6.733333333333333,0.0,42666.666666666664,16.5,2.55,4.0,96.66666666666667,24743.666666666668,0.5803333333333333,1.3333333333333333,0.3333333333333333,0.3333333333333333,1.0,0.0,182.11981460915604,1.6752432376557518,80.48576394353428
Hull Port,Wetherby Services,22,63,17.0,73.89935979827567,91.03843693081704,0.21110000000000184,1.068,53.7333,-0.3167,53.9444,-1.3847,2.8903717578961645,189.0,280.0,64.12352941176471,4.670588235294118,2.8823529411764706,35176.470588235294,14.264705882352942,2.526470588235294,3.8882352941176466,80.0,21699.0,0.6167058823529411,0.058823529411764705,0.058823529411764705,0.35294117647058826,1.0,0.058823529411764705,177.57400487293873,1.4389018503559428,78.43639339785011
Wetherby Services,M62 J26 Chain Bar,63,34,20.0,30.14837781139097,37.58843899282028,0.21470000000000056,0.28059999999999996,53.9444,-1.3847,53.7297,-1.6653,3.044522437723423,280.0,309.0,64.06,9.415000000000001,4.0,33600.0,13.95,2.5249999999999995,3.8549999999999995,77.75,19706.25,0.5914000000000001,0.2,0.05,0.2,1.0,0.1,73.500376364456,0.6062050324966767,32.177298441967004
M62 J26 Chain Bar,Newcastle Hub,34,39,18.0,138.87228479335457,172.26431096307388,1.2485999999999962,0.0475000000000001,53.7297,-1.6653,54.9783,-1.6178,2.9444389791664403,309.0,156.0,64.19444444444444,8.38888888888889,15.166666666666666,28333.333333333332,12.333333333333334,2.511111111111111,3.744444444444444,67.5,16383.5,0.5774999999999999,0.7777777777777778,0.16666666666666666,0.3333333333333333,1.0,0.3888888888888889,338.6137789030263,2.9423739836510654,145.04414860517548
Wetherby Services,Hull Port,63,22,7.0,73.89935979827567,91.79142111091414,0.21110000000000184,1.068,53.9444,-1.3847,53.7333,-0.3167,2.0794415416798357,280.0,151.0,61.699999999999996,5.057142857142857,0.0,34857.142857142855,14.571428571428571,2.5285714285714285,3.9142857142857146,80.0,24361.14285714286,0.6998571428571428,0.2857142857142857,0.14285714285714285,0.2857142857142857,1.0,0.0,178.50519823067566,1.535838103962144,76.7191182059336
A1/A14 Junction,Felixstowe Port,1,17,15.0,117.00086908666782,147.81737621116042,0.3766000000000034,1.6011,52.3333,-0.25,51.9567,1.3511,2.772588722239781,259.0,160.0,63.17999999999999,1.3466666666666667,7.266666666666667,32933.333333333336,13.366666666666667,2.5166666666666666,3.846666666666666,76.0,20954.8,0.6490666666666666,0.8,0.06666666666666667,0.6,0.9333333333333333,0.26666666666666666,290.187016941675,2.6062043173947953,123.57159374740887
Toddington Services,Doncaster iPort,59,13,4.0,175.8942089385273,222.83864719306138,1.5503,0.5192000000000001,51.9528,-0.5286,53.5031,-1.0478,1.6094379124341003,111.0,169.0,65.1,18.25,29.75,30000.0,12.625,2.5125,3.7750000000000004,71.25,16037.0,0.55025,1.0,0.5,0.25,0.75,0.25,440.9092288643205,3.8299775755978134,192.53038081330484
Trafford Park DC,Derby,60,12,8.0,82.39621441017799,105.4658549738146,0.5441999999999965,0.8394999999999999,53.4668,-2.3141,52.9226,-1.4746,2.1972245773362196,141.0,391.0,62.125,5.637499999999999,2.875,31750.0,12.875,2.5125,3.8125000000000004,73.75,22152.75,0.699125,0.625,0.25,0.25,0.875,0.125,236.21006401826745,1.8493685832591744,89.26332316895272
Derby,Watford Gap,12,62,17.0,72.49988912965956,91.02752190177634,0.6159000000000034,0.3523999999999998,52.9226,-1.4746,52.3067,-1.1222,2.8903717578961645,391.0,391.0,62.13529411764706,1.4705882352941178,2.6470588235294117,29882.352941176472,12.617647058823529,2.514705882352941,3.752941176470588,71.17647058823529,19951.882352941175,0.6686470588235294,1.0588235294117647,0.17647058823529413,0.35294117647058826,0.8823529411764706,0.11764705882352941,192.02008237273418,1.6563922513032892,76.17843476887936
Watford Gap,London Central,62,28,21.0,112.03706279819104,139.02552675103706,0.7993000000000023,0.9944000000000001,52.3067,-1.1222,51.5074,-0.1278,3.091042453358316,391.0,156.0,62.17619047619049,4.580952380952381,4.285714285714286,33142.857142857145,13.452380952380953,2.521428571428571,3.814285714285714,76.9047619047619,22983.619047619046,0.6954285714285715,1.1428571428571428,0.23809523809523808,0.3333333333333333,0.8095238095238095,0.19047619047619047,310.0224813820679,2.5183393869915998,117.07421113117412
Nottingham Hub,Coventry,41,10,13.0,65.62957753525292,82.06182482527642,0.5480000000000018,0.36160000000000014,52.9548,-1.1581,52.4068,-1.5197,2.6390573296152584,154.0,520.0,64.1,4.938461538461539,12.76923076923077,32923.07692307692,13.76923076923077,2.523076923076923,3.8461538461538463,77.6923076923077,22610.53846153846,0.6762307692307693,1.2307692307692308,0.0,0.38461538461538464,0.9230769230769231,0.15384615384615385,176.36668293117768,1.4462699941167967,69.4276749269102
Coventry,Hopwood Park,10,21,18.0,37.43661734356,47.70649655530993,0.05289999999999395,0.5447,52.4068,-1.5197,52.3539,-2.0644,2.9444389791664403,520.0,295.0,64.39444444444445,5.872222222222223,13.222222222222221,33444.444444444445,13.916666666666666,2.525,3.8499999999999996,78.33333333333333,21367.555555555555,0.6515,1.2222222222222223,0.05555555555555555,0.1111111111111111,1.0,0.2777777777777778,97.59522504268178,0.8348121453883766,40.769851253618235
Stafford,Newcastle Hub,52,39,6.0,243.68344613540276,305.22590125364997,2.171699999999994,0.4988999999999999,52.8066,-2.1167,54.9783,-1.6178,1.9459101490553132,411.0,156.0,61.36666666666667,0.85,4.166666666666667,28333.333333333332,12.083333333333334,2.5083333333333333,3.733333333333334,67.5,15625.333333333334,0.5508333333333334,2.0,0.0,0.3333333333333333,1.0,0.16666666666666666,605.9000162426687,5.6718798542585915,268.5537577086065
Rugby,Leicester Forest East,49,26,22.0,28.142695124697717,35.52966817663874,0.2458999999999989,0.09839999999999982,52.3708,-1.2651,52.6167,-1.1667,3.1354942159291497,393.0,425.0,62.15454545454545,5.0636363636363635,1.9545454545454546,32636.363636363636,13.386363636363637,2.520454545454545,3.813636363636363,75.9090909090909,21729.272727272728,0.638909090909091,1.5454545454545454,0.22727272727272727,0.5,1.0,0.09090909090909091,70.34584422103238,0.6420993219234037,29.52560959427485
Leicester Forest East,Stoke-on-Trent,26,53,3.0,80.46848865388567,97.85818342869622,0.3859999999999957,1.0126999999999997,52.6167,-1.1667,53.0027,-2.1794,1.3862943611198906,425.0,375.0,67.8,0.0,0.0,44000.0,16.5,2.55,4.0,100.0,32605.333333333332,0.741,1.0,0.3333333333333333,0.3333333333333333,1.0,0.0,194.29058892713397,1.6454030841993166,84.29499099507926
Stoke-on-Trent,Grimsby Port,53,20,8.0,153.66737900347366,186.59504988599073,0.5723000000000056,2.1043999999999996,53.0027,-2.1794,53.575,-0.075,2.1972245773362196,375.0,166.0,64.0125,3.0,1.75,41000.0,15.9375,2.54375,3.975,92.5,25709.875,0.621875,0.625,0.375,0.125,0.875,0.125,366.9797772711562,3.1833955293658787,158.64876144801195
Bristol DC,Rugby,3,49,18.0,136.4276057414623,172.68021213993558,0.9162999999999997,1.3228,51.4545,-2.5879,52.3708,-1.2651,2.9444389791664403,160.0,393.0,60.47222222222222,1.8555555555555554,4.777777777777778,32444.444444444445,13.416666666666666,2.519444444444444,3.8277777777777775,75.27777777777777,21747.944444444445,0.6594444444444444,1.3333333333333333,0.16666666666666666,0.5,1.0,0.16666666666666666,362.99773999826135,3.238378799403944,141.7804621139984
Rugby,Stoke-on-Trent,49,53,14.0,93.45930556665773,117.66204923002967,0.6318999999999946,0.9142999999999999,52.3708,-1.2651,53.0027,-2.1794,2.70805020110221,393.0,375.0,60.857142857142854,4.185714285714285,7.142857142857143,33571.42857142857,13.785714285714286,2.5214285714285714,3.864285714285714,77.85714285714286,20730.214285714286,0.6217142857142859,1.0,0.14285714285714285,0.2857142857142857,1.0,0.2857142857142857,241.19610983234634,2.1699270173670153,97.23866618105909
Rugby,Dover Port,49,14,10.0,224.94156352332834,282.9746135120892,1.242900000000006,2.5785,52.3708,-1.2651,51.1279,1.3134,2.3978952727983707,393.0,180.0,60.9,9.4,0.0,28600.0,12.3,2.5100000000000002,3.75,68.0,18421.9,0.6441,1.5,0.4,0.3,1.0,0.0,555.7672946786014,5.164409207796125,236.4865408276161
Tamworth,Magna Park DC,55,36,7.0,39.825840075613264,47.203067527573936,0.19640000000000413,0.49239999999999995,52.6336,-1.691,52.4372,-1.1986,2.0794415416798357,449.0,153.0,62.58571428571429,0.9285714285714286,0.0,25142.85714285714,11.142857142857142,2.5,3.6714285714285713,60.714285714285715,17477.428571428572,0.6732857142857143,0.42857142857142855,0.0,0.2857142857142857,1.0,0.0,91.94027704152616,0.800058670971176,38.77932065795374
Magna Park DC,Milton Keynes,36,38,9.0,53.28383972556997,66.25117295327712,0.3965999999999994,0.43920000000000015,52.4372,-1.1986,52.0406,-0.7594,2.302585092994046,149.0,277.0,62.62222222222223,6.5888888888888895,1.5555555555555556,30888.88888888889,13.333333333333334,2.522222222222222,3.788888888888889,74.44444444444444,19173.0,0.6284444444444444,0.5555555555555556,0.4444444444444444,0.1111111111111111,1.0,0.1111111111111111,132.066487394299,1.123914674322414,53.70529402450425
Milton Keynes,Bristol Port,38,4,6.0,146.82661521838102,181.40345775975297,0.5302999999999969,1.9545000000000003,52.0406,-0.7594,51.5103,-2.7139,1.9459101490553132,277.0,167.0,61.03333333333333,6.666666666666667,0.0,29333.333333333332,12.833333333333334,2.516666666666667,3.766666666666667,71.66666666666667,16554.0,0.5591666666666667,0.6666666666666666,0.16666666666666666,0.16666666666666666,1.0,0.0,356.12489936174507,3.194555814114414,150.60393321894423
London Gateway DC,Frankley Services,29,18,6.0,196.6581097405539,249.31856882027822,0.914200000000001,2.4575,51.5086,0.4367,52.4228,-2.0208,1.9459101490553132,153.0,300.0,59.88333333333333,14.516666666666666,15.666666666666666,31333.333333333332,12.75,2.5083333333333333,3.8333333333333335,71.66666666666667,20300.166666666668,0.6425000000000001,1.0,0.16666666666666666,0.5,1.0,0.3333333333333333,519.0899728683638,4.645355151796305,213.62841415006235
Frankley Services,Leeds Central,18,25,3.0,156.42693011142183,192.67757329325534,1.3780000000000001,0.4717,52.4228,-2.0208,53.8008,-1.5491,1.3862943611198906,300.0,160.0,58.56666666666666,5.833333333333333,21.666666666666668,30000.0,12.0,2.5,3.7999999999999994,68.33333333333333,17666.333333333332,0.5710000000000001,1.0,0.0,0.0,1.0,0.3333333333333333,402.7296252257018,3.650416023855275,164.70397191684194
Newcastle Hub,Teesport,39,56,13.0,48.719084992337535,59.400000000000006,0.3549999999999969,0.4455,54.9783,-1.6178,54.6233,-1.1723,2.6390573296152584,174.0,157.0,61.75384615384615,9.023076923076923,5.384615384615385,32307.69230769231,13.576923076923077,2.519230769230769,3.853846153846154,77.3076923076923,20864.153846153848,0.6478461538461538,0.0,0.23076923076923078,0.46153846153846156,1.0,0.23076923076923078,122.54076923076923,0.9676923076923077,50.089999999999996
Hull Port,M62 J26 Chain Bar,22,34,17.0,88.71004081938933,110.15950753028511,0.0035999999999987153,1.3486,53.7333,-0.3167,53.7297,-1.6653,2.8903717578961645,189.0,309.0,61.170588235294126,7.9,1.3529411764705883,30941.176470588234,13.235294117647058,2.5176470588235293,3.8176470588235287,73.52941176470588,20038.647058823528,0.6345294117647058,0.9411764705882353,0.058823529411764705,0.47058823529411764,1.0,0.058823529411764705,218.09030529249202,2.008248819226275,93.93923470247066
M62 J26 Chain Bar,Derby,34,12,5.0,90.63467450190443,110.50164226035868,0.8070999999999984,0.1907000000000001,53.7297,-1.6653,52.9226,-1.4746,1.791759469228055,309.0,391.0,61.67999999999999,6.12,0.0,32800.0,13.4,2.5200000000000005,3.8200000000000003,77.0,19942.4,0.6224000000000001,1.0,0.0,0.6,1.0,0.0,222.47322834536584,2.0238171459380276,90.69228099194993
Derby,Warrington,12,61,12.0,91.1125511983074,112.08463670175497,0.4673999999999978,1.1224,52.9226,-1.4746,53.39,-2.597,2.5649493574615367,391.0,292.0,62.550000000000004,8.733333333333334,2.9166666666666665,28833.333333333332,12.625,2.5125,3.775,69.16666666666667,19927.0,0.7011666666666665,1.1666666666666667,0.08333333333333333,0.5,1.0,0.16666666666666666,229.34222645740314,2.030918119033473,95.08824039550983
M6 J10 Walsall,Toddington Services,33,59,4.0,123.01583507561983,154.53042369399756,0.660499999999999,1.4508,52.6133,-1.9794,51.9528,-0.5286,1.6094379124341003,302.0,111.0,64.7,10.625,12.0,31000.0,13.125,2.5125,3.8499999999999996,72.5,23010.0,0.7344999999999999,1.0,0.0,0.25,1.0,0.25,301.5149908595903,2.626619664714073,131.33827736245956
Chester,York,9,66,1.0,146.5845610249513,181.328441025742,0.7665000000000006,1.8065000000000002,53.1935,-2.8938,53.96,-1.0873,0.6931471805599453,179.0,218.0,64.6,0.0,0.0,32000.0,12.0,2.5,3.8,70.0,20899.0,0.653,2.0,0.0,0.0,0.0,0.0,361.28338378514695,3.2083852706863896,169.33500082434824
York,M1/M6 Junction,66,30,1.0,152.99752058752398,189.26141808493233,1.373899999999999,0.12519999999999998,53.96,-1.0873,52.5861,-1.2125,0.6931471805599453,218.0,498.0,64.6,0.0,0.0,32000.0,12.0,2.5,3.8,70.0,20899.0,0.653,2.0,0.0,0.0,0.0,0.0,377.08924843176,3.3487496095921987,176.74327428249165
DIRFT Daventry,Stafford,11,52,1.0,88.9472822935553,116.18165282088907,0.5492000000000061,0.9560999999999997,52.2574,-1.1606,52.8066,-2.1167,0.6931471805599453,163.0,411.0,56.0,0.0,0.0,44000.0,16.5,2.55,4.0,100.0,28942.0,0.658,2.0,0.0,0.0,1.0,0.0,238.74022336661477,2.3731315101191734,107.05238156160807
Stafford,Edinburgh Hub,52,16,2.0,356.7015079065559,445.6912647988829,3.1466999999999956,1.0716,52.8066,-2.1167,55.9533,-3.1883,1.0986122886681098,411.0,153.0,58.0,0.0,0.0,31000.0,13.25,2.525,3.75,75.0,21858.5,0.7395,2.0,0.5,0.0,1.0,0.0,902.2985420553366,8.707628466755246,411.5053281813214
iPort Doncaster,Warrington,67,61,10.0,106.12262669321123,133.24459917043558,0.10389999999999588,1.5928,53.4939,-1.0042,53.39,-2.597,2.3978952727983707,171.0,292.0,61.57000000000001,9.98,0.0,30200.0,13.0,2.5200000000000005,3.7600000000000002,72.5,20081.4,0.6905,1.5,0.3,0.3,0.9,0.0,265.51402017887165,2.4445049493512023,110.11424022585405
Warrington,Frankley Services,61,18,3.0,114.27832839297787,146.38833107367313,0.9671999999999983,0.5762,53.39,-2.597,52.4228,-2.0208,1.3862943611198906,292.0,300.0,58.1,13.366666666666667,0.0,29333.333333333332,12.833333333333334,2.5166666666666666,3.766666666666667,71.66666666666667,22348.333333333332,0.7799999999999999,1.0,0.3333333333333333,0.0,0.6666666666666666,0.0,301.4867052822528,2.774428001310815,114.44657696264086
London Gateway DC,Milton Keynes,29,38,17.0,101.34803171439529,124.13927262971163,0.5319999999999965,1.1961,51.5086,0.4367,52.0406,-0.7594,2.8903717578961645,153.0,277.0,62.01176470588236,14.458823529411765,3.0,34117.64705882353,14.323529411764707,2.5323529411764705,3.841176470588235,80.29411764705883,21374.470588235294,0.6275294117647059,0.9411764705882353,0.11764705882352941,0.47058823529411764,0.9411764705882353,0.11764705882352941,260.16860155728983,2.2551888383623995,106.38696337051842
Milton Keynes,Peterborough,38,44,24.0,68.58135096863747,85.38619178206106,0.5289000000000001,0.5188999999999999,52.0406,-0.7594,52.5695,-0.2405,3.2188758248682006,277.0,291.0,62.85416666666666,13.274999999999999,3.0833333333333335,33333.333333333336,13.854166666666666,2.527083333333333,3.820833333333333,78.125,21474.666666666668,0.6420833333333331,1.0,0.125,0.375,0.9583333333333334,0.125,175.0370789202334,1.522048698206545,72.0266689439519
Peterborough,Leicester Forest East,44,26,6.0,62.78213187397773,78.1510772167439,0.04720000000000368,0.9262000000000001,52.5695,-0.2405,52.6167,-1.1667,1.9459101490553132,291.0,425.0,62.71666666666667,13.633333333333335,5.0,37666.666666666664,14.666666666666666,2.533333333333333,3.8833333333333333,86.66666666666667,23498.333333333332,0.6124999999999999,1.1666666666666667,0.16666666666666666,0.3333333333333333,1.0,0.16666666666666666,160.32142860184481,1.395116624470468,68.40001111554842
Leicester Forest East,Frankley Services,26,18,6.0,61.67975033913155,77.60466732726248,0.1938999999999993,0.8540999999999999,52.6167,-1.1667,52.4228,-2.0208,1.9459101490553132,425.0,300.0,60.5,12.683333333333332,0.0,31000.0,13.166666666666666,2.5166666666666666,3.816666666666667,73.33333333333333,15839.5,0.5253333333333333,1.5,0.0,0.6666666666666666,0.6666666666666666,0.0,153.56474667832262,1.4488063618203795,66.42475823723062
Frankley Services,East Midlands Gateway,18,15,8.0,65.17575480018775,82.45749836474538,0.40849999999999653,0.6924999999999999,52.4228,-2.0208,52.8313,-1.3283,2.1972245773362196,300.0,178.0,61.8625,3.875,0.0,35000.0,14.5625,2.53125,3.8875,80.625,20467.625,0.574125,1.375,0.125,0.25,1.0,0.0,165.8018563946504,1.5276841189115253,69.75018043448343
Tilbury Port,Watford Gap,58,62,13.0,138.9485195410634,168.43991617545655,0.8521999999999963,1.4806000000000001,51.4545,0.3584,52.3067,-1.1222,2.6390573296152584,165.0,391.0,62.70769230769231,7.176923076923076,6.846153846153846,29076.923076923078,12.615384615384615,2.5153846153846158,3.7461538461538457,70.0,16355.461538461539,0.5414615384615385,1.5384615384615385,0.3076923076923077,0.15384615384615385,0.9230769230769231,0.15384615384615385,330.93034666526177,3.072786452055217,138.9022931790181
Cardiff Bay,Swindon,6,54,20.0,97.17688378827891,122.1085120553397,0.0741999999999976,1.3994,51.4816,-3.1791,51.5558,-1.7797,3.044522437723423,186.0,129.0,62.164999999999985,8.995000000000001,0.0,31700.0,13.275,2.5174999999999996,3.8249999999999993,74.5,21300.25,0.6752,0.4,0.2,0.1,0.95,0.0,238.49808058411745,2.090414581215877,101.25449600152768
Southampton Port,Tamworth,51,55,3.0,194.31033166255494,245.82275525065913,1.7379000000000033,0.29520000000000013,50.8957,-1.3958,52.6336,-1.691,1.3862943611198906,171.0,449.0,64.3,0.0,0.0,22666.666666666668,10.666666666666666,2.5,3.6,56.666666666666664,13440.666666666666,0.6233333333333334,1.0,0.3333333333333333,0.6666666666666666,1.0,0.0,477.3332511020713,4.32283282819957,188.5649492300847
Tamworth,Manchester Central,55,37,3.0,101.15947503374066,127.97724474934087,0.8472000000000008,0.5515999999999999,52.6336,-1.691,53.4808,-2.2426,1.3862943611198906,449.0,188.0,64.3,0.0,0.0,22666.666666666668,10.666666666666666,2.5,3.6,56.666666666666664,13440.666666666666,0.6233333333333334,1.0,0.3333333333333333,0.6666666666666666,1.0,0.0,248.50341556459534,2.250500505133763,98.16838410324863
Portsmouth Port,Swindon,45,54,11.0,95.93318299921384,115.611226270327,0.7532999999999959,0.6709,50.8025,-1.1088,51.5558,-1.7797,2.4849066497880004,168.0,129.0,60.381818181818176,2.409090909090909,0.0,29818.18181818182,12.272727272727273,2.5090909090909093,3.7545454545454544,69.54545454545455,18815.909090909092,0.6331818181818182,0.5454545454545454,0.36363636363636365,0.45454545454545453,0.8181818181818182,0.0,227.60712047078798,2.041914402900036,96.63241218662651
Swindon,Oxford,54,43,13.0,42.10388373720331,52.4610189509922,0.1962000000000046,0.522,51.5558,-1.7797,51.752,-1.2577,2.6390573296152584,129.0,210.0,60.661538461538456,6.184615384615384,0.0,33846.153846153844,13.576923076923077,2.519230769230769,3.8538461538461535,78.07692307692308,23876.384615384617,0.6993076923076924,0.9230769230769231,0.23076923076923078,0.15384615384615385,0.9230769230769231,0.0,104.72565848856388,0.9787079442840171,44.64242608777445
Oxford,Cardiff Bay,43,6,6.0,136.01952619722962,165.48197623040417,0.2704000000000022,1.9214,51.752,-1.2577,51.4816,-3.1791,1.9459101490553132,210.0,183.0,60.31666666666667,6.516666666666667,0.0,36333.333333333336,14.25,2.525,3.9000000000000004,82.5,21784.0,0.6098333333333333,1.0,0.5,0.5,0.8333333333333334,0.0,329.19506531923406,3.142160194813672,138.20752835778032
Bristol DC,M6 J10 Walsall,3,33,15.0,135.4081902287822,171.3994048079089,1.1587999999999994,0.6084999999999998,51.4545,-2.5879,52.6133,-1.9794,2.772588722239781,160.0,302.0,61.46666666666666,11.146666666666668,9.333333333333334,31066.666666666668,13.266666666666667,2.52,3.7999999999999994,73.66666666666667,19069.066666666666,0.5958666666666665,1.6,0.2,0.4,1.0,0.26666666666666666,362.8496893230362,3.1979007013107417,146.15521940245713
Cambridge,Doncaster iPort,5,13,5.0,164.28826483611874,206.04342942675603,1.2978000000000023,1.1696,52.2053,0.1218,53.5031,-1.0478,1.791759469228055,115.0,169.0,65.42,14.4,0.0,29200.0,13.0,2.52,3.7600000000000002,71.0,17149.2,0.5671999999999999,1.8,0.2,0.0,1.0,0.0,418.2192127752225,3.5963966276814565,171.87008128211912
M5 J15 Almondsbury,Bristol DC,32,3,6.0,11.393824869750999,14.706074267731735,0.1010999999999953,0.026799999999999713,51.5556,-2.5611,51.4545,-2.5879,1.9459101490553132,83.0,175.0,63.36666666666667,0.0,7.5,37000.0,14.25,2.525,3.9000000000000004,84.16666666666667,19887.333333333332,0.5343333333333334,0.0,0.3333333333333333,0.3333333333333333,0.8333333333333334,0.16666666666666666,31.007167125275,0.23384219260861852,12.368357014576823
Cambridge,Teesport,5,56,6.0,282.20482940486085,362.05642739492674,2.4179999999999993,1.2940999999999998,52.2053,0.1218,54.6233,-1.1723,1.9459101490553132,115.0,157.0,62.1,0.0,0.0,29000.0,13.25,2.5250000000000004,3.75,70.0,17165.666666666668,0.6066666666666666,2.0,0.16666666666666666,0.3333333333333333,1.0,0.0,724.4999306657186,6.631987292847129,306.098850092595
M6 J10 Walsall,Watford Gap,33,62,17.0,67.34410083876152,83.40567220597029,0.3066000000000031,0.8572,52.6133,-1.9794,52.3067,-1.1222,2.8903717578961645,302.0,391.0,63.36470588235293,13.75294117647059,4.882352941176471,31882.352941176472,13.382352941176471,2.520588235294117,3.8117647058823527,75.0,21186.352941176472,0.6549411764705882,1.0,0.11764705882352941,0.23529411764705882,0.9411764705882353,0.17647058823529413,165.87303085390403,1.457968319318143,68.56220698605027
Watford Gap,Frankley Services,62,18,13.0,62.36469612628062,78.30054136434464,0.11610000000000298,0.8985999999999998,52.3067,-1.1222,52.4228,-2.0208,2.6390573296152584,391.0,300.0,64.26153846153846,9.86153846153846,5.615384615384615,32923.07692307692,13.423076923076923,2.519230769230769,3.8307692307692305,76.15384615384616,19815.23076923077,0.6233846153846153,1.2307692307692308,0.15384615384615385,0.23076923076923078,1.0,0.23076923076923078,157.79940614975536,1.3732169094868696,66.76935971515387
Manchester Central,M62 J26 Chain Bar,37,34,13.0,47.08185947029017,57.657110959400136,0.248899999999999,0.5772999999999999,53.4808,-2.2426,53.7297,-1.6653,2.6390573296152584,163.0,309.0,61.82307692307693,10.092307692307692,7.923076923076923,33230.769230769234,13.961538461538462,2.526923076923077,3.8384615384615377,78.84615384615384,17594.615384615383,0.5556923076923076,0.0,0.38461538461538464,0.46153846153846156,1.0,0.15384615384615385,112.29308946784946,0.9374113204874699,49.102138058906306
Cambridge,Hull Port,5,22,3.0,172.4240247493406,218.05272767615168,1.5279999999999987,0.4385,52.2053,0.1218,53.7333,-0.3167,1.3862943611198906,115.0,151.0,62.9,2.3000000000000003,0.0,32666.666666666668,13.5,2.5166666666666666,3.8666666666666667,75.0,18433.0,0.5716666666666668,1.6666666666666667,0.0,0.0,1.0,0.0,427.84445666221865,3.920857805091096,179.50975069094042
Wetherby Services,iPort Doncaster,63,67,4.0,56.001353844724264,71.12847358794576,0.45050000000000523,0.38050000000000006,53.9444,-1.3847,53.4939,-1.0042,1.6094379124341003,280.0,175.0,61.725,0.0,0.0,30000.0,12.625,2.5125,3.7750000000000004,71.25,19171.5,0.61225,0.0,0.25,0.0,0.75,0.0,138.8459471521585,1.1522620143080726,60.338093376040604
Trafford Park DC,Sheffield Hub,60,50,6.0,56.72914753912992,70.64999999999999,0.08569999999999567,0.8439999999999999,53.4668,-2.3141,53.3811,-1.4701,1.9459101490553132,141.0,164.0,63.949999999999996,8.583333333333334,16.0,36333.333333333336,14.25,2.5250000000000004,3.9,82.5,19370.166666666668,0.5373333333333333,0.0,0.16666666666666666,0.3333333333333333,1.0,0.5,143.26333333333332,1.11,59.78666666666667
Cardiff Bay,M6 J10 Walsall,6,33,21.0,150.21688205857268,185.69664308188382,1.1317000000000021,1.1997,51.4816,-3.1791,52.6133,-1.9794,3.091042453358316,186.0,302.0,63.58095238095238,10.214285714285715,5.857142857142857,31619.04761904762,13.452380952380953,2.5214285714285714,3.814285714285714,75.0,18685.761904761905,0.5682857142857143,0.9047619047619048,0.19047619047619047,0.3333333333333333,0.8095238095238095,0.23809523809523808,367.26485254884057,3.219743213243092,154.01488396537064
M1/M6 Junction,Warrington,30,61,5.0,128.75555691220242,164.41175612204518,0.8038999999999987,1.3845,52.5861,-1.2125,53.39,-2.597,1.791759469228055,498.0,292.0,62.94,6.16,0.0,33600.0,14.3,2.53,3.8600000000000003,79.0,17536.6,0.5696,1.0,0.0,0.4,0.8,0.0,321.51581250268566,2.8986988290242865,137.79506131990627
Warrington,Trafford Park DC,61,60,11.0,20.59675495825781,25.676279195545714,0.07679999999999865,0.28290000000000015,53.39,-2.597,53.4668,-2.3141,2.4849066497880004,292.0,144.0,62.17272727272727,9.309090909090909,0.0,33454.545454545456,14.090909090909092,2.5272727272727273,3.8545454545454545,78.18181818181819,19077.636363636364,0.5782727272727274,1.0909090909090908,0.18181818181818182,0.36363636363636365,0.7272727272727273,0.0,50.300985340615924,0.45601301055403726,21.39793654885005
London Central,Frankley Services,28,18,9.0,164.85753260936005,205.2918940433393,0.9154000000000053,1.893,51.5074,-0.1278,52.4228,-2.0208,2.302585092994046,178.0,300.0,60.39999999999999,3.5,3.0,31777.777777777777,12.777777777777779,2.511111111111111,3.811111111111111,73.33333333333333,19494.777777777777,0.5992222222222222,1.0,0.1111111111111111,0.1111111111111111,0.8888888888888888,0.1111111111111111,455.88903241509394,3.827990903243018,173.5809884220759
Frankley Services,Omega Warrington,18,42,6.0,119.6687704792937,150.22990504376358,1.0061999999999998,0.6334,52.4228,-2.0208,53.429,-2.6542,1.9459101490553132,300.0,178.0,61.166666666666664,6.8,3.1666666666666665,31666.666666666668,13.166666666666666,2.516666666666667,3.816666666666667,75.0,21318.833333333332,0.6775000000000001,1.0,0.3333333333333333,0.3333333333333333,0.8333333333333334,0.16666666666666666,326.1776231814427,2.765158193317116,129.21569891015153
Sheffield Hub,Coventry,50,10,5.0,108.38844232565359,137.25800085891277,0.9743000000000066,0.04960000000000009,53.3811,-1.4701,52.4068,-1.5197,1.791759469228055,179.0,520.0,64.08,6.92,0.0,31200.0,13.4,2.52,3.8200000000000003,73.0,22487.6,0.6980000000000001,1.0,0.0,0.0,0.8,0.0,280.28852460623585,2.4379749534744106,118.51050640681038
Coventry,London Gateway DC,10,29,13.0,167.16340237959776,211.24279838653428,0.8981999999999957,1.9564,52.4068,-1.5197,51.5086,0.4367,2.6390573296152584,520.0,172.0,63.23076923076922,4.700000000000001,4.076923076923077,27692.30769230769,12.807692307692308,2.519230769230769,3.7384615384615385,67.6923076923077,18499.846153846152,0.6346153846153846,1.3846153846153846,0.0,0.23076923076923078,0.9230769230769231,0.23076923076923078,437.02641182068976,3.766859481243206,182.5918265153394
Dover Port,Reading,14,48,14.0,163.4185219780861,197.84419907137695,0.3264000000000067,2.2915,51.1279,1.3134,51.4543,-0.9781,2.70805020110221,168.0,130.0,61.80714285714286,9.085714285714285,2.7857142857142856,34714.28571428572,13.964285714285714,2.525,3.857142857142857,79.64285714285714,26130.5,0.754857142857143,0.6428571428571429,0.21428571428571427,0.42857142857142855,1.0,0.07142857142857142,392.7882061974672,3.498620218575758,170.20796363990465
Lancaster,Woodall Services,24,65,14.0,132.2859162839895,164.32784162033082,0.7210999999999999,1.5979,54.0469,-2.801,53.3258,-1.2031,2.70805020110221,125.0,391.0,63.207142857142856,2.9071428571428575,4.714285714285714,31857.14285714286,13.0,2.5142857142857147,3.8142857142857136,73.92857142857143,20957.071428571428,0.6610714285714285,1.2857142857142858,0.14285714285714285,0.14285714285714285,1.0,0.14285714285714285,322.2326491472075,2.9096449420432933,139.236029642054
Hull Port,A1 Scotch Corner,22,0,7.0,115.14192433739207,140.29638675390703,0.6700000000000017,1.3455,53.7333,-0.3167,54.4033,-1.6622,2.0794415416798357,189.0,49.0,62.642857142857146,4.557142857142857,0.0,34857.142857142855,13.928571428571429,2.521428571428572,3.8857142857142857,80.0,20584.0,0.5894285714285715,1.5714285714285714,0.0,0.5714285714285714,1.0,0.0,276.8923467455731,2.5694085154241013,119.42576444469022
A1 Scotch Corner,Preston,0,46,8.0,98.3639353708001,120.96964594796091,0.6401000000000039,1.0409000000000002,54.4033,-1.6622,53.7632,-2.7031,2.1972245773362196,49.0,176.0,62.9375,3.9875,3.25,34500.0,13.6875,2.5187500000000003,3.875,78.75,20906.375,0.6062500000000001,1.625,0.0,0.5,0.875,0.125,238.800641598224,2.208136900328499,103.09896147812805
London Gateway DC,Felixstowe Port,29,17,5.0,80.29907612774328,102.64000000000001,0.4480999999999966,0.9144,51.5086,0.4367,51.9567,1.3511,1.791759469228055,153.0,160.0,58.339999999999996,7.26,0.0,34400.0,14.3,2.53,3.8600000000000003,81.0,17968.2,0.5256000000000001,0.0,0.2,0.6,1.0,0.0,247.51200000000003,1.762,89.444
Warrington,Leeds Central,61,25,11.0,82.87671551770384,104.21323637433744,0.41080000000000183,1.0479,53.39,-2.597,53.8008,-1.5491,2.4849066497880004,292.0,160.0,60.33636363636364,10.854545454545455,6.2727272727272725,28181.81818181818,12.681818181818182,2.5136363636363637,3.772727272727273,68.18181818181819,16791.090909090908,0.6099999999999999,1.5454545454545454,0.18181818181818182,0.36363636363636365,0.9090909090909091,0.18181818181818182,205.5531748775479,1.95279352485421,86.08676849326035
Cardiff Bay,Bristol Port,6,4,7.0,32.36194788584902,40.971428571428575,0.028700000000000614,0.46519999999999984,51.4816,-3.1791,51.5103,-2.7139,2.0794415416798357,186.0,167.0,61.44285714285714,8.814285714285715,2.5714285714285716,35142.857142857145,14.285714285714286,2.5285714285714285,3.8714285714285714,80.0,16828.14285714286,0.49885714285714283,0.0,0.0,0.2857142857142857,1.0,0.14285714285714285,88.03142857142856,0.6671428571428571,35.18
Cardiff Bay,M1/M6 Junction,6,30,4.0,182.14572179088353,230.2010013310654,1.1045000000000016,1.9666000000000001,51.4816,-3.1791,52.5861,-1.2125,1.6094379124341003,186.0,498.0,63.349999999999994,1.2,5.75,27500.0,12.625,2.5125,3.7750000000000004,67.5,17449.0,0.61675,1.0,0.0,0.5,1.0,0.25,449.12724398232746,4.109404771027975,181.4741508776114
M1/M6 Junction,Omega Warrington,30,42,1.0,134.4908964381374,160.6398442397262,0.8429000000000002,1.4417,52.5861,-1.2125,53.429,-2.6542,0.6931471805599453,498.0,178.0,59.7,4.8,0.0,18000.0,10.0,2.5,3.5,50.0,8487.0,0.472,1.0,0.0,0.0,1.0,0.0,319.1432040359679,3.007218660013912,127.08472077346926
Woodall Services,Warrington,65,61,3.0,92.77672785629072,114.68065532943542,0.06419999999999959,1.3939,53.3258,-1.2031,53.39,-2.597,1.3862943611198906,391.0,292.0,61.26666666666667,1.0666666666666667,0.0,38000.0,15.0,2.533333333333333,3.9333333333333336,88.33333333333333,27783.666666666668,0.7416666666666666,1.3333333333333333,0.0,0.0,1.0,0.0,225.93037843944202,2.1156111160076017,97.23967350929878
Warrington,Manchester Central,61,37,8.0,25.555229799211368,31.957277717890694,0.09080000000000155,0.35440000000000005,53.39,-2.597,53.4808,-2.2426,2.1972245773362196,292.0,188.0,64.4875,8.55,3.0,27750.0,12.375,2.5125,3.7375000000000003,67.5,20976.0,0.736375,1.0,0.25,0.375,1.0,0.125,62.95803366809666,0.5438552068589859,28.000574504926753
Bristol DC,Wolverhampton,3,64,13.0,129.68830708021298,162.70665550958935,1.1315999999999988,0.4590000000000001,51.4545,-2.5879,52.5861,-2.1289,2.6390573296152584,160.0,363.0,62.130769230769225,6.907692307692307,3.230769230769231,37692.307692307695,15.153846153846153,2.5384615384615383,3.9076923076923076,87.3076923076923,24442.0,0.6484615384615384,1.0,0.23076923076923078,0.23076923076923078,0.9230769230769231,0.15384615384615385,336.44772437890396,2.8835311729234943,138.04495527629024
Knutsford Services,Omega Warrington,23,42,18.0,21.50478055607134,26.29708145744008,0.13009999999999877,0.2397999999999998,53.2989,-2.4144,53.429,-2.6542,2.9444389791664403,242.0,178.0,63.483333333333334,4.077777777777778,3.5,32888.88888888889,13.416666666666666,2.5194444444444444,3.8277777777777775,76.38888888888889,20895.333333333332,0.6221111111111112,0.2222222222222222,0.1111111111111111,0.2222222222222222,0.8888888888888888,0.1111111111111111,52.16685858658311,0.4264031985174396,22.401617522685267
Coventry,Frankley Services,10,18,8.0,34.032262508060775,43.81397035780866,0.016000000000005343,0.5010999999999999,52.4068,-1.5197,52.4228,-2.0208,2.1972245773362196,520.0,300.0,62.612500000000004,4.5625,0.0,34250.0,13.6875,2.5187500000000003,3.875,79.375,23489.25,0.69225,0.75,0.125,0.125,1.0,0.0,89.68648215441655,0.7689724873645286,37.568114450454125
Frankley Services,A1/A14 Junction,18,1,10.0,120.608149571016,155.88497959429068,0.08950000000000102,1.7708,52.4228,-2.0208,52.3333,-0.25,2.3978952727983707,300.0,259.0,61.370000000000005,6.24,10.3,31400.0,12.7,2.5100000000000002,3.8099999999999996,72.0,20132.9,0.6346,1.6,0.2,0.6,0.8,0.1,307.01812791340274,2.856959027377842,130.79391859091373
A1/A14 Junction,Cambridge,1,5,7.0,29.028226907854673,36.90944559091921,0.1280000000000001,0.3718,52.3333,-0.25,52.2053,0.1218,2.0794415416798357,259.0,115.0,62.65714285714285,0.0,0.0,33714.28571428572,13.642857142857142,2.521428571428572,3.842857142857143,77.85714285714286,21380.428571428572,0.6481428571428572,0.8571428571428571,0.42857142857142855,0.14285714285714285,1.0,0.0,72.86581019550351,0.6605113585244231,30.499828944596338
Leicester Forest East,Peterborough,26,44,12.0,62.78213187397773,77.01944083021966,0.04720000000000368,0.9262000000000001,52.6167,-1.1667,52.5695,-0.2405,2.5649493574615367,425.0,291.0,62.43333333333334,6.258333333333333,6.5,34500.0,13.875,2.5208333333333335,3.883333333333333,78.75,21249.583333333332,0.6040833333333333,1.1666666666666667,0.25,0.25,0.8333333333333334,0.25,152.14175526694507,1.386486903622089,66.38467816691114
Peterborough,Rugby,44,49,2.0,72.8348101472988,89.78450626954324,0.1986999999999952,1.0246,52.5695,-0.2405,52.3708,-1.2651,1.0986122886681098,291.0,393.0,57.45,0.0,24.0,42000.0,16.5,2.55,4.0,95.0,30399.5,0.718,1.0,0.0,0.5,1.0,0.5,181.52461297793127,1.7810194544317892,81.46476876865142
Rugby,DIRFT Daventry,49,11,25.0,14.472775757609666,18.030839824893405,0.11340000000000572,0.10449999999999982,52.3708,-1.2651,52.2574,-1.1606,3.258096538021482,393.0,168.0,61.767999999999994,10.576,7.72,30160.0,12.8,2.5159999999999996,3.7679999999999993,71.4,19369.24,0.6434000000000001,0.4,0.28,0.32,0.96,0.28,35.86445191701331,0.30889200991704885,15.083903594503067
A1/A14 Junction,Dover Port,1,14,15.0,171.91675413709677,219.1535272795091,1.2054000000000045,1.5634,52.3333,-0.25,51.1279,1.3134,2.772588722239781,259.0,180.0,61.186666666666675,7.293333333333333,11.266666666666667,35733.333333333336,14.266666666666667,2.526666666666666,3.8866666666666663,81.0,24358.933333333334,0.6863333333333334,1.6,0.26666666666666666,0.6666666666666666,0.9333333333333333,0.2,431.54408908491877,4.06717120778528,181.14419273412568
London Central,Cambridge,28,5,16.0,79.47364567489285,99.13117798699109,0.6979000000000042,0.2496,51.5074,-0.1278,52.2053,0.1218,2.833213344056216,178.0,115.0,62.8,10.09375,2.125,36375.0,14.53125,2.5281249999999993,3.9124999999999996,82.8125,24618.0625,0.6746249999999999,0.25,0.25,0.1875,1.0,0.125,233.05065092677114,1.6431367724685961,82.91549295824717
Cambridge,Felixstowe Port,5,17,16.0,88.43375494451972,110.33447998340496,0.24860000000000326,1.2293,52.2053,0.1218,51.9567,1.3511,2.833213344056216,115.0,160.0,63.293749999999996,9.10625,2.0,36125.0,14.5625,2.5312499999999996,3.8874999999999997,82.8125,24587.3125,0.6835000000000001,0.4375,0.375,0.375,1.0,0.125,240.00931660011094,1.8586832107176363,91.98961382458658
Birmingham Central,Stafford,2,52,15.0,38.76039419867629,48.475780130395194,0.32040000000000646,0.22629999999999972,52.4862,-1.8904,52.8066,-2.1167,2.772588722239781,161.0,411.0,63.56666666666667,3.6199999999999997,4.8,29733.333333333332,12.633333333333333,2.51,3.799999999999999,71.0,21341.466666666667,0.7284,0.6666666666666666,0.13333333333333333,0.3333333333333333,1.0,0.2,104.16636485396351,0.8268540087516301,41.02030928437008
Stafford,Stoke-on-Trent,52,53,17.0,22.207117122770665,27.032871751584565,0.19609999999999417,0.06269999999999998,52.8066,-2.1167,53.0027,-2.1794,2.8903717578961645,411.0,375.0,63.594117647058816,6.482352941176471,7.470588235294118,34000.0,13.470588235294118,2.5176470588235293,3.8529411764705874,78.23529411764706,24536.41176470588,0.7398823529411764,0.4117647058823529,0.35294117647058826,0.23529411764705882,0.9411764705882353,0.23529411764705882,59.397190087965676,0.4482445938751719,22.795850807869037
Stoke-on-Trent,Warrington,53,61,19.0,51.26881936574089,63.88771513113382,0.3873000000000033,0.4176000000000002,53.0027,-2.1794,53.39,-2.597,2.995732273553991,375.0,292.0,63.64736842105264,7.536842105263157,7.7368421052631575,30105.263157894737,13.026315789473685,2.5184210526315787,3.7789473684210524,72.10526315789474,19513.526315789473,0.6615263157894737,0.5789473684210527,0.10526315789473684,0.3157894736842105,1.0,0.2631578947368421,126.96504364710295,1.073275320332743,54.28473697979105
Felixstowe Port,Watford Gap,17,62,21.0,173.23827012160748,215.68461013383015,0.3500000000000014,2.4733,51.9567,1.3511,52.3067,-1.1222,3.091042453358316,160.0,391.0,62.83333333333334,7.904761904761905,3.9047619047619047,32380.95238095238,13.333333333333334,2.5190476190476185,3.8190476190476184,75.71428571428571,20311.904761904763,0.6272380952380952,1.0,0.14285714285714285,0.09523809523809523,0.9523809523809523,0.19047619047619047,425.05023706030306,3.820864435078097,181.79045553767588
Watford Gap,Tamworth,62,55,31.0,52.96928579668135,66.63794339582131,0.32690000000000197,0.5688,52.3067,-1.1222,52.6336,-1.691,3.4657359027997265,391.0,449.0,62.49032258064517,6.603225806451611,4.483870967741935,32451.612903225807,13.419354838709678,2.5193548387096767,3.8290322580645153,75.48387096774194,20202.1935483871,0.6163548387096774,1.0,0.25806451612903225,0.12903225806451613,0.9354838709677419,0.1935483870967742,136.6581510546801,1.1912524738107446,56.66191695818923
Tamworth,Doncaster iPort,55,13,9.0,105.80336586177818,134.88490289098684,0.8695000000000022,0.6432,52.6336,-1.691,53.5031,-1.0478,2.302585092994046,449.0,169.0,63.366666666666674,9.033333333333333,2.5555555555555554,26000.0,11.833333333333334,2.5055555555555555,3.7222222222222223,64.44444444444444,15289.777777777777,0.5798888888888889,0.5555555555555556,0.0,0.2222222222222222,1.0,0.1111111111111111,265.4127856831966,2.270052984391331,117.2768299339965
M1/M6 Junction,Tibshelf Services,30,57,15.0,62.35993559390192,77.76161946799925,0.5555999999999983,0.12640000000000007,52.5861,-1.2125,53.1417,-1.3389,2.772588722239781,498.0,547.0,63.35333333333333,10.04,14.4,28133.333333333332,12.533333333333333,2.513333333333333,3.753333333333333,68.0,18385.533333333333,0.6506000000000001,0.4666666666666667,0.2,0.26666666666666666,0.9333333333333333,0.3333333333333333,152.49387747817562,1.3029001147627346,67.2326773704067
Woodall Services,Hull Port,65,22,12.0,74.0638660168198,93.28028226265292,0.40749999999999886,0.8864000000000001,53.3258,-1.2031,53.7333,-0.3167,2.5649493574615367,391.0,151.0,60.35,11.174999999999999,5.916666666666667,36166.666666666664,14.666666666666666,2.5333333333333337,3.883333333333333,83.75,22955.916666666668,0.6389166666666665,0.75,0.08333333333333333,0.4166666666666667,1.0,0.25,183.89917926120475,1.641544078238507,76.85508740280252
Hull Port,Stoke-on-Trent,22,53,9.0,147.8877858028336,191.06750468352917,0.7306000000000026,1.8626999999999998,53.7333,-0.3167,53.0027,-2.1794,2.302585092994046,189.0,375.0,62.477777777777774,6.366666666666666,3.0,33555.555555555555,13.5,2.516666666666667,3.8666666666666663,77.22222222222223,20261.555555555555,0.6078888888888889,1.0,0.4444444444444444,0.2222222222222222,1.0,0.1111111111111111,384.4929590841582,3.332294748247213,164.49749406128834
Stoke-on-Trent,Omega Warrington,53,42,20.0,56.97724117432315,71.13270773213401,0.4263000000000048,0.4748000000000001,53.0027,-2.1794,53.429,-2.6542,3.044522437723423,375.0,178.0,63.30500000000001,6.36,4.0,31100.0,13.3,2.5199999999999996,3.8049999999999997,73.5,19647.8,0.6414,0.2,0.15,0.3,0.9,0.15,142.52138580076468,1.1621899919625285,60.093437770686805
Woodall Services,Manchester Central,65,37,22.0,71.03260718955372,89.9612686753341,0.15500000000000114,1.0394999999999999,53.3258,-1.2031,53.4808,-2.2426,3.1354942159291497,391.0,188.0,61.76818181818182,3.790909090909091,8.409090909090908,32909.09090909091,13.772727272727273,2.5227272727272725,3.8499999999999996,76.5909090909091,20062.31818181818,0.6102272727272727,1.2727272727272727,0.18181818181818182,0.2727272727272727,0.9090909090909091,0.36363636363636365,184.07178422811918,1.639605286821992,78.14917012188765
Doncaster iPort,Stafford,13,52,19.0,105.2492904053233,130.78053527848982,0.6965000000000003,1.0688999999999997,53.5031,-1.0478,52.8066,-2.1167,2.995732273553991,200.0,411.0,63.64736842105264,8.705263157894736,8.31578947368421,32000.0,13.342105263157896,2.5184210526315787,3.826315789473683,75.0,18799.0,0.5847894736842105,0.8947368421052632,0.21052631578947367,0.2631578947368421,0.9473684210526315,0.2631578947368421,266.02633047228306,2.2573464217177004,110.28937622902129
Stafford,A1/A14 Junction,52,1,18.0,136.69021189346387,169.03336564851693,0.47330000000000183,1.8666999999999998,52.8066,-2.1167,52.3333,-0.25,2.9444389791664403,411.0,259.0,63.11111111111112,5.833333333333333,7.166666666666667,30333.333333333332,13.055555555555555,2.516666666666666,3.7999999999999994,71.94444444444444,17462.444444444445,0.5775555555555556,1.0555555555555556,0.2777777777777778,0.2222222222222222,0.9444444444444444,0.2222222222222222,345.519086683725,2.974462888177414,143.05091698788505
Liverpool Port,Warrington,27,61,2.0,26.62116672319246,32.55922791445505,0.015299999999996317,0.40070000000000006,53.4053,-2.9977,53.39,-2.597,1.0986122886681098,167.0,292.0,65.95,0.0,0.0,29000.0,12.0,2.5,3.8,67.5,15276.0,0.546,0.0,0.0,0.0,1.0,0.0,61.16006693660753,0.4938503581619348,24.862444913055683
Warrington,Charnock Richard,61,8,12.0,27.5786086887222,34.90801378433198,0.24080000000000013,0.09989999999999988,53.39,-2.597,53.6308,-2.6969,2.5649493574615367,292.0,172.0,64.25833333333334,4.966666666666667,8.916666666666666,35833.333333333336,14.625,2.529166666666667,3.9166666666666665,82.08333333333333,22870.833333333332,0.6398333333333334,0.16666666666666666,0.08333333333333333,0.3333333333333333,1.0,0.3333333333333333,67.91872279776972,0.5527357170406246,27.973457871949936
Knutsford Services,Leeds Central,23,25,4.0,79.88906608688399,101.83886074467792,0.5018999999999991,0.8653000000000002,53.2989,-2.4144,53.8008,-1.5491,1.6094379124341003,242.0,160.0,64.825,0.0,0.0,35500.0,14.25,2.525,3.9000000000000004,81.25,19132.75,0.55125,0.25,0.25,0.0,0.75,0.0,196.84191618941665,1.6115754753194809,84.61258916210895
Bristol Port,Stafford,4,52,3.0,149.78707294101017,183.32041132027402,1.2963000000000022,0.5972000000000004,51.5103,-2.7139,52.8066,-2.1167,1.3862943611198906,171.0,411.0,65.10000000000001,4.466666666666667,0.0,32666.666666666668,14.333333333333334,2.533333333333333,3.8333333333333335,76.66666666666667,18984.0,0.6046666666666666,0.0,0.3333333333333333,0.3333333333333333,0.6666666666666666,0.0,354.03003396669527,2.823908739565765,159.60536369414922
Stafford,Trafford Park DC,52,60,12.0,74.58254271374437,91.56017097122226,0.6601999999999961,0.19740000000000002,52.8066,-2.1167,53.4668,-2.3141,2.5649493574615367,411.0,144.0,64.27499999999999,7.083333333333335,3.6666666666666665,32333.333333333332,13.541666666666666,2.5208333333333335,3.8333333333333335,75.0,21295.916666666668,0.6514166666666666,0.5,0.3333333333333333,0.3333333333333333,0.9166666666666666,0.16666666666666666,189.91339051023678,1.5233550579899717,78.72115508969279
Coventry,Stoke-on-Trent,10,53,13.0,79.78729445158254,99.42364269283213,0.5959000000000003,0.6596999999999997,52.4068,-1.5197,53.0027,-2.1794,2.6390573296152584,520.0,375.0,63.68461538461539,2.2384615384615385,7.230769230769231,32769.230769230766,13.615384615384615,2.523076923076923,3.823076923076923,76.92307692307692,20601.0,0.6436153846153847,1.2307692307692308,0.15384615384615385,0.38461538461538464,0.9230769230769231,0.38461538461538464,194.9619504395802,1.7530209837233421,82.8981302241241
Tibshelf Services,Leeds Central,57,25,23.0,74.5973828951394,92.91101402095855,0.6591000000000022,0.21019999999999994,53.1417,-1.3389,53.8008,-1.5491,3.1780538303479458,547.0,160.0,61.09565217391305,1.1869565217391305,14.304347826086957,34347.82608695652,14.08695652173913,2.5260869565217385,3.8652173913043475,79.56521739130434,22431.0,0.6543478260869565,0.8695652173913043,0.30434782608695654,0.30434782608695654,0.9130434782608695,0.391304347826087,184.3218794906399,1.6870587621567934,77.57057669109207
London Central,Watford Gap,28,62,14.0,112.03706279819106,142.2626512708391,0.7993000000000023,0.9944000000000001,51.5074,-0.1278,52.3067,-1.1222,2.70805020110221,178.0,391.0,61.72857142857142,2.7642857142857147,4.071428571428571,30000.0,12.857142857142858,2.5142857142857147,3.7928571428571423,70.35714285714286,18844.5,0.6180714285714286,1.0,0.35714285714285715,0.21428571428571427,0.9285714285714286,0.14285714285714285,309.39000308128124,2.5829578713010055,120.59289028975556
Woodall Services,Omega Warrington,65,42,14.0,96.93495186462454,122.23301427708614,0.10320000000000107,1.4510999999999998,53.3258,-1.2031,53.429,-2.6542,2.70805020110221,391.0,178.0,62.3,5.442857142857143,0.8571428571428571,28142.85714285714,12.25,2.5107142857142857,3.735714285714285,67.14285714285714,18399.571428571428,0.644142857142857,1.2142857142857142,0.42857142857142855,0.21428571428571427,1.0,0.07142857142857142,247.77164943394718,2.1958085007442545,102.41170081565387
Sheffield Hub,Stafford,50,52,17.0,77.10304128538472,96.28748913596483,0.5745000000000005,0.6465999999999998,53.3811,-1.4701,52.8066,-2.1167,2.8903717578961645,179.0,411.0,61.38235294117647,5.188235294117647,12.235294117647058,31058.823529411766,13.382352941176471,2.520588235294117,3.8117647058823527,73.52941176470588,21293.117647058825,0.6718235294117647,0.6470588235294118,0.17647058823529413,0.4117647058823529,0.9411764705882353,0.35294117647058826,200.51333801002917,1.6580344093106167,81.05362764919919
Stafford,M6 J10 Walsall,52,33,11.0,23.399709085643714,28.973962560260603,0.1933000000000007,0.13729999999999976,52.8066,-2.1167,52.6133,-1.9794,2.4849066497880004,411.0,302.0,63.645454545454534,3.0,12.545454545454545,26181.81818181818,12.318181818181818,2.5136363636363637,3.7181818181818187,65.0,18048.0,0.6526363636363637,0.09090909090909091,0.2727272727272727,0.2727272727272727,0.9090909090909091,0.36363636363636365,60.28236407820504,0.46227756792663327,24.391026233405967
Grimsby Port,Derby,20,12,24.0,118.0375680732141,147.67458553385322,0.6524000000000001,1.3996,53.575,-0.075,52.9226,-1.4746,3.2188758248682006,143.0,391.0,61.37500000000001,2.475,4.083333333333333,28083.333333333332,12.541666666666666,2.5124999999999997,3.7624999999999993,67.91666666666667,17789.583333333332,0.6090416666666667,1.1666666666666667,0.125,0.16666666666666666,0.9583333333333334,0.16666666666666666,293.5519216459578,2.665441239785158,124.07787418692236
Derby,A1/A14 Junction,12,1,10.0,105.47441738073584,131.24434260848474,0.5893000000000015,1.2246,52.9226,-1.4746,52.3333,-0.25,2.3978952727983707,391.0,259.0,61.11999999999999,2.95,2.4,28400.0,12.75,2.515,3.7700000000000005,68.5,20510.2,0.6868000000000001,1.3,0.1,0.3,0.9,0.1,260.98274228203377,2.4103382652906737,108.98069449992818
Rugby,Coventry,49,10,9.0,17.735408373995668,21.77296089124868,0.03599999999999426,0.25460000000000016,52.3708,-1.2651,52.4068,-1.5197,2.302585092994046,393.0,520.0,60.41111111111112,3.788888888888889,4.666666666666667,27777.777777777777,12.333333333333334,2.511111111111111,3.744444444444445,66.66666666666667,18198.333333333332,0.6272222222222222,0.8888888888888888,0.1111111111111111,0.3333333333333333,1.0,0.2222222222222222,43.52977538985533,0.38874945674548145,18.18078079500283
Coventry,Dover Port,10,14,17.0,241.2817801174341,300.079050058928,1.2789000000000001,2.8331,52.4068,-1.5197,51.1279,1.3134,2.8903717578961645,520.0,180.0,64.3,6.011764705882352,3.0,29058.823529411766,12.205882352941176,2.5088235294117642,3.747058823529411,68.23529411764706,18740.352941176472,0.6402941176470588,2.0588235294117645,0.35294117647058826,0.23529411764705882,0.9411764705882353,0.11764705882352941,584.1446048727777,5.300866029532391,254.63109988397017
Frankley Services,Watford Gap,18,62,5.0,62.36469612628063,76.5506399904148,0.11610000000000298,0.8985999999999998,52.4228,-2.0208,52.3067,-1.1222,1.791759469228055,300.0,391.0,63.720000000000006,0.0,0.0,27600.0,12.6,2.5200000000000005,3.7,68.0,19622.0,0.7209999999999999,1.2,0.4,0.0,0.8,0.0,160.2095153812774,1.3427333260188656,67.0162147782938
Watford Gap,M1/M6 Junction,62,30,14.0,31.664938730985444,38.914140907713566,0.27940000000000254,0.09029999999999982,52.3067,-1.1222,52.5861,-1.2125,2.70805020110221,391.0,498.0,64.30714285714286,8.142857142857142,12.0,34000.0,13.785714285714286,2.521428571428572,3.864285714285714,78.21428571428571,22646.64285714286,0.6625000000000002,1.1428571428571428,0.2857142857142857,0.21428571428571427,0.9285714285714286,0.35714285714285715,80.20419256369651,0.6793928054993107,32.949971590818336
Glasgow Central,Wetherby Services,19,63,12.0,281.32019355147855,357.380384151548,1.919799999999995,2.8671,55.8642,-4.2518,53.9444,-1.3847,2.5649493574615367,155.0,280.0,63.64166666666667,7.8083333333333345,8.5,35500.0,14.25,2.525,3.9,81.25,22649.333333333332,0.6376666666666667,1.25,0.4166666666666667,0.16666666666666666,0.8333333333333334,0.3333333333333333,696.2667967074307,6.275096605467695,295.5541088619374
Oxford,Rugby,43,49,10.0,68.80937528920525,86.56096912958769,0.6188000000000002,0.007399999999999851,51.752,-1.2577,52.3708,-1.2651,2.3978952727983707,210.0,393.0,62.35,1.46,9.4,29400.0,12.3,2.5100000000000002,3.75,68.0,15143.1,0.5146,0.9,0.3,0.2,1.0,0.2,196.58580187587341,1.561826468083963,71.46653699385024
Rugby,Tamworth,49,55,19.0,41.04859518359854,52.06496855919088,0.2627999999999986,0.42590000000000017,52.3708,-1.2651,52.6336,-1.691,2.995732273553991,393.0,449.0,61.62105263157897,3.236842105263158,11.842105263157896,33578.94736842105,13.81578947368421,2.5236842105263158,3.8473684210526313,77.36842105263158,19144.842105263157,0.566578947368421,1.5789473684210527,0.2631578947368421,0.5263157894736842,0.8947368421052632,0.21052631578947367,107.15158818086044,0.9540806063866633,44.17493980896012
Stafford,Hull Port,52,22,6.0,157.93474779707253,194.69106207310662,0.9266999999999967,1.7999999999999998,52.8066,-2.1167,53.7333,-0.3167,1.9459101490553132,411.0,151.0,63.18333333333334,8.483333333333333,12.5,31333.333333333332,13.166666666666666,2.5166666666666666,3.816666666666667,72.5,19133.0,0.6055,0.8333333333333334,0.16666666666666666,0.0,0.8333333333333334,0.3333333333333333,388.26807965686993,3.419258903669793,165.9154483560127
Wolverhampton,Watford Gap,64,62,35.0,74.9674859064815,93.90981658185395,0.27940000000000254,1.0066999999999997,52.5861,-2.1289,52.3067,-1.1222,3.58351893845611,363.0,391.0,61.622857142857136,8.98857142857143,5.314285714285714,31600.0,13.4,2.519999999999999,3.82,74.85714285714286,20825.428571428572,0.6611714285714283,1.6857142857142857,0.34285714285714286,0.22857142857142856,1.0,0.2,189.9615038523931,1.7130900297308118,78.93574861807461
Watford Gap,Dover Port,62,14,10.0,212.89839655543068,262.99261214836145,1.1788000000000025,2.4356,52.3067,-1.1222,51.1279,1.3134,2.3978952727983707,391.0,180.0,62.260000000000005,4.25,1.8,28200.0,12.5,2.5100000000000002,3.78,68.5,19150.6,0.69,1.1,0.2,0.3,1.0,0.1,515.8129406106696,4.7044911594179295,218.6356237514075
Charnock Richard,Stafford,8,52,7.0,99.45464557818285,124.49893006040868,0.8241999999999976,0.5802,53.6308,-2.6969,52.8066,-2.1167,2.0794415416798357,172.0,411.0,61.128571428571426,0.0,1.8571428571428572,31714.285714285714,13.0,2.5142857142857147,3.8142857142857145,74.28571428571429,21252.14285714286,0.659142857142857,1.5714285714285714,0.14285714285714285,0.2857142857142857,1.0,0.14285714285714285,247.36454110436176,2.309017313972059,103.62242182801207
Frankley Services,Milton Keynes,18,38,3.0,95.84164316575097,121.80593583798827,0.38220000000000454,1.2614,52.4228,-2.0208,52.0406,-0.7594,1.3862943611198906,300.0,277.0,61.1,0.0,0.0,32000.0,13.5,2.5166666666666666,3.8666666666666667,76.66666666666667,19491.666666666668,0.6153333333333334,2.0,0.3333333333333333,0.0,1.0,0.0,241.17823424770992,2.296171603600269,103.79989145846882
Milton Keynes,Dover Port,38,14,18.0,175.51758353738612,216.669744820108,0.912700000000001,2.0728,52.0406,-0.7594,51.1279,1.3134,2.9444389791664403,277.0,180.0,62.07777777777777,10.116666666666667,4.222222222222222,32222.222222222223,13.416666666666666,2.519444444444444,3.8277777777777775,75.83333333333333,21243.222222222223,0.6597777777777777,1.1666666666666667,0.2777777777777778,0.3333333333333333,0.8333333333333334,0.1111111111111111,429.8347020250072,3.892945376823894,179.20903578084034
Peterborough,Northampton,44,40,10.0,57.93327211409566,69.41977874235238,0.3290000000000006,0.6621999999999999,52.5695,-0.2405,52.2405,-0.9027,2.3978952727983707,291.0,363.0,60.75,12.26,0.0,27000.0,12.05,2.505,3.7599999999999993,65.5,17947.9,0.6825,1.7,0.5,0.0,0.8,0.0,136.63347160020948,1.2942728386575344,58.205709634577225
Northampton,Felixstowe Port,40,17,24.0,157.14580728003327,196.16699954345611,0.2837999999999994,2.2538,52.2405,-0.9027,51.9567,1.3511,3.2188758248682006,363.0,160.0,62.35416666666666,3.733333333333333,3.4583333333333335,33833.333333333336,13.8125,2.5229166666666663,3.854166666666666,78.54166666666667,21680.125,0.635625,1.0833333333333333,0.20833333333333334,0.25,0.875,0.041666666666666664,389.52959519895745,3.513912558039117,164.85776998148268
York,Preston,66,46,9.0,108.1911644070583,131.95855709248005,0.1968000000000032,1.6158000000000001,53.96,-1.0873,53.7632,-2.7031,2.302585092994046,218.0,176.0,62.233333333333334,3.3000000000000003,10.0,33111.11111111111,13.555555555555555,2.5222222222222226,3.822222222222222,77.22222222222223,22401.444444444445,0.6827777777777777,1.0,0.4444444444444444,0.2222222222222222,1.0,0.3333333333333333,261.5179121124912,2.4227867975387696,109.11569430554596
Preston,Omega Warrington,46,42,10.0,37.30124029439271,46.44650391483454,0.3341999999999956,0.048900000000000166,53.7632,-2.7031,53.429,-2.6542,2.3978952727983707,176.0,178.0,60.98,8.16,0.0,33800.0,13.8,2.5200000000000005,3.88,77.5,21647.4,0.6272,0.9,0.2,0.4,1.0,0.0,93.37588054689037,0.8625169243148054,40.20557848032739
Knutsford Services,Frankley Services,23,18,6.0,100.93767399582428,126.16488396727362,0.876100000000001,0.39360000000000017,53.2989,-2.4144,52.4228,-2.0208,1.9459101490553132,242.0,300.0,62.28333333333333,5.166666666666667,0.0,29000.0,12.833333333333334,2.516666666666667,3.766666666666667,69.16666666666667,17253.666666666668,0.6,1.8333333333333333,0.0,0.16666666666666666,1.0,0.0,245.94858183880004,2.320475390292041,103.03065059855453
Teesport,M62 J26 Chain Bar,56,34,11.0,104.41503594850612,131.71246672984188,0.8935999999999993,0.4930000000000001,54.6233,-1.1723,53.7297,-1.6653,2.4849066497880004,166.0,309.0,62.627272727272725,3.8545454545454545,3.6363636363636362,35636.36363636364,14.090909090909092,2.5272727272727273,3.8545454545454545,81.81818181818181,23111.090909090908,0.6429090909090909,0.6363636363636364,0.0,0.18181818181818182,1.0,0.18181818181818182,259.889083528069,2.3024417947304534,112.91218695405077
Nottingham Hub,East Midlands Gateway,41,15,7.0,17.859158193381095,22.157142857142862,0.12349999999999994,0.17020000000000013,52.9548,-1.1581,52.8313,-1.3283,2.0794415416798357,154.0,178.0,63.41428571428572,3.6714285714285713,4.0,25428.571428571428,12.142857142857142,2.5142857142857147,3.685714285714286,63.57142857142857,17306.14285714286,0.6952857142857143,0.0,0.2857142857142857,0.14285714285714285,1.0,0.14285714285714285,52.30714285714286,0.35000000000000003,19.577142857142857
Bristol Port,Leicester Forest East,4,26,1.0,162.2343668608489,200.53467930917358,1.1064000000000007,1.5472000000000001,51.5103,-2.7139,52.6167,-1.1667,0.6931471805599453,171.0,425.0,56.0,0.0,0.0,44000.0,16.5,2.55,4.0,100.0,35999.0,0.818,1.0,0.0,0.0,1.0,0.0,405.9253307872589,3.9909850181923976,173.74745064797273
Leicester Forest East,Leeds Central,26,25,2.0,134.1056416895348,161.71947783944103,1.1841000000000008,0.38239999999999985,52.6167,-1.1667,53.8008,-1.5491,1.0986122886681098,425.0,160.0,58.7,0.0,0.0,44000.0,16.5,2.55,4.0,100.0,29717.5,0.6755,1.0,0.5,0.0,1.0,0.0,328.0345735500955,3.1024804642698687,142.68507492287296
Liverpool Port,Wolverhampton,27,64,6.0,108.06479003027248,136.86657429881458,0.819199999999995,0.8688000000000002,53.4053,-2.9977,52.5861,-2.1289,1.9459101490553132,167.0,363.0,62.98333333333333,0.0,3.1666666666666665,31666.666666666668,13.916666666666666,2.525,3.85,75.0,20019.833333333332,0.6416666666666667,0.8333333333333334,0.16666666666666666,0.5,1.0,0.16666666666666666,286.74332976250736,2.3315119314824915,111.81389058217805
iPort Doncaster,M62 J26 Chain Bar,67,34,16.0,50.88553026966676,63.47389131380815,0.23580000000000467,0.6611,53.4939,-1.0042,53.7297,-1.6653,2.833213344056216,171.0,309.0,62.03125000000001,10.5875,7.9375,31250.0,13.03125,2.515625,3.8062499999999995,72.8125,21607.0,0.698625,0.1875,0.125,0.25,0.9375,0.3125,123.85510394532723,1.0550094709444193,53.84667877685591
M1/M6 Junction,Frankley Services,30,18,12.0,57.643601131216876,72.2205092591807,0.16329999999999956,0.8083,52.5861,-1.2125,52.4228,-2.0208,2.5649493574615367,498.0,300.0,62.56666666666667,12.458333333333334,7.583333333333333,30166.666666666668,12.833333333333334,2.516666666666667,3.766666666666667,71.25,17924.416666666668,0.61375,0.8333333333333334,0.3333333333333333,0.25,0.9166666666666666,0.25,141.98969966992567,1.2735887652921498,59.493455068411954
Newcastle Hub,Charnock Richard,39,8,7.0,165.38030635707923,204.78607191464477,1.3474999999999966,1.0791,54.9783,-1.6178,53.6308,-2.6969,2.0794415416798357,174.0,172.0,60.65714285714286,14.385714285714284,3.5714285714285716,30857.14285714286,13.0,2.5142857142857147,3.8142857142857145,73.57142857142857,19882.0,0.6528571428571429,1.8571428571428572,0.5714285714285714,0.2857142857142857,0.8571428571428571,0.14285714285714285,413.7051423416325,3.8286883843555373,174.36066275179343
Charnock Richard,Derby,8,12,7.0,113.16087013464868,140.1241211833441,0.7081999999999979,1.2223,53.6308,-2.6969,52.9226,-1.4746,2.0794415416798357,172.0,391.0,60.65714285714286,14.385714285714284,3.5714285714285716,30857.14285714286,13.0,2.5142857142857147,3.8142857142857145,73.57142857142857,19882.0,0.6528571428571429,1.8571428571428572,0.5714285714285714,0.2857142857142857,0.8571428571428571,0.14285714285714285,283.07623149202055,2.6197660325566865,119.30564617316286
Peterborough,Birmingham Central,44,2,3.0,111.99427566893849,141.6445669721744,0.08330000000000126,1.6499000000000001,52.5695,-0.2405,52.4862,-1.8904,1.3862943611198906,291.0,180.0,62.06666666666667,11.266666666666666,0.0,29333.333333333332,12.833333333333334,2.5166666666666666,3.766666666666667,71.66666666666667,18498.0,0.6523333333333333,1.6666666666666667,0.6666666666666666,0.3333333333333333,1.0,0.0,293.46364643642784,2.5830942119379268,121.0301131939196
DIRFT Daventry,Frankley Services,11,18,6.0,61.2648671934603,77.10100088227038,0.16540000000000532,0.8601999999999999,52.2574,-1.1606,52.4228,-2.0208,1.9459101490553132,163.0,300.0,62.45000000000001,4.25,7.0,36333.333333333336,14.666666666666666,2.533333333333333,3.8833333333333333,83.33333333333333,25238.166666666668,0.6928333333333333,0.8333333333333334,0.16666666666666666,0.0,1.0,0.16666666666666666,153.8053831934739,1.3929432270794349,67.21611272577549
Frankley Services,Tibshelf Services,18,57,15.0,92.15868565701906,117.39595622799791,0.7188999999999979,0.6819,52.4228,-2.0208,53.1417,-1.3389,2.772588722239781,300.0,547.0,59.92666666666667,3.5933333333333333,11.533333333333333,34800.0,14.133333333333333,2.5266666666666664,3.8666666666666663,79.66666666666667,21526.133333333335,0.6199999999999999,1.4,0.2,0.2,1.0,0.26666666666666666,232.41598909421128,2.2013159559979854,98.7069151047269
Tamworth,A1/A14 Junction,55,1,13.0,103.13290073108986,131.25656612333557,0.3003,1.441,52.6336,-1.691,52.3333,-0.25,2.6390573296152584,449.0,259.0,63.415384615384625,2.776923076923077,9.615384615384615,33538.46153846154,14.115384615384615,2.526923076923077,3.861538461538461,79.23076923076923,22335.53846153846,0.6906923076923077,1.0,0.3076923076923077,0.3076923076923077,1.0,0.38461538461538464,265.6321117647187,2.301519776648184,108.12327817921599
A1/A14 Junction,Grimsby Port,1,20,12.0,138.56760978654185,174.9539248530779,1.2417000000000016,0.175,52.3333,-0.25,53.575,-0.075,2.5649493574615367,259.0,166.0,64.125,16.5,16.0,35333.333333333336,14.458333333333334,2.529166666666667,3.891666666666667,80.41666666666667,24906.916666666668,0.7076666666666668,1.0,0.3333333333333333,0.3333333333333333,1.0,0.4166666666666667,343.23899883317534,3.070744893744836,143.36981729639717
A1/A14 Junction,Watford Gap,1,62,5.0,59.355142669567485,76.22411732297768,0.026600000000001955,0.8722000000000001,52.3333,-0.25,52.3067,-1.1222,1.791759469228055,259.0,391.0,60.54,0.82,0.0,30800.0,12.9,2.5100000000000002,3.84,73.0,21469.0,0.6842,1.2,0.2,0.0,1.0,0.0,154.37393063211647,1.4109610170128835,63.779727658033025
Watford Gap,Magna Park DC,62,36,17.0,15.410039065041193,19.420368544493755,0.13049999999999784,0.07640000000000002,52.3067,-1.1222,52.4372,-1.1986,2.8903717578961645,391.0,153.0,62.876470588235286,0.8470588235294116,3.1176470588235294,38117.64705882353,14.911764705882353,2.53235294117647,3.929411764705882,86.47058823529412,22793.529411764706,0.6031176470588235,0.35294117647058826,0.35294117647058826,0.17647058823529413,1.0,0.11764705882352941,42.48851255066307,0.3289488620117411,16.582322347787468
iPort Doncaster,Tamworth,67,55,10.0,106.0983523553202,136.34374758473865,0.8602999999999952,0.6868000000000001,53.4939,-1.0042,52.6336,-1.691,2.3978952727983707,171.0,449.0,63.85,5.18,8.1,31600.0,13.4,2.52,3.8199999999999994,76.0,19950.6,0.6612,0.8,0.1,0.3,1.0,0.3,278.684497471619,2.336954215088859,113.09911943145896
A1/A14 Junction,London Central,1,28,11.0,92.2175673698632,114.92704694540366,0.8259000000000043,0.1222,52.3333,-0.25,51.5074,-0.1278,2.4849066497880004,259.0,156.0,63.29090909090908,13.97272727272727,2.5454545454545454,40545.454545454544,15.681818181818182,2.540909090909091,3.963636363636364,92.27272727272727,22691.0,0.5614545454545454,0.7272727272727273,0.18181818181818182,0.2727272727272727,1.0,0.09090909090909091,265.9953447461081,1.981031473222268,97.30266432571722
Dover Port,Tilbury Port,14,58,4.0,75.68867199023397,92.17500000000001,0.3266000000000062,0.9549999999999998,51.1279,1.3134,51.4545,0.3584,1.6094379124341003,168.0,183.0,66.525,9.125,16.5,31500.0,12.625,2.5125,3.7750000000000004,72.5,16320.5,0.56225,0.0,0.25,0.25,1.0,0.5,182.7825,1.385,77.9075
Omega Warrington,Trafford Park DC,42,60,9.0,22.911136319914622,28.95555555555556,0.03779999999999717,0.34010000000000007,53.429,-2.6542,53.4668,-2.3141,2.302585092994046,183.0,144.0,66.38888888888889,3.2,0.0,32222.222222222223,13.0,2.511111111111111,3.8444444444444446,73.88888888888889,21371.0,0.6608888888888889,0.0,0.1111111111111111,0.2222222222222222,0.8888888888888888,0.0,64.58555555555556,0.4377777777777778,24.972222222222225
M62 J26 Chain Bar,Grimsby Port,34,20,3.0,106.20620413164882,135.2854865974647,0.15469999999999828,1.5903,53.7297,-1.6653,53.575,-0.075,1.3862943611198906,309.0,166.0,58.833333333333336,0.0,3.6666666666666665,32666.666666666668,13.5,2.5166666666666666,3.8666666666666667,75.0,21521.0,0.658,0.6666666666666666,0.0,0.3333333333333333,1.0,0.3333333333333333,270.8694757591661,2.491200440477765,118.67421216898094
Manchester Central,Charnock Richard,37,8,8.0,34.33218824597157,43.23359971699497,0.14999999999999858,0.4542999999999999,53.4808,-2.2426,53.6308,-2.6969,2.1972245773362196,163.0,172.0,63.150000000000006,9.962499999999999,0.0,28500.0,12.625,2.5125,3.7750000000000004,70.0,16561.25,0.610875,0.875,0.125,0.5,0.875,0.0,84.67737246091178,0.7667730034023676,35.07070235645051
Manchester Central,Sheffield Hub,37,50,6.0,52.364086535656064,65.71666666666668,0.09969999999999857,0.7725,53.4808,-2.2426,53.3811,-1.4701,1.9459101490553132,163.0,164.0,64.98333333333333,0.75,13.666666666666666,27333.333333333332,12.083333333333334,2.5083333333333333,3.733333333333333,66.66666666666667,20172.333333333332,0.7361666666666666,0.0,0.0,0.16666666666666666,1.0,0.3333333333333333,133.71166666666667,1.01,55.69166666666666
Edinburgh Hub,Woodall Services,16,65,23.0,318.8404300739048,401.5813713407196,2.6274999999999977,1.9851999999999999,55.9533,-3.1883,53.3258,-1.2031,3.1780538303479458,167.0,391.0,62.52608695652174,7.378260869565217,9.043478260869565,31043.478260869564,12.847826086956522,2.5152173913043474,3.7826086956521734,72.82608695652173,20340.82608695652,0.6574347826086957,2.130434782608696,0.21739130434782608,0.21739130434782608,1.0,0.17391304347826086,796.241049382518,7.293104478460049,340.29359717947534
Coventry,Portsmouth Port,10,45,3.0,180.63237973654108,235.34085967301522,1.604299999999995,0.41090000000000004,52.4068,-1.5197,50.8025,-1.1088,1.3862943611198906,520.0,154.0,61.333333333333336,4.733333333333333,0.0,34000.0,13.5,2.5166666666666666,3.8666666666666667,78.33333333333333,17473.333333333332,0.526,1.6666666666666667,0.3333333333333333,0.6666666666666666,1.0,0.0,460.96203227444954,4.285744604518726,201.2583457942806
Knutsford Services,Preston,23,46,9.0,55.04098157753742,68.39520717432777,0.4642999999999944,0.28869999999999996,53.2989,-2.4144,53.7632,-2.7031,2.302585092994046,242.0,176.0,62.42222222222223,9.044444444444444,0.0,32444.444444444445,13.555555555555555,2.522222222222222,3.822222222222223,76.66666666666667,21798.88888888889,0.6661111111111111,1.0,0.0,0.2222222222222222,1.0,0.0,135.7169456511962,1.2400481504023686,58.905063444782144
M6 J10 Walsall,Wolverhampton,33,64,12.0,10.540142407402426,13.046726878475333,0.027200000000000557,0.14949999999999974,52.6133,-1.9794,52.5861,-2.1289,2.5649493574615367,302.0,363.0,60.35833333333334,10.883333333333333,4.583333333333333,30833.333333333332,12.791666666666666,2.5125,3.7999999999999994,72.08333333333333,20585.0,0.6746666666666666,1.0,0.4166666666666667,0.4166666666666667,0.75,0.08333333333333333,25.93881473524276,0.24434892291997032,11.035886320709272
Wolverhampton,Milton Keynes,64,38,8.0,111.11041994454332,136.4346682035774,0.5455000000000041,1.3695,52.5861,-2.1289,52.0406,-0.7594,2.1972245773362196,363.0,277.0,60.825,11.375,0.0,32500.0,13.4375,2.51875,3.8375,76.875,19946.375,0.6258749999999998,1.25,0.5,0.625,0.625,0.0,270.1554888662155,2.5104120870125186,111.9902785413311
Stafford,Nottingham Hub,52,41,9.0,66.40226292961471,84.21414569158928,0.14819999999999567,0.9585999999999999,52.8066,-2.1167,52.9548,-1.1581,2.302585092994046,411.0,178.0,61.8888888888889,5.366666666666666,6.444444444444445,32000.0,13.277777777777779,2.516666666666667,3.8333333333333335,75.0,20309.88888888889,0.6236666666666666,0.6666666666666666,0.2222222222222222,0.2222222222222222,1.0,0.1111111111111111,166.79988288170694,1.4613107789306257,73.70584785549025
Bristol Port,Stoke-on-Trent,4,53,6.0,169.88734667879896,209.36913511163445,1.4923999999999964,0.5345000000000004,51.5103,-2.7139,53.0027,-2.1794,1.9459101490553132,171.0,375.0,61.13333333333333,6.433333333333334,0.0,31666.666666666668,13.5,2.5166666666666666,3.8666666666666667,74.16666666666667,18418.0,0.5701666666666666,2.0,0.3333333333333333,0.5,1.0,0.0,414.7805866017549,3.927081152248775,178.13796896797803
iPort Doncaster,Knutsford Services,67,23,6.0,95.97982099115198,118.15049264154408,0.19499999999999318,1.4102000000000001,53.4939,-1.0042,53.2989,-2.4144,1.9459101490553132,171.0,242.0,64.48333333333333,0.0,12.666666666666666,34333.333333333336,13.916666666666666,2.525,3.85,78.33333333333333,20984.333333333332,0.5680000000000001,0.8333333333333334,0.0,0.16666666666666666,1.0,0.3333333333333333,229.02279201716985,1.955784909319479,97.19480931647884
Knutsford Services,Coventry,23,10,4.0,115.96860140434873,143.71653143331363,0.8921000000000063,0.8947,53.2989,-2.4144,52.4068,-1.5197,1.6094379124341003,242.0,520.0,63.475,0.0,8.75,41000.0,16.5,2.55,4.0,92.5,28413.0,0.6895,1.5,0.0,0.0,1.0,0.25,281.4201347243418,2.531478728983319,123.24135766340149
Hopwood Park,Dover Port,21,14,10.0,269.5443028860387,335.3370487856672,1.2260000000000062,3.3777999999999997,52.3539,-2.0644,51.1279,1.3134,2.3978952727983707,295.0,180.0,63.17999999999999,4.84,6.6,34600.0,14.3,2.5300000000000002,3.8600000000000003,80.5,23611.8,0.6622999999999999,1.3,0.1,0.2,0.8,0.2,660.1663717273552,5.926789599136659,283.8955251485698
Tilbury Port,M1/M6 Junction,58,30,10.0,165.4834925947971,211.74462598531235,1.1315999999999988,1.5709,51.4545,0.3584,52.5861,-1.2125,2.3978952727983707,165.0,498.0,63.31,2.3899999999999997,2.3,31000.0,13.4,2.5200000000000005,3.8200000000000003,73.5,20734.0,0.6695,1.0,0.4,0.3,0.9,0.1,415.21357700806965,3.618642154007774,186.40536400460013
Wolverhampton,Tibshelf Services,64,57,5.0,81.41889848166491,100.49892855467998,0.5555999999999983,0.7899999999999998,52.5861,-2.1289,53.1417,-1.3389,1.791759469228055,363.0,547.0,63.1,0.0,5.4,26400.0,12.1,2.5100000000000002,3.72,66.0,15685.6,0.567,1.0,0.0,0.2,1.0,0.2,198.8805714185281,1.7537820099332044,88.3967944831615
ProLogis Park DC,Wolverhampton,47,64,14.0,25.561239722520217,31.790256618685515,0.08299999999999841,0.3524999999999998,52.5031,-1.7764,52.5861,-2.1289,2.70805020110221,162.0,363.0,63.00714285714286,7.328571428571429,5.642857142857143,34285.71428571428,13.785714285714286,2.5214285714285714,3.864285714285714,78.92857142857143,21492.785714285714,0.6349285714285715,0.42857142857142855,0.21428571428571427,0.42857142857142855,1.0,0.14285714285714285,62.671391004950344,0.5409786556965767,27.727515752229248
Stafford,Cardiff Bay,52,6,8.0,164.19905976111713,200.11583870254438,1.3250000000000028,1.0624000000000002,52.8066,-2.1167,51.4816,-3.1791,2.1972245773362196,411.0,183.0,61.75,13.875,7.25,29750.0,12.875,2.5125,3.8125,71.25,17572.5,0.6143750000000001,0.5,0.375,0.375,1.0,0.125,393.75170360853787,3.485480650489821,163.938475548342
Liverpool Port,Stafford,27,52,10.0,88.82769145009557,110.84329505034057,0.5986999999999938,0.8810000000000002,53.4053,-2.9977,52.8066,-2.1167,2.3978952727983707,167.0,411.0,64.28,11.27,6.3,31800.0,13.65,2.525,3.8099999999999996,74.0,20031.7,0.6152,0.6,0.2,0.4,0.8,0.2,217.2565447385006,1.8618198708830256,95.50017744430633
Wetherby Services,M1/M6 Junction,63,30,3.0,151.46972582987843,189.53617886795595,1.3582999999999998,0.17220000000000013,53.9444,-1.3847,52.5861,-1.2125,1.3862943611198906,280.0,498.0,64.10000000000001,0.0,14.333333333333334,32666.666666666668,13.5,2.5166666666666666,3.8666666666666667,75.0,26254.666666666668,0.8076666666666666,1.6666666666666667,0.3333333333333333,0.6666666666666666,1.0,0.3333333333333333,364.911852608116,3.3254576124462045,151.26518451648016
Milton Keynes,Felixstowe Port,38,17,4.0,144.78181650661645,182.11885269945415,0.08389999999999986,2.1105,52.0406,-0.7594,51.9567,1.3511,1.6094379124341003,277.0,160.0,60.85000000000001,2.575,3.5,39000.0,15.375,2.5374999999999996,3.95,87.5,27028.0,0.7005,1.0,0.75,0.5,1.0,0.25,361.1562691196429,3.3509131679265076,146.92305151430426
Edinburgh Hub,Newcastle Hub,16,39,11.0,146.80736429687093,187.77272727272728,0.9750000000000014,1.5705,55.9533,-3.1883,54.9783,-1.6178,2.4849066497880004,167.0,156.0,60.60909090909092,4.490909090909091,9.181818181818182,35636.36363636364,14.272727272727273,2.5272727272727273,3.8818181818181814,81.36363636363636,22718.636363636364,0.640090909090909,0.0,0.18181818181818182,0.18181818181818182,1.0,0.36363636363636365,364.8363636363636,3.117272727272727,154.96727272727273
Toddington Services,Peterborough,59,44,2.0,71.32202243522565,91.07908076663799,0.6166999999999945,0.28809999999999997,51.9528,-0.5286,52.5695,-0.2405,1.0986122886681098,111.0,291.0,63.5,13.85,24.0,33000.0,14.25,2.525,3.9,77.5,18874.5,0.544,1.0,0.0,0.0,1.0,0.5,177.86948948278783,1.5918496731918874,77.44273576867562
Peterborough,Leeds Central,44,25,3.0,162.31546995109994,203.9207596218853,1.2313000000000045,1.3086,52.5695,-0.2405,53.8008,-1.5491,1.3862943611198906,291.0,160.0,66.63333333333334,1.1333333333333333,16.0,23333.333333333332,11.333333333333334,2.5,3.6999999999999997,60.0,12781.333333333334,0.5503333333333332,1.3333333333333333,0.0,0.3333333333333333,1.0,0.3333333333333333,411.05690577629053,3.3759451882644185,173.67044696130856
Felixstowe Port,Reading,17,48,11.0,169.9355880305422,210.68625318540154,0.5023999999999944,2.3292,51.9567,1.3511,51.4543,-0.9781,2.4849066497880004,160.0,130.0,60.83636363636364,11.890909090909089,15.545454545454545,35636.36363636364,14.5,2.5318181818181817,3.872727272727273,81.81818181818181,24590.909090909092,0.688090909090909,2.272727272727273,0.45454545454545453,0.18181818181818182,1.0,0.45454545454545453,422.49758199832047,3.9883080114939373,178.78584548075708
Reading,Derby,48,12,10.0,166.73797394939672,206.5350873095768,1.4682999999999993,0.49649999999999994,51.4543,-0.9781,52.9226,-1.4746,2.3978952727983707,130.0,391.0,61.000000000000014,13.079999999999998,14.4,35200.0,14.3,2.5300000000000002,3.8600000000000003,81.0,23676.5,0.6725999999999999,2.4,0.5,0.2,1.0,0.4,414.61075229134576,3.903947175144798,175.66389226331938
Derby,Bristol Port,12,4,2.0,178.29154267353016,223.43348321006974,1.4123000000000019,1.2393000000000003,52.9226,-1.4746,51.5103,-2.7139,1.0986122886681098,391.0,167.0,61.9,21.15,28.5,29000.0,13.25,2.525,3.75,70.0,18694.5,0.6205,2.0,0.5,0.0,1.0,0.5,439.3401299360813,4.12521879979543,192.7479488226699
Cambridge,Bristol DC,5,3,2.0,204.048076167049,238.81341520057853,0.7507999999999981,2.7096999999999998,52.2053,0.1218,51.4545,-2.5879,1.0986122886681098,115.0,175.0,58.35,9.45,0.0,25000.0,11.0,2.5,3.65,60.0,13604.0,0.5955,2.0,0.0,1.0,1.0,0.0,480.9549348235188,4.724906090216028,194.31202394699287
Doncaster iPort,Leeds Central,13,25,6.0,46.768193486565025,57.4,0.29769999999999897,0.5012999999999999,53.5031,-1.0478,53.8008,-1.5491,1.9459101490553132,200.0,160.0,61.916666666666664,0.0,9.833333333333334,32000.0,13.583333333333334,2.5250000000000004,3.8000000000000003,75.0,18220.666666666668,0.5851666666666667,0.0,0.0,0.6666666666666666,0.6666666666666666,0.3333333333333333,119.29666666666668,0.9283333333333332,49.58166666666667
Stoke-on-Trent,Cambridge,53,5,5.0,178.9058497220202,232.04709248766284,0.7973999999999961,2.3011999999999997,53.0027,-2.1794,52.2053,0.1218,1.791759469228055,375.0,115.0,59.739999999999995,8.4,5.4,34400.0,13.8,2.52,3.88,80.0,18803.2,0.5631999999999999,1.8,0.6,0.4,1.0,0.2,477.53538468424995,4.460813796444656,204.93591449210876
Leicester Forest East,Sheffield Hub,26,50,10.0,87.38866969468539,109.16992514439656,0.764400000000002,0.3033999999999999,52.6167,-1.1667,53.3811,-1.4701,2.3978952727983707,425.0,164.0,61.71999999999999,4.74,1.3,37200.0,14.7,2.5300000000000002,3.9200000000000004,85.0,27609.8,0.7397000000000001,0.5,0.1,0.3,0.7,0.1,226.03505120079453,1.8949533217479104,91.2759100926119
iPort Doncaster,Wetherby Services,67,63,6.0,56.00135384472426,68.61682260607908,0.45050000000000523,0.38050000000000006,53.4939,-1.0042,53.9444,-1.3847,1.9459101490553132,171.0,280.0,64.03333333333333,0.0,0.0,34666.666666666664,14.333333333333334,2.533333333333333,3.8333333333333335,81.66666666666667,23922.833333333332,0.6549999999999999,0.8333333333333334,0.3333333333333333,0.16666666666666666,1.0,0.0,134.16012435963032,1.1414522262487843,59.5117183504168
Warrington,Chester,61,9,8.0,29.437541379868954,36.89428848423053,0.19650000000000034,0.2968000000000002,53.39,-2.597,53.1935,-2.8938,2.1972245773362196,292.0,179.0,64.5375,6.7875,5.875,32750.0,13.75,2.525,3.825,76.875,21292.25,0.644,1.5,0.125,0.25,1.0,0.125,72.16240170041263,0.6463381570501436,31.59748872875262
Liverpool Port,M62 J26 Chain Bar,27,34,11.0,95.09159151325765,120.53581491532283,0.32440000000000424,1.3324,53.4053,-2.9977,53.7297,-1.6653,2.4849066497880004,167.0,309.0,63.08181818181817,11.936363636363637,1.6363636363636365,35090.90909090909,14.272727272727273,2.5272727272727273,3.8818181818181823,80.9090909090909,22123.090909090908,0.6226363636363637,1.4545454545454546,0.18181818181818182,0.2727272727272727,1.0,0.09090909090909091,241.69198951728168,2.1548981127751836,99.36436897582011
M62 J26 Chain Bar,Frankley Services,34,18,10.0,147.24789865568096,186.81492897080813,1.3068999999999988,0.3554999999999999,53.7297,-1.6653,52.4228,-2.0208,2.3978952727983707,309.0,300.0,62.489999999999995,13.13,1.8,36000.0,14.5,2.5300000000000002,3.8900000000000006,82.5,22845.5,0.6275999999999999,1.5,0.2,0.3,1.0,0.1,376.81148086513315,3.3781846232022126,155.324244815242
Teesport,Warrington,56,61,10.0,165.74664719542122,209.32299061661533,1.2332999999999998,1.4247,54.6233,-1.1723,53.39,-2.597,2.3978952727983707,166.0,292.0,61.750000000000014,11.92,7.1,34600.0,14.3,2.5300000000000002,3.8600000000000003,80.5,19064.8,0.54,1.0,0.3,0.3,1.0,0.2,435.94754866524534,3.8373797524674935,174.91790674382295
Dover Port,M5 J15 Almondsbury,14,32,6.0,273.2607948070517,344.8681481644444,0.4277000000000015,3.8745000000000003,51.1279,1.3134,51.5556,-2.5611,1.9459101490553132,168.0,83.0,60.98333333333334,7.633333333333333,5.5,27333.333333333332,12.5,2.516666666666667,3.716666666666667,67.5,18782.333333333332,0.6373333333333334,2.1666666666666665,0.3333333333333333,0.3333333333333333,1.0,0.3333333333333333,684.5562087750146,6.4837714141278875,301.4637038549336
M5 J15 Almondsbury,Teesport,32,56,2.0,353.47761678249117,447.47359573641165,3.067700000000002,1.3888000000000003,51.5556,-2.5611,54.6233,-1.1723,1.0986122886681098,83.0,157.0,62.2,0.0,0.0,42000.0,16.5,2.55,4.0,95.0,33255.5,0.791,2.5,0.5,0.5,1.0,0.0,879.1582453199086,8.395788668312758,378.06463432406633
Cardiff Bay,Bristol DC,6,3,8.0,41.06248565177571,50.712500000000006,0.027099999999997237,0.5912000000000002,51.4816,-3.1791,51.4545,-2.5879,2.1972245773362196,186.0,175.0,63.05,7.574999999999999,6.5,28000.0,12.0625,2.50625,3.75,66.25,18571.5,0.629875,0.0,0.0,0.25,0.875,0.25,155.70875,0.8062500000000001,42.67625
Preston,Manchester Central,46,37,6.0,43.68522049062997,54.15073133416187,0.28239999999999554,0.46050000000000013,53.7632,-2.7031,53.4808,-2.2426,1.9459101490553132,176.0,188.0,63.68333333333334,10.416666666666666,4.0,31000.0,13.166666666666666,2.516666666666667,3.8166666666666664,73.33333333333333,22223.333333333332,0.7125,1.0,0.5,0.16666666666666666,1.0,0.16666666666666666,106.50960147583238,0.9740636288967742,43.466162620685004
M6 J10 Walsall,A1/A14 Junction,33,1,5.0,121.20013845562403,155.68883275068853,0.28000000000000114,1.7294,52.6133,-1.9794,52.3333,-0.25,1.791759469228055,302.0,259.0,60.839999999999996,1.24,0.0,26400.0,12.1,2.5100000000000002,3.72,66.0,13038.6,0.4988,1.0,0.2,0.4,0.8,0.0,309.02147796064884,2.8100495699540575,135.40900593148166
A1/A14 Junction,London Gateway DC,1,29,24.0,103.0869250134386,127.95611368885376,0.8247,0.6867,52.3333,-0.25,51.5086,0.4367,3.2188758248682006,259.0,172.0,61.63333333333333,4.041666666666667,5.041666666666667,29250.0,12.520833333333334,2.510416666666666,3.7791666666666663,69.58333333333333,17622.083333333332,0.6003333333333333,1.125,0.20833333333333334,0.3333333333333333,0.9583333333333334,0.16666666666666666,265.17340965671843,2.316074629019887,107.1351916999983
Oxford,Portsmouth Port,43,45,12.0,106.086462724827,134.69167292926127,0.9495000000000005,0.14890000000000003,51.752,-1.2577,50.8025,-1.1088,2.5649493574615367,210.0,154.0,63.30833333333334,14.674999999999999,5.25,32500.0,13.166666666666666,2.516666666666667,3.8166666666666664,74.58333333333333,19290.25,0.59075,0.75,0.25,0.16666666666666666,1.0,0.25,264.5820600650698,2.3635135505835327,113.82398963651042
Watford Gap,Coventry,62,10,8.0,29.1995021809418,36.99717616243468,0.10009999999999764,0.39749999999999996,52.3067,-1.1222,52.4068,-1.5197,2.1972245773362196,391.0,520.0,61.662499999999994,5.15,0.0,29750.0,12.875,2.5125,3.8125000000000004,71.25,18540.125,0.625,1.0,0.25,0.25,1.0,0.0,81.29265988033707,0.6842486708013382,31.36513728717683
Coventry,Bristol Port,10,4,13.0,128.96658811469564,161.3811328744556,0.8964999999999961,1.1942000000000002,52.4068,-1.5197,51.5103,-2.7139,2.6390573296152584,520.0,167.0,63.48461538461538,10.338461538461539,0.0,28923.076923076922,12.23076923076923,2.5076923076923077,3.761538461538461,68.07692307692308,16423.153846153848,0.5557692307692308,1.3076923076923077,0.23076923076923078,0.38461538461538464,0.8461538461538461,0.0,333.50907443779045,2.87150271078562,137.1366992118604
Cambridge,Watford Gap,5,62,8.0,85.4208307237459,107.21135714374589,0.10139999999999816,1.244,52.2053,0.1218,52.3067,-1.1222,2.1972245773362196,115.0,391.0,61.9375,3.4125,2.75,35500.0,14.25,2.5250000000000004,3.9,81.25,22921.625,0.651375,0.5,0.375,0.0,1.0,0.125,248.83689590661072,1.85590167483424,89.73410214225176
M1/M6 Junction,Grimsby Port,30,20,13.0,133.6526483213979,165.1674382414894,0.988900000000001,1.1375,52.5861,-1.2125,53.575,-0.075,2.6390573296152584,498.0,166.0,64.11538461538461,8.553846153846154,3.6923076923076925,32769.230769230766,13.76923076923077,2.5230769230769234,3.8461538461538463,76.53846153846153,20384.69230769231,0.6175384615384616,0.5384615384615384,0.15384615384615385,0.23076923076923078,1.0,0.15384615384615385,347.60620195166837,2.7666548702903264,142.38868986799204
Portsmouth Port,Northampton,45,40,17.0,160.53290594620495,200.44265123706865,1.4379999999999953,0.20610000000000006,50.8025,-1.1088,52.2405,-0.9027,2.8903717578961645,168.0,363.0,63.629411764705885,8.605882352941178,4.176470588235294,31058.823529411766,12.970588235294118,2.514705882352941,3.805882352941176,72.05882352941177,21514.647058823528,0.7110588235294117,1.2941176470588236,0.17647058823529413,0.29411764705882354,1.0,0.23529411764705882,391.12361682196695,3.527758813804199,166.19698141607316
Northampton,Frankley Services,40,18,12.0,78.63192953023703,97.91575358437287,0.182300000000005,1.1181,52.2405,-0.9027,52.4228,-2.0208,2.5649493574615367,363.0,300.0,64.4,8.625,4.333333333333333,31166.666666666668,13.166666666666666,2.5166666666666666,3.8166666666666664,72.91666666666667,22329.75,0.7328333333333333,1.5,0.25,0.3333333333333333,1.0,0.25,190.4918442016747,1.697842976265986,80.96322311887444
Frankley Services,Stafford,18,52,15.0,43.16501322122698,53.75579049200995,0.3838000000000008,0.09589999999999987,52.4228,-2.0208,52.8066,-2.1167,2.772588722239781,300.0,411.0,64.40666666666667,10.986666666666668,5.266666666666667,30000.0,12.966666666666667,2.5166666666666666,3.7866666666666666,71.0,21165.533333333333,0.7252,1.4666666666666666,0.2,0.4,1.0,0.26666666666666666,104.42054935993646,0.9321410875762409,44.204298620109476
Stafford,Warrington,52,61,19.0,72.36411125258293,89.8225000694849,0.5833999999999975,0.48030000000000017,52.8066,-2.1167,53.39,-2.597,2.995732273553991,411.0,292.0,63.6157894736842,13.768421052631577,7.157894736842105,30105.263157894737,13.0,2.51578947368421,3.7999999999999994,71.57894736842105,19060.263157894737,0.6533157894736842,1.8421052631578947,0.21052631578947367,0.21052631578947367,0.9473684210526315,0.21052631578947367,174.7867466432086,1.6045098471383128,74.11302419780206
Warrington,Glasgow Central,61,19,11.0,294.9985182524789,373.1565651158758,2.474199999999996,1.6548000000000003,53.39,-2.597,55.8642,-4.2518,2.4849066497880004,292.0,169.0,64.53636363636363,6.154545454545455,4.363636363636363,26727.272727272728,12.090909090909092,2.5090909090909093,3.727272727272727,65.0,16679.81818181818,0.6388181818181817,1.7272727272727273,0.18181818181818182,0.2727272727272727,1.0,0.2727272727272727,740.0925871287327,6.511924935642929,321.4051464352949
Milton Keynes,A1/A14 Junction,38,1,10.0,47.59447985869575,59.2784753197411,0.2927000000000035,0.5094,52.0406,-0.7594,52.3333,-0.25,2.3978952727983707,277.0,259.0,62.379999999999995,9.959999999999999,2.0,37200.0,14.95,2.535,3.91,85.5,22132.2,0.5837000000000001,0.4,0.2,0.2,1.0,0.1,127.60099489634834,1.0055544009175517,51.1899512407014
A1/A14 Junction,Peterborough,1,44,7.0,26.27216668892873,33.21176530407281,0.23619999999999663,0.009500000000000008,52.3333,-0.25,52.5695,-0.2405,2.0794415416798357,259.0,291.0,63.699999999999996,9.87142857142857,11.857142857142858,35428.57142857143,14.285714285714286,2.5285714285714285,3.8714285714285714,82.14285714285714,19371.714285714286,0.5467142857142857,0.7142857142857143,0.0,0.2857142857142857,0.8571428571428571,0.2857142857142857,68.6582270095859,0.5821498018914731,28.51412381238224
Woodall Services,Liverpool Port,65,27,9.0,119.39789201137322,147.7789910648661,0.07949999999999591,1.7946,53.3258,-1.2031,53.4053,-2.9977,2.302585092994046,391.0,161.0,64.82222222222222,12.91111111111111,15.0,36222.22222222222,14.5,2.527777777777778,3.9111111111111105,81.66666666666667,23176.11111111111,0.6471111111111111,1.3333333333333333,0.5555555555555556,0.2222222222222222,1.0,0.2222222222222222,289.65355460404095,2.5809461424877758,124.06531393838951
Magna Park DC,Hopwood Park,36,21,3.0,59.47160179943623,72.86930668417224,0.08329999999999416,0.8657999999999999,52.4372,-1.1986,52.3539,-2.0644,1.3862943611198906,149.0,295.0,65.56666666666666,8.333333333333334,14.0,28000.0,12.833333333333334,2.5166666666666666,3.766666666666667,68.33333333333333,19991.0,0.653,0.0,0.0,0.3333333333333333,1.0,0.3333333333333333,138.82496008188494,1.1123452069798787,59.29441690822165
Hopwood Park,Manchester Central,21,37,3.0,125.87393506959468,154.23069331582778,1.1268999999999991,0.17819999999999991,52.3539,-2.0644,53.4808,-2.2426,1.3862943611198906,295.0,188.0,65.56666666666666,8.333333333333334,14.0,28000.0,12.833333333333334,2.5166666666666666,3.766666666666667,68.33333333333333,19991.0,0.653,0.0,0.0,0.3333333333333333,1.0,0.3333333333333333,293.82837325144845,2.3543214596867883,125.49891642511169
Newcastle Hub,Edinburgh Hub,39,16,5.0,146.80736429687093,189.66,0.9750000000000014,1.5705,54.9783,-1.6178,55.9533,-3.1883,1.791759469228055,174.0,153.0,62.339999999999996,1.34,0.0,33600.0,13.8,2.52,3.88,78.0,20765.6,0.6106,0.0,0.4,0.2,1.0,0.0,364.95,3.0460000000000003,153.324
Southampton Port,Frankley Services,51,18,14.0,175.19142030462336,224.00824358572214,1.5271000000000043,0.625,50.8957,-1.3958,52.4228,-2.0208,2.70805020110221,171.0,300.0,59.95000000000001,3.85,9.357142857142858,34714.28571428572,14.107142857142858,2.525,3.8785714285714286,79.28571428571429,20027.64285714286,0.5762857142857143,1.5,0.14285714285714285,0.21428571428571427,1.0,0.21428571428571427,444.45773520572664,4.219855409956746,189.0816142421872
Tibshelf Services,Glasgow Central,57,19,11.0,356.32331315560765,433.2431205872706,2.7224999999999966,2.9129000000000005,53.1417,-1.3389,55.8642,-4.2518,2.4849066497880004,547.0,169.0,60.936363636363645,8.872727272727273,0.0,37636.36363636364,15.090909090909092,2.5363636363636366,3.9181818181818184,87.27272727272727,25249.0,0.6685454545454546,1.9090909090909092,0.18181818181818182,0.2727272727272727,1.0,0.0,849.2242353465383,7.998492329587179,364.4085837724792
Grimsby Port,Stafford,20,52,3.0,160.62322333304792,202.46103066917124,0.7683999999999997,2.0416999999999996,53.575,-0.075,52.8066,-2.1167,1.3862943611198906,143.0,411.0,59.96666666666667,7.933333333333334,0.0,34000.0,14.333333333333334,2.533333333333333,3.8333333333333335,80.0,18338.666666666668,0.5316666666666667,1.0,0.3333333333333333,0.3333333333333333,1.0,0.0,409.12536718096425,3.765379699530938,169.33234245741048
ProLogis Park DC,Rugby,47,49,12.0,37.652827634534354,46.33007280856296,0.13230000000000075,0.5113000000000001,52.5031,-1.7764,52.3708,-1.2651,2.5649493574615367,162.0,393.0,62.60833333333333,7.3999999999999995,9.75,37166.666666666664,15.0,2.5333333333333337,3.9333333333333336,85.41666666666667,21226.666666666668,0.559,0.3333333333333333,0.25,0.25,0.9166666666666666,0.4166666666666667,90.03116558881254,0.771957224745197,38.15539088948159
Bristol Port,Rugby,4,49,11.0,137.90298969569628,174.5290444364998,0.8605000000000018,1.4488000000000003,51.5103,-2.7139,52.3708,-1.2651,2.4849066497880004,171.0,393.0,64.2818181818182,5.445454545454546,2.4545454545454546,30363.636363636364,12.863636363636363,2.5136363636363637,3.8,71.36363636363636,20360.81818181818,0.654,1.8181818181818181,0.36363636363636365,0.5454545454545454,1.0,0.18181818181818182,345.0609522996008,3.1009201232613606,149.3849533961826
Cambridge,Edinburgh Hub,5,16,5.0,469.24896335618234,578.8459969219838,3.7479999999999976,3.3101,52.2053,0.1218,55.9533,-3.1883,1.791759469228055,115.0,153.0,62.760000000000005,5.779999999999999,0.0,33200.0,13.4,2.52,3.8200000000000003,76.0,18497.6,0.5730000000000001,2.6,0.2,0.4,1.0,0.0,1133.3842095421237,10.525940427318204,468.5812215795624
Doncaster iPort,Stoke-on-Trent,13,53,18.0,93.61051985696801,117.58026755063695,0.5004000000000062,1.1315999999999997,53.5031,-1.0478,53.0027,-2.1794,2.9444389791664403,200.0,375.0,61.75,9.366666666666667,3.888888888888889,34444.444444444445,13.916666666666666,2.525,3.8499999999999996,79.16666666666667,21564.277777777777,0.6253333333333333,0.7777777777777778,0.05555555555555555,0.3333333333333333,0.9444444444444444,0.16666666666666666,237.97958724740997,2.075408131208897,98.00585782901993
Derby,Stoke-on-Trent,12,53,12.0,48.03791681498118,60.733978118275154,0.08009999999999451,0.7047999999999999,52.9226,-1.4746,53.0027,-2.1794,2.5649493574615367,391.0,375.0,61.775,7.45,3.5,32000.0,13.916666666666666,2.5250000000000004,3.85,75.83333333333333,20692.75,0.6293333333333333,1.1666666666666667,0.25,0.25,1.0,0.16666666666666666,124.30894180810195,1.0947973593930416,53.02794038537119
Stoke-on-Trent,Coventry,53,10,3.0,79.78729445158257,97.27848485252895,0.5959000000000003,0.6596999999999997,53.0027,-2.1794,52.4068,-1.5197,1.3862943611198906,375.0,520.0,61.9,0.0,14.0,30666.666666666668,13.5,2.5166666666666666,3.8666666666666667,73.33333333333333,19325.0,0.6253333333333333,1.3333333333333333,0.3333333333333333,0.0,1.0,0.6666666666666666,196.85082196724844,1.749054622283954,80.81396601636574
Coventry,Toddington Services,10,59,5.0,84.3495353783593,105.09093440990281,0.4539999999999935,0.9911000000000001,52.4068,-1.5197,51.9528,-0.5286,1.791759469228055,520.0,111.0,62.34000000000001,17.16,5.8,35200.0,14.7,2.53,3.9200000000000004,82.0,20327.8,0.5588,0.6,0.2,0.2,1.0,0.2,205.34810558966757,1.8244412358363196,87.421496587542
Toddington Services,Southampton Port,59,51,12.0,132.02799016437805,163.81669097972244,1.0571000000000055,0.8672,51.9528,-0.5286,50.8957,-1.3958,2.5649493574615367,111.0,166.0,65.05,9.275,4.916666666666667,29833.333333333332,12.791666666666666,2.5125,3.7999999999999994,71.25,19473.583333333332,0.6705833333333334,0.5833333333333334,0.25,0.25,1.0,0.16666666666666666,318.86006138880657,2.7232104128289065,138.08157554701572
Wolverhampton,Cardiff Bay,64,6,6.0,142.2799164071321,179.33428006309683,1.1045000000000016,1.0502000000000002,52.5861,-2.1289,51.4816,-3.1791,1.9459101490553132,363.0,183.0,58.5,7.166666666666667,0.0,32000.0,13.166666666666666,2.516666666666667,3.8166666666666664,74.16666666666667,21032.166666666668,0.6898333333333334,0.8333333333333334,0.16666666666666666,0.16666666666666666,1.0,0.0,356.7357730845063,3.46907330903023,154.19103224627466
M1/M6 Junction,Oxford,30,43,13.0,92.79902496198737,115.81511054792385,0.8340999999999994,0.04520000000000013,52.5861,-1.2125,51.752,-1.2577,2.6390573296152584,498.0,210.0,62.969230769230776,16.307692307692307,11.615384615384615,31076.923076923078,12.76923076923077,2.5153846153846158,3.769230769230769,72.3076923076923,18470.30769230769,0.5996153846153847,1.0769230769230769,0.38461538461538464,0.23076923076923078,1.0,0.38461538461538464,238.48573191355692,2.1024608694699,95.2388585233783
M25 J15 (M4),Tilbury Port,31,58,17.0,60.07797488545336,75.37319069915456,0.019099999999994566,0.8667,51.4736,-0.5083,51.4545,0.3584,2.8903717578961645,96.0,183.0,62.970588235294116,5.029411764705882,13.941176470588236,32941.17647058824,13.5,2.520588235294117,3.829411764705882,76.76470588235294,21577.058823529413,0.6569999999999999,0.0,0.058823529411764705,0.29411764705882354,1.0,0.23529411764705882,147.43445912481536,1.2053504334293583,65.31276206309977
Rugby,Tilbury Port,49,58,17.0,150.93034691915858,187.7706178754271,0.9162999999999997,1.6235,52.3708,-1.2651,51.4545,0.3584,2.8903717578961645,393.0,183.0,61.08235294117646,11.817647058823532,1.588235294117647,30235.29411764706,13.0,2.5176470588235293,3.7823529411764705,72.3529411764706,20370.0,0.6582352941176471,1.1764705882352942,0.17647058823529413,0.11764705882352941,1.0,0.058823529411764705,373.5930121581127,3.452405637783625,160.26883187597772
Edinburgh Hub,Warrington,16,61,30.0,287.5480607091215,360.0611964106517,2.563299999999998,0.5912999999999999,55.9533,-3.1883,53.39,-2.597,3.4339872044851463,167.0,292.0,61.71999999999999,9.809999999999999,6.833333333333333,30600.0,13.033333333333333,2.516666666666666,3.796666666666666,72.66666666666667,20912.533333333333,0.6792666666666666,1.9666666666666666,0.3,0.3,1.0,0.26666666666666666,718.8926376979008,6.6072724377577705,304.75689564717624
Warrington,Wolverhampton,61,64,30.0,94.72169655509835,118.60837212244675,0.8038999999999987,0.4681000000000002,53.39,-2.597,52.5861,-2.1289,3.4339872044851463,292.0,363.0,61.71999999999999,9.809999999999999,6.833333333333333,30600.0,13.033333333333333,2.516666666666666,3.796666666666666,72.66666666666667,20912.533333333333,0.6792666666666666,1.9666666666666666,0.3,0.3,1.0,0.26666666666666666,236.81164851463978,2.1765128701015892,100.39048818961439
Stafford,Doncaster iPort,52,13,7.0,105.24929040532325,128.95361696370318,0.6965000000000003,1.0688999999999997,52.8066,-2.1167,53.5031,-1.0478,2.0794415416798357,411.0,169.0,62.34285714285715,6.385714285714286,9.857142857142858,28857.14285714286,12.428571428571429,2.5142857142857147,3.7285714285714286,68.57142857142857,18317.571428571428,0.6592857142857141,0.42857142857142855,0.2857142857142857,0.5714285714285714,1.0,0.14285714285714285,260.3540278193796,2.204039427869603,111.94004264135593
London Central,Dover Port,28,14,6.0,108.68337321275101,135.73333333333332,0.37950000000000017,1.4411999999999998,51.5074,-0.1278,51.1279,1.3134,1.9459101490553132,178.0,180.0,62.68333333333334,6.916666666666667,0.0,27333.333333333332,12.5,2.516666666666667,3.716666666666667,67.5,15966.333333333334,0.559,0.0,0.16666666666666666,0.3333333333333333,1.0,0.0,372.65166666666664,2.171666666666667,110.50666666666666
Rugby,Felixstowe Port,49,17,6.0,184.27879016916384,234.11690307629905,0.4141000000000048,2.6162,52.3708,-1.2651,51.9567,1.3511,1.9459101490553132,393.0,160.0,63.06666666666666,5.25,7.666666666666667,34666.666666666664,14.666666666666666,2.533333333333333,3.8833333333333333,80.83333333333333,21342.0,0.6329999999999999,1.3333333333333333,0.16666666666666666,0.5,1.0,0.16666666666666666,455.4006513580128,4.1696617964402725,188.1234155996539
Liverpool Port,Stoke-on-Trent,27,53,17.0,70.52875524868045,89.37417129552165,0.4025999999999996,0.8183000000000002,53.4053,-2.9977,53.0027,-2.1794,2.8903717578961645,167.0,375.0,62.935294117647075,7.952941176470589,11.352941176470589,31294.117647058825,13.0,2.51764705882353,3.7823529411764696,73.23529411764706,19999.176470588234,0.6471176470588236,0.7647058823529411,0.23529411764705882,0.4117647058823529,0.9411764705882353,0.29411764705882354,179.00881332438325,1.5738956338611754,75.24527954214038
M6 J10 Walsall,Tamworth,33,55,5.0,19.59771737127448,24.98072536657327,0.020299999999998875,0.2884,52.6133,-1.9794,52.6336,-1.691,1.791759469228055,302.0,449.0,59.92,10.7,9.0,33200.0,13.4,2.52,3.8200000000000003,76.0,25309.0,0.7624,1.0,0.2,0.4,1.0,0.2,49.746245582288296,0.4745463340332421,20.70798507297044
Tamworth,Grimsby Port,55,20,4.0,150.3114618275698,191.0000860098031,0.9414000000000016,1.616,52.6336,-1.691,53.575,-0.075,1.6094379124341003,449.0,166.0,61.425,13.375,11.25,32500.0,13.125,2.5125,3.8499999999999996,73.75,26913.25,0.82775,0.75,0.25,0.25,1.0,0.25,377.8853216686149,3.4372413663958827,156.47445690548108
Hull Port,Doncaster iPort,22,13,12.0,54.5934009378467,67.81666666666668,0.2301999999999964,0.7311000000000001,53.7333,-0.3167,53.5031,-1.0478,2.5649493574615367,189.0,169.0,60.225,7.324999999999999,3.75,31666.666666666668,13.375,2.5208333333333335,3.8083333333333336,75.41666666666667,20467.583333333332,0.6435000000000001,0.0,0.4166666666666667,0.25,0.9166666666666666,0.08333333333333333,139.555,1.1283333333333336,58.42083333333334
Sheffield Hub,Knutsford Services,50,23,16.0,63.35506285707927,79.04658190370719,0.08220000000000027,0.9443000000000001,53.3811,-1.4701,53.2989,-2.4144,2.833213344056216,179.0,242.0,64.1,10.0625,6.625,32750.0,13.59375,2.521875,3.8312499999999994,76.5625,21293.9375,0.6441874999999998,1.1875,0.0,0.1875,0.8125,0.0625,155.46701676545075,1.3647762986320306,66.19832634519496
Leicester Forest East,Coventry,26,10,15.0,33.397758382754034,42.208520432970225,0.20990000000000464,0.353,52.6167,-1.1667,52.4068,-1.5197,2.772588722239781,425.0,520.0,63.413333333333334,6.2266666666666675,0.8,32266.666666666668,13.866666666666667,2.5266666666666664,3.8266666666666667,76.0,22515.666666666668,0.7050666666666667,0.8666666666666667,0.06666666666666667,0.26666666666666666,1.0,0.06666666666666667,88.44716851539117,0.7319516380107314,35.509150569630314
Coventry,Peterborough,10,44,6.0,88.48198371210718,109.95320923300345,0.16270000000000095,1.2792000000000001,52.4068,-1.5197,52.5695,-0.2405,1.9459101490553132,520.0,291.0,62.833333333333336,0.0,0.0,34666.666666666664,14.25,2.525,3.9000000000000004,80.0,24839.833333333332,0.7116666666666666,0.8333333333333334,0.0,0.5,0.6666666666666666,0.0,234.49054070664576,1.9268285593399241,92.23034780246392
Peterborough,Bristol DC,44,3,4.0,202.91648401804065,262.60273789661744,1.1149999999999949,2.3474,52.5695,-0.2405,51.4545,-2.5879,1.6094379124341003,291.0,175.0,64.05000000000001,6.199999999999999,12.0,30000.0,13.25,2.525,3.75,72.5,22207.75,0.7102499999999999,1.75,0.0,0.75,1.0,0.25,557.2366112639513,4.687072406033294,211.42125136678493
Wolverhampton,East Midlands Gateway,64,15,8.0,60.43524532015113,75.52150604531062,0.24519999999999698,0.8005999999999998,52.5861,-2.1289,52.8313,-1.3283,2.1972245773362196,363.0,178.0,62.462500000000006,6.25,4.625,30750.0,12.625,2.5125,3.7750000000000004,71.875,17855.25,0.6272500000000001,1.125,0.25,0.375,1.0,0.125,150.47411569082414,1.349431751598342,65.5303751537385
Edinburgh Hub,M62 J26 Chain Bar,16,34,7.0,265.7730759703133,329.65475927519327,2.2235999999999976,1.523,55.9533,-3.1883,53.7297,-1.6653,2.0794415416798357,167.0,309.0,61.785714285714285,8.72857142857143,11.142857142857142,34285.71428571428,14.285714285714286,2.5285714285714285,3.8714285714285714,79.28571428571429,24220.85714285714,0.6962857142857143,1.2857142857142858,0.14285714285714285,0.14285714285714285,1.0,0.2857142857142857,655.6389737832427,6.032141076887201,283.4898465318048
M62 J26 Chain Bar,Stafford,34,52,5.0,106.94323100031075,135.29965612213056,0.923099999999998,0.4513999999999998,53.7297,-1.6653,52.8066,-2.1167,1.791759469228055,309.0,411.0,63.019999999999996,7.9799999999999995,0.0,30400.0,13.0,2.52,3.7600000000000002,72.0,18869.2,0.6072,1.4,0.2,0.0,1.0,0.0,268.61651532438043,2.444926739255556,113.24339949010974
Stafford,Coventry,52,10,7.0,60.0120793717204,74.31878527136696,0.39980000000000615,0.5969999999999998,52.8066,-2.1167,52.4068,-1.5197,2.0794415416798357,411.0,520.0,60.75714285714285,8.799999999999999,0.0,33714.28571428572,14.0,2.5285714285714285,3.8285714285714287,78.57142857142857,22615.428571428572,0.663,1.7142857142857142,0.14285714285714285,0.14285714285714285,1.0,0.0,153.2895926446325,1.4023095969250243,60.430020720820046
Sheffield Hub,Manchester Central,50,37,10.0,52.36408653565606,65.61999999999999,0.09969999999999857,0.7725,53.3811,-1.4701,53.4808,-2.2426,2.3978952727983707,179.0,188.0,63.55,7.76,1.4,30400.0,12.95,2.515,3.8,71.0,17027.5,0.5692,0.0,0.2,0.2,1.0,0.1,133.834,1.0390000000000001,55.376
M6 J10 Walsall,Rugby,33,49,8.0,55.369758655674,66.85466822251988,0.24249999999999972,0.7143000000000002,52.6133,-1.9794,52.3708,-1.2651,2.1972245773362196,302.0,393.0,60.225,10.3625,1.25,39000.0,14.8125,2.53125,3.925,87.5,22591.25,0.5805,0.5,0.375,0.25,1.0,0.125,130.75736451531725,1.203133411859162,55.834996781888776
Stafford,Felixstowe Port,52,17,5.0,253.60202388602892,323.92109935525724,0.8499000000000052,3.4677999999999995,52.8066,-2.1167,51.9567,1.3511,1.791759469228055,411.0,160.0,58.720000000000006,12.5,7.4,35600.0,14.7,2.53,3.9200000000000004,81.0,17925.0,0.5042,1.8,0.2,0.6,0.8,0.2,645.9604423151798,6.300789684256868,270.0274586710906
Warrington,Sheffield Hub,61,50,1.0,74.74154056333698,92.63602754225145,0.008899999999997021,1.1269,53.39,-2.597,53.3811,-1.4701,0.6931471805599453,292.0,164.0,61.3,0.0,0.0,18000.0,10.0,2.5,3.5,50.0,16007.0,0.889,1.0,0.0,0.0,1.0,0.0,180.0414141151193,1.656983337837343,77.33364106790799
M1/M6 Junction,Tamworth,30,55,14.0,32.738094007485756,41.34029916638695,0.04749999999999943,0.47850000000000015,52.5861,-1.2125,52.6336,-1.691,2.70805020110221,498.0,449.0,62.58571428571429,5.742857142857143,10.285714285714286,32142.85714285714,13.5,2.5214285714285714,3.8214285714285716,75.0,19243.0,0.6142142857142857,0.2857142857142857,0.21428571428571427,0.2857142857142857,0.9285714285714286,0.2857142857142857,82.27460081134117,0.6825320971710344,35.32232838382909
Charnock Richard,Liverpool Port,8,27,18.0,32.00332898783613,40.43689527642966,0.2255000000000038,0.3008000000000002,53.6308,-2.6969,53.4053,-2.9977,2.9444389791664403,172.0,161.0,62.766666666666666,5.911111111111111,13.555555555555555,35444.444444444445,14.666666666666666,2.5333333333333328,3.883333333333333,82.22222222222223,23509.38888888889,0.6728333333333334,0.05555555555555555,0.2777777777777778,0.2777777777777778,1.0,0.4444444444444444,79.36046187545816,0.6522311451271442,33.659127326542745
Peterborough,Bristol Port,44,4,4.0,206.11643276306535,254.35161566831573,1.059199999999997,2.4734000000000003,52.5695,-0.2405,51.5103,-2.7139,1.6094379124341003,291.0,167.0,63.675000000000004,0.0,0.0,31000.0,13.125,2.5125,3.8499999999999996,72.5,19693.0,0.6279999999999999,2.0,0.0,0.25,0.75,0.0,504.146934442167,4.515879118541363,224.39763028763178
Dover Port,London Gateway DC,14,29,1.0,74.18907288047566,97.3,0.3807000000000045,0.8766999999999999,51.1279,1.3134,51.5086,0.4367,0.6931471805599453,168.0,172.0,64.4,0.0,0.0,26000.0,12.0,2.5,3.8,65.0,18002.0,0.692,0.0,0.0,0.0,1.0,0.0,295.56,1.51,86.42
Woodall Services,Leicester Forest East,65,26,4.0,78.8860945313122,103.75265994897882,0.7090999999999994,0.03639999999999999,53.3258,-1.2031,52.6167,-1.1667,1.6094379124341003,391.0,425.0,63.475,3.675,0.0,39000.0,15.375,2.5374999999999996,3.95,87.5,29512.75,0.7605,0.0,0.0,0.25,0.75,0.0,203.0842757609355,1.6388062537866936,92.65284512961577
Leicester Forest East,DIRFT Daventry,26,11,4.0,39.95453213328798,51.21821452943388,0.3593000000000046,0.006099999999999994,52.6167,-1.1667,52.2574,-1.1606,1.6094379124341003,425.0,168.0,58.125,0.0,0.0,34000.0,14.25,2.525,3.9,80.0,25902.25,0.773,0.5,0.25,0.75,1.0,0.0,101.34594725873475,0.9297035141568325,43.956319406534575
Preston,Warrington,46,61,6.0,42.085056851352896,52.76243871394158,0.3731999999999971,0.10610000000000008,53.7632,-2.7031,53.39,-2.597,1.9459101490553132,176.0,292.0,61.78333333333333,7.45,0.0,33000.0,13.916666666666666,2.525,3.85,78.33333333333333,19914.166666666668,0.6098333333333333,1.1666666666666667,0.16666666666666666,0.3333333333333333,0.8333333333333334,0.0,104.46715744185366,0.9640556365003516,44.9690308133145
DIRFT Daventry,Rugby,11,49,12.0,14.472775757609666,18.468743372334544,0.11340000000000572,0.10449999999999982,52.2574,-1.1606,52.3708,-1.2651,2.5649493574615367,163.0,393.0,62.724999999999994,6.675,11.0,32333.333333333332,13.125,2.5125,3.8499999999999996,74.16666666666667,20809.916666666668,0.63375,0.0,0.25,0.08333333333333333,0.8333333333333334,0.25,40.21226800988541,0.295385721414106,15.424512483313427
Leicester Forest East,Milton Keynes,26,38,11.0,69.78286185068352,86.98393370216421,0.5761000000000038,0.4073000000000001,52.6167,-1.1667,52.0406,-0.7594,2.4849066497880004,425.0,277.0,61.472727272727276,6.790909090909091,4.090909090909091,29454.545454545456,12.727272727272727,2.5181818181818185,3.7363636363636363,71.36363636363636,16079.272727272728,0.5391818181818181,0.5454545454545454,0.09090909090909091,0.09090909090909091,1.0,0.18181818181818182,180.88202938336357,1.5172353226205333,71.75265330164088
London Central,Coventry,28,10,13.0,138.19367218062987,175.26025496937416,0.8994,1.3919000000000001,51.5074,-0.1278,52.4068,-1.5197,2.6390573296152584,178.0,520.0,62.04615384615384,12.338461538461539,4.923076923076923,28153.846153846152,12.615384615384615,2.5153846153846158,3.746153846153846,67.6923076923077,17011.384615384617,0.6167692307692307,1.4615384615384615,0.3076923076923077,0.23076923076923078,0.8461538461538461,0.15384615384615385,380.6784450118133,3.1221717649120255,148.68908955659515
Coventry,Woodall Services,10,65,10.0,104.37448662319471,133.04806662497597,0.919000000000004,0.3166,52.4068,-1.5197,53.3258,-1.2031,2.3978952727983707,520.0,391.0,61.8,12.39,6.4,28200.0,12.55,2.515,3.7399999999999998,67.5,17260.4,0.6268,1.9,0.3,0.1,0.8,0.2,281.01252668857177,2.441888753565548,111.47787193583095
Derby,Bristol DC,12,3,4.0,180.0191908584955,215.82920922433968,1.4680999999999997,1.1133,52.9226,-1.4746,51.4545,-2.5879,1.6094379124341003,391.0,175.0,62.775000000000006,12.774999999999999,6.25,36000.0,14.25,2.525,3.9,80.0,24619.75,0.69375,2.0,0.25,0.25,1.0,0.25,441.2369882611822,3.9657386883991226,180.55739104144436
Leeds Central,Knutsford Services,25,23,12.0,79.88906608688399,100.11029587601718,0.5018999999999991,0.8653000000000002,53.8008,-1.5491,53.2989,-2.4144,2.5649493574615367,177.0,242.0,61.60833333333333,2.658333333333333,6.333333333333333,31333.333333333332,13.0,2.5166666666666666,3.791666666666666,72.91666666666667,19343.666666666668,0.63575,0.9166666666666666,0.25,0.16666666666666666,1.0,0.25,202.29126016932503,1.7942499845860371,83.75607938550154
Knutsford Services,Tamworth,23,55,4.0,88.42894553093778,108.90806278499258,0.665300000000002,0.7234,53.2989,-2.4144,52.6336,-1.691,1.6094379124341003,242.0,449.0,63.175,0.0,6.0,35000.0,13.125,2.5125,3.8499999999999996,77.5,22707.75,0.6575,0.75,0.25,0.0,0.75,0.25,217.47814607153714,1.8548896330744573,89.49990274682767
Watford Gap,Toddington Services,62,59,12.0,56.483020065042304,69.94793484020563,0.3538999999999959,0.5936000000000001,52.3067,-1.1222,51.9528,-0.5286,2.5649493574615367,391.0,111.0,63.70833333333332,10.816666666666668,7.333333333333333,26666.666666666668,12.125,2.5125,3.6999999999999997,65.83333333333333,17670.916666666668,0.6558333333333333,1.0,0.08333333333333333,0.25,0.8333333333333334,0.25,138.32758839437426,1.2197401584616765,57.82655927969362
Toddington Services,Felixstowe Port,59,17,3.0,128.80867794180665,161.43957589114595,0.0038999999999944635,1.8797,51.9528,-0.5286,51.9567,1.3511,1.3862943611198906,111.0,160.0,63.36666666666667,0.0,0.0,18000.0,10.0,2.5,3.5,50.0,13321.333333333334,0.7399999999999999,1.0,0.0,0.0,0.6666666666666666,0.0,337.3572559333405,2.8206870670170106,139.18946513047285
Watford Gap,Portsmouth Port,62,45,3.0,167.26220458513785,201.85758152709298,1.5041999999999973,0.013400000000000079,52.3067,-1.1222,50.8025,-1.1088,1.3862943611198906,391.0,154.0,62.4,0.0,4.666666666666667,36666.666666666664,15.0,2.533333333333333,3.9333333333333336,85.0,24910.0,0.6746666666666666,2.0,0.0,0.3333333333333333,1.0,0.3333333333333333,397.7103240743043,3.647006725069327,175.00275599708434
Milton Keynes,Bristol DC,38,3,6.0,141.7453421469604,180.7879232970838,0.5860999999999947,1.8285,52.0406,-0.7594,51.4545,-2.5879,1.9459101490553132,277.0,175.0,60.96666666666667,2.9500000000000006,2.1666666666666665,31000.0,13.583333333333334,2.525,3.8000000000000003,74.16666666666667,21009.0,0.6698333333333334,0.6666666666666666,0.3333333333333333,0.0,1.0,0.16666666666666666,377.91781178385753,3.1634353715268255,146.85664945932908
Newcastle Hub,Tamworth,39,55,4.0,260.7633660176258,315.02483205203123,2.344699999999996,0.07320000000000015,54.9783,-1.6178,52.6336,-1.691,1.6094379124341003,174.0,449.0,62.325,0.0,0.0,27000.0,11.5,2.5,3.7249999999999996,63.75,18833.5,0.6645,1.0,0.0,0.25,1.0,0.0,625.5291541975876,5.716548855438423,263.6729968478247
Tamworth,DIRFT Daventry,55,11,9.0,55.15525814759791,68.05094921154723,0.3762000000000043,0.5304,52.6336,-1.691,52.2574,-1.1606,2.302585092994046,449.0,168.0,62.099999999999994,4.6,8.555555555555555,31111.11111111111,13.055555555555555,2.516666666666667,3.8000000000000003,73.33333333333333,19597.666666666668,0.629,0.6666666666666666,0.1111111111111111,0.3333333333333333,1.0,0.2222222222222222,159.1105916211467,1.1667250652391365,57.992857618051026
Cambridge,Newcastle Hub,5,39,5.0,328.99842559455914,407.0874884008141,2.772999999999996,1.7395999999999998,52.2053,0.1218,54.9783,-1.6178,1.791759469228055,115.0,156.0,62.3,4.459999999999999,2.6,33200.0,13.4,2.52,3.8200000000000003,76.0,24751.8,0.7388,2.2,0.2,0.6,1.0,0.2,805.611856186798,7.458961759150054,336.99730361914624
Stoke-on-Trent,M1/M6 Junction,53,30,3.0,79.82621206272236,101.98198854309378,0.4165999999999954,0.9668999999999999,53.0027,-2.1794,52.5861,-1.2125,1.3862943611198906,375.0,498.0,62.666666666666664,5.066666666666666,0.0,36000.0,13.5,2.5166666666666666,3.8666666666666667,80.0,21647.333333333332,0.621,1.3333333333333333,0.3333333333333333,0.3333333333333333,1.0,0.0,197.79542224025263,1.8153684976918205,80.89306183592254
Oxford,Watford Gap,43,62,20.0,62.372599722039226,78.67569453388833,0.5546999999999969,0.13549999999999995,51.752,-1.2577,52.3067,-1.1222,3.044522437723423,210.0,391.0,63.025,10.625000000000002,6.15,37800.0,14.7,2.5299999999999994,3.9199999999999995,85.5,23410.65,0.62185,0.65,0.2,0.25,0.9,0.2,165.9181497377032,1.3627704384134032,66.37611890884952
Tibshelf Services,Hopwood Park,57,21,6.0,100.28985752624295,124.67562463570054,0.7877999999999972,0.7255,53.1417,-1.3389,52.3539,-2.0644,1.9459101490553132,547.0,295.0,63.86666666666667,14.5,17.5,27333.333333333332,12.5,2.516666666666667,3.716666666666667,67.5,17165.333333333332,0.6711666666666667,1.1666666666666667,0.0,0.16666666666666666,1.0,0.3333333333333333,246.36655749427356,2.232400278607708,103.419345007029
Oxford,Magna Park DC,43,36,4.0,76.29775553525403,97.53300399551331,0.6851999999999947,0.05909999999999993,51.752,-1.2577,52.4372,-1.1986,1.6094379124341003,210.0,153.0,65.45,8.325,12.75,39000.0,15.375,2.5374999999999996,3.95,87.5,24699.5,0.65,1.0,0.25,0.25,1.0,0.25,191.77105827842172,1.7039023413995757,79.20134113763578
Doncaster iPort,Sheffield Hub,13,50,6.0,31.085800033755948,38.63333333333333,0.12199999999999989,0.4222999999999999,53.5031,-1.0478,53.3811,-1.4701,1.9459101490553132,200.0,164.0,62.800000000000004,0.0,15.5,34666.666666666664,13.916666666666666,2.525,3.85,80.83333333333333,17592.166666666668,0.5153333333333333,0.0,0.16666666666666666,0.16666666666666666,0.8333333333333334,0.6666666666666666,83.42666666666666,0.6166666666666666,33.40666666666666
Leicester Forest East,Doncaster iPort,26,13,4.0,98.8830250697657,124.98195996146028,0.8864000000000019,0.1189,52.6167,-1.1667,53.5031,-1.0478,1.6094379124341003,425.0,169.0,63.650000000000006,3.425,0.0,30500.0,12.0,2.5,3.8,68.75,19829.25,0.645,0.5,0.0,0.5,0.75,0.0,251.4064277959844,2.1124051031315294,106.49876039418184
Coventry,Felixstowe Port,10,17,7.0,202.01399415621677,256.3241538875884,0.45009999999999906,2.8708,52.4068,-1.5197,51.9567,1.3511,2.0794415416798357,520.0,160.0,62.84285714285715,3.1142857142857143,6.571428571428571,35142.857142857145,14.285714285714286,2.5285714285714285,3.8714285714285714,80.0,22736.0,0.6607142857142857,1.5714285714285714,0.14285714285714285,0.2857142857142857,1.0,0.2857142857142857,504.1435442894982,4.583903815901714,218.61692674811653
DIRFT Daventry,Northampton,11,40,20.0,17.657372237469694,22.358558457899388,0.016899999999999693,0.25790000000000013,52.2574,-1.1606,52.2405,-0.9027,3.044522437723423,163.0,363.0,64.50499999999998,8.97,6.7,35900.0,14.5,2.5299999999999994,3.8899999999999997,82.75,21717.45,0.62685,0.1,0.15,0.15,0.9,0.2,45.594484923030066,0.3518924171189214,19.301085618928234
Northampton,M1/M6 Junction,40,30,19.0,43.79827196010445,54.89826906300732,0.34560000000000457,0.30979999999999996,52.2405,-0.9027,52.5861,-1.2125,2.995732273553991,363.0,498.0,62.45263157894736,7.168421052631579,9.578947368421053,35052.63157894737,14.263157894736842,2.5263157894736836,3.8894736842105258,80.52631578947368,19324.36842105263,0.5648947368421053,0.5263157894736842,0.10526315789473684,0.15789473684210525,0.9473684210526315,0.2631578947368421,108.98585312691701,0.9364201309183094,47.13844607282536
Watford Gap,M5 J15 Almondsbury,62,32,19.0,129.25675885584957,158.82594130450775,0.751100000000001,1.4389,52.3067,-1.1222,51.5556,-2.5611,2.995732273553991,391.0,83.0,63.768421052631574,5.347368421052631,2.4210526315789473,33789.47368421053,13.947368421052632,2.5263157894736836,3.8421052631578947,78.15789473684211,21585.315789473683,0.6326842105263158,2.473684210526316,0.3157894736842105,0.21052631578947367,1.0,0.15789473684210525,309.8163535145249,2.836132320967766,136.5123529220766
M5 J15 Almondsbury,M62 J26 Chain Bar,32,34,19.0,249.1847679248409,306.1890586978547,2.174100000000003,0.8958000000000002,51.5556,-2.5611,53.7297,-1.6653,2.995732273553991,83.0,309.0,63.768421052631574,5.347368421052631,2.4210526315789473,33789.47368421053,13.947368421052632,2.5263157894736836,3.8421052631578947,78.15789473684211,21585.315789473683,0.6326842105263158,2.473684210526316,0.3157894736842105,0.21052631578947367,1.0,0.15789473684210525,597.2725668909465,5.467574620160839,263.17230358296416
Coventry,Northampton,10,40,16.0,45.82892306773578,56.64586975422547,0.16629999999999967,0.6170000000000001,52.4068,-1.5197,52.2405,-0.9027,2.833213344056216,520.0,363.0,62.90000000000001,14.85,1.8125,32500.0,13.28125,2.515625,3.843749999999999,75.3125,22486.0625,0.7001875000000001,1.3125,0.1875,0.25,0.875,0.0625,116.25512089108452,1.0188610099232716,45.83190407718097
London Gateway DC,Oxford,29,43,7.0,120.03947387501275,153.10752922468916,0.24340000000000117,1.6944,51.5086,0.4367,51.752,-1.2577,2.0794415416798357,153.0,210.0,60.42857142857142,11.0,9.857142857142858,35142.857142857145,14.571428571428571,2.5285714285714285,3.9142857142857146,82.14285714285714,21494.428571428572,0.6044285714285714,1.1428571428571428,0.14285714285714285,0.42857142857142855,1.0,0.2857142857142857,326.40680839017017,2.8202150208540577,129.82452057545973
Oxford,Leicester Forest East,43,26,12.0,96.35031095842699,121.6638599187902,0.8646999999999991,0.09099999999999997,51.752,-1.2577,52.6167,-1.1667,2.5649493574615367,210.0,425.0,60.341666666666676,9.633333333333335,5.75,32833.333333333336,13.916666666666666,2.525,3.85,77.08333333333333,21883.75,0.6568333333333334,1.25,0.25,0.25,1.0,0.16666666666666666,251.01972524052928,2.260665656993664,102.02503096838102
M6 J10 Walsall,Doncaster iPort,33,13,2.0,116.89676673126866,146.01110275815347,0.889800000000001,0.9316,52.6133,-1.9794,53.5031,-1.0478,1.0986122886681098,302.0,169.0,60.5,19.65,23.0,36000.0,14.25,2.525,3.9,80.0,22462.0,0.62,1.0,0.0,0.5,1.0,0.5,308.3697450196529,2.6648033156697126,128.73753222459936
Trafford Park DC,Wetherby Services,60,63,14.0,81.00805352540691,100.72677324157245,0.47760000000000247,0.9293999999999998,53.4668,-2.3141,53.9444,-1.3847,2.70805020110221,141.0,280.0,59.75714285714286,11.864285714285714,1.5714285714285714,28428.571428571428,12.428571428571429,2.5142857142857147,3.728571428571428,68.21428571428571,16544.071428571428,0.5795,1.4285714285714286,0.14285714285714285,0.21428571428571427,0.8571428571428571,0.07142857142857142,201.54631477714284,1.8996898775417923,82.56798299754426
Oxford,DIRFT Daventry,43,11,7.0,56.58966691945556,72.493680237047,0.5053999999999945,0.09709999999999996,51.752,-1.2577,52.2574,-1.1606,2.0794415416798357,210.0,168.0,59.42857142857143,5.071428571428571,1.7142857142857142,32000.0,13.0,2.5142857142857147,3.8142857142857145,73.57142857142857,22523.714285714286,0.7077142857142856,0.42857142857142855,0.0,0.7142857142857143,1.0,0.14285714285714285,165.86294769657866,1.2846745745709125,60.771468445260325
Wolverhampton,Warrington,64,61,2.0,94.72169655509835,120.98272708794244,0.8038999999999987,0.4681000000000002,52.5861,-2.1289,53.39,-2.597,1.0986122886681098,363.0,292.0,63.2,7.2,14.5,38000.0,14.25,2.525,3.9,85.0,21260.5,0.5545,1.5,0.5,0.5,1.0,0.5,230.89272901948743,2.0857449442918883,93.66613849648215
Charnock Richard,Manchester Central,8,37,7.0,34.33218824597157,41.6553684340455,0.14999999999999858,0.4542999999999999,53.6308,-2.6969,53.4808,-2.2426,2.0794415416798357,172.0,188.0,62.5,2.8285714285714283,8.142857142857142,30571.428571428572,13.0,2.5142857142857147,3.814285714285714,71.42857142857143,18790.0,0.6305714285714286,0.2857142857142857,0.42857142857142855,0.14285714285714285,0.8571428571428571,0.14285714285714285,84.15365360281147,0.6939742076948117,36.3363481424154
Omega Warrington,Lancaster,42,24,9.0,69.38245370621833,87.5250256560578,0.6178999999999988,0.14680000000000026,53.429,-2.6542,54.0469,-2.801,2.302585092994046,183.0,125.0,65.03333333333333,3.888888888888889,3.7777777777777777,36222.22222222222,14.0,2.522222222222222,3.888888888888889,81.66666666666667,21910.333333333332,0.6005555555555556,0.7777777777777778,0.6666666666666666,0.3333333333333333,1.0,0.2222222222222222,168.8635411247353,1.4478176081227194,72.38883594137705
Lancaster,Wolverhampton,24,64,2.0,168.45554490630798,211.80309496460148,1.460799999999999,0.6721000000000004,54.0469,-2.801,52.5861,-2.1289,1.0986122886681098,125.0,363.0,67.4,0.0,6.5,32000.0,12.0,2.5,3.8,70.0,21308.0,0.6659999999999999,2.0,0.5,1.0,1.0,0.5,404.16289107094644,3.5859467320872893,170.2929468902463
Wolverhampton,Leicester Forest East,64,26,6.0,65.07075692947927,82.86683520640291,0.03059999999999974,0.9621999999999997,52.5861,-2.1289,52.6167,-1.1667,1.9459101490553132,363.0,425.0,65.11666666666667,8.749999999999998,8.166666666666666,38000.0,14.25,2.525,3.9000000000000004,85.0,23603.166666666668,0.6184999999999999,1.0,0.3333333333333333,0.5,1.0,0.3333333333333333,163.5812491543649,1.4018189797494802,72.68320651583876
Peterborough,Southampton Port,44,51,5.0,202.40391570182905,251.43118972437688,1.6738,1.1553,52.5695,-0.2405,50.8957,-1.3958,1.791759469228055,291.0,166.0,64.44000000000001,4.6,2.6,37200.0,14.7,2.53,3.9200000000000004,85.0,26435.2,0.7056,1.8,0.4,0.2,1.0,0.2,489.50568117679467,4.407390583039153,210.215541310335
Toddington Services,Rugby,59,49,2.0,68.44006185835413,80.98942561880713,0.41799999999999926,0.7364999999999999,51.9528,-0.5286,52.3708,-1.2651,1.0986122886681098,111.0,393.0,64.15,41.0,0.0,25000.0,11.0,2.5,3.65,60.0,12228.5,0.5535,0.0,0.0,0.0,0.5,0.0,153.00630778412884,1.2615175330032264,63.54736882812128
M5 J15 Almondsbury,Bristol Port,32,4,10.0,11.70819369151853,14.415994442019704,0.04529999999999745,0.15280000000000005,51.5556,-2.5611,51.5103,-2.7139,2.3978952727983707,83.0,167.0,61.379999999999995,4.55,0.0,33000.0,13.4,2.5200000000000005,3.8200000000000003,76.5,19105.9,0.6023999999999999,0.0,0.3,0.6,1.0,0.0,28.191692853414985,0.23558942333415472,12.15934914698281
Sheffield Hub,York,50,66,10.0,69.13365128930208,86.00158272767828,0.5788999999999973,0.38280000000000003,53.3811,-1.4701,53.96,-1.0873,2.3978952727983707,179.0,218.0,61.580000000000005,2.8099999999999996,2.1,32600.0,13.4,2.5200000000000005,3.8200000000000003,75.5,21690.9,0.6389,1.4,0.0,0.4,0.9,0.1,173.6750388359695,1.5626179264684734,73.05026169792936
York,Wolverhampton,66,64,4.0,167.7334180075427,216.6624982402766,1.373899999999999,1.0415999999999999,53.96,-1.0873,52.5861,-2.1289,1.6094379124341003,218.0,363.0,61.2,4.85,5.25,33500.0,13.75,2.525,3.825,77.5,19615.75,0.56425,1.75,0.0,0.25,0.75,0.25,425.113552805283,4.056501467267587,180.30071745973743
Northampton,Tilbury Port,40,58,18.0,123.05274646440304,153.36483662904948,0.7859999999999943,1.2610999999999999,52.2405,-0.9027,51.4545,0.3584,2.9444389791664403,363.0,183.0,62.29999999999999,7.872222222222224,2.611111111111111,33555.555555555555,13.666666666666666,2.5222222222222217,3.8388888888888886,76.94444444444444,20892.5,0.6214999999999999,1.4444444444444444,0.2222222222222222,0.4444444444444444,0.8333333333333334,0.1111111111111111,301.0037141755506,2.780414871615438,127.2336543596544
Woodall Services,iPort Doncaster,65,67,22.0,22.873346019365002,28.717954953768466,0.16809999999999548,0.19890000000000008,53.3258,-1.2031,53.4939,-1.0042,3.1354942159291497,391.0,175.0,60.99545454545456,6.563636363636363,9.045454545454545,32363.636363636364,13.386363636363637,2.520454545454545,3.813636363636363,75.68181818181819,20231.0,0.6345454545454546,0.5,0.36363636363636365,0.22727272727272727,0.8636363636363636,0.22727272727272727,56.899126454723095,0.49946838249418596,23.993811535715704
Grimsby Port,Stoke-on-Trent,20,53,8.0,153.66737900347366,195.8778633231435,0.5723000000000056,2.1043999999999996,53.575,-0.075,53.0027,-2.1794,2.1972245773362196,143.0,375.0,65.4375,4.45,11.0,28250.0,11.8125,2.50625,3.7125,66.25,18814.5,0.68125,0.375,0.25,0.5,1.0,0.25,393.0879528423163,3.130835610411184,161.4346806288916
Stoke-on-Trent,ProLogis Park DC,53,47,4.0,61.82019380254788,79.82580480890854,0.4995999999999938,0.4029999999999998,53.0027,-2.1794,52.5031,-1.7764,1.6094379124341003,375.0,156.0,65.8,8.9,0.0,28500.0,11.5,2.5,3.7249999999999996,65.0,21131.25,0.7444999999999999,0.25,0.25,0.5,1.0,0.0,152.72978713613898,1.269466976745446,65.78277463677532
Swindon,Tamworth,54,55,12.0,119.99911492314784,150.71200547536375,1.0778000000000034,0.0887,51.5558,-1.7797,52.6336,-1.691,2.5649493574615367,129.0,449.0,62.64166666666666,9.616666666666667,8.416666666666666,33333.333333333336,13.541666666666666,2.5208333333333335,3.8333333333333335,77.5,20496.916666666668,0.6203333333333333,1.8333333333333333,0.25,0.5833333333333334,0.8333333333333334,0.3333333333333333,296.0346833588848,2.7430466761529337,127.37746318131576
Wolverhampton,Doncaster iPort,64,13,1.0,124.97748789931549,150.94426224603478,0.9170000000000016,1.0810999999999997,52.5861,-2.1289,53.5031,-1.0478,0.6931471805599453,363.0,169.0,63.2,33.0,46.0,32000.0,12.0,2.5,3.8,70.0,14680.0,0.459,2.0,0.0,0.0,1.0,1.0,297.3439660588556,2.7336910167139012,128.50898296043366
Newcastle Hub,Tibshelf Services,39,57,2.0,205.03000351434227,258.77392404568593,1.8365999999999971,0.2788999999999999,54.9783,-1.6178,53.1417,-1.3389,1.0986122886681098,174.0,547.0,58.849999999999994,4.6499999999999995,0.0,42000.0,16.5,2.55,4.0,95.0,25097.5,0.587,2.0,0.0,0.0,1.0,0.0,510.9596860277803,4.975755577233578,212.3874138152346
Tibshelf Services,Frankley Services,57,18,2.0,92.15868565701906,116.31597480166585,0.7188999999999979,0.6819,53.1417,-1.3389,52.4228,-2.0208,1.0986122886681098,547.0,300.0,58.849999999999994,4.6499999999999995,0.0,42000.0,16.5,2.55,4.0,95.0,25097.5,0.587,2.0,0.0,0.0,1.0,0.0,229.67064469054336,2.2365462921935304,95.46575901968532
Leeds Central,M6 J10 Walsall,25,33,5.0,135.11731473008615,162.30042030228947,1.1875,0.4303000000000001,53.8008,-1.5491,52.6133,-1.9794,1.791759469228055,177.0,302.0,59.339999999999996,0.0,0.0,24000.0,11.7,2.5100000000000002,3.66,61.0,13846.4,0.595,1.0,0.2,0.2,1.0,0.0,325.9613789748522,3.1011228741093353,138.2674087053327
M6 J10 Walsall,Cardiff Bay,33,6,6.0,150.21688205857274,180.35839590867408,1.1317000000000021,1.1997,52.6133,-1.9794,51.4816,-3.1791,1.9459101490553132,302.0,183.0,60.76666666666666,8.933333333333332,7.5,20333.333333333332,10.333333333333334,2.5,3.5500000000000003,53.333333333333336,14297.5,0.6858333333333334,1.0,0.16666666666666666,0.3333333333333333,1.0,0.16666666666666666,359.2127258433775,3.3837007261602676,149.5044779616944
Southampton Port,Oxford,51,43,10.0,95.69864813929476,118.02023647258379,0.8563000000000045,0.1380999999999999,50.8957,-1.3958,51.752,-1.2577,2.3978952727983707,171.0,210.0,62.17999999999999,8.52,3.5,35200.0,14.25,2.525,3.9,80.0,20563.5,0.5806,0.7,0.4,0.2,0.9,0.2,238.86770153441984,2.0805742359891317,102.35037759524381
M62 J26 Chain Bar,Woodall Services,34,65,23.0,54.31727630074183,68.00900182297714,0.40390000000000015,0.46219999999999994,53.7297,-1.6653,53.3258,-1.2031,3.1780538303479458,309.0,391.0,61.3913043478261,3.0652173913043477,3.652173913043478,33826.086956521736,13.695652173913043,2.5217391304347823,3.847826086956521,78.26086956521739,21204.652173913044,0.6281304347826088,0.782608695652174,0.17391304347826086,0.30434782608695654,1.0,0.17391304347826086,134.4394461876697,1.2129132943267267,58.176676511176936
Felixstowe Port,Dover Port,17,14,6.0,92.19535056945683,114.88333333333333,0.8288000000000011,0.03770000000000007,51.9567,1.3511,51.1279,1.3134,1.9459101490553132,160.0,180.0,60.31666666666667,9.4,0.0,24000.0,11.0,2.5,3.6500000000000004,59.166666666666664,16925.333333333332,0.6926666666666667,0.0,0.16666666666666666,0.5,1.0,0.0,229.4433333333333,1.9050000000000002,99.12333333333333
A1 Scotch Corner,Knutsford Services,0,23,3.0,132.34258579443897,169.80798231360532,1.1043999999999983,0.7522000000000002,54.4033,-1.6622,53.2989,-2.4144,1.3862943611198906,49.0,242.0,65.13333333333334,0.0,0.0,38666.666666666664,15.0,2.533333333333333,3.9333333333333336,86.66666666666667,27026.333333333332,0.6963333333333334,2.0,0.0,0.0,1.0,0.0,326.5273221817163,3.0004383470717246,134.2529180152177
Felixstowe Port,Rugby,17,49,2.0,184.27879016916384,217.93951561949953,0.4141000000000048,2.6162,51.9567,1.3511,52.3708,-1.2651,1.0986122886681098,160.0,393.0,60.849999999999994,25.0,0.0,38000.0,14.25,2.525,3.9,85.0,25816.5,0.6679999999999999,1.0,0.5,0.5,0.5,0.0,433.03467071768637,3.976979755925494,181.53170094669707
Hopwood Park,Sheffield Hub,21,50,5.0,120.984284177175,150.17757951404093,1.0272000000000006,0.5943,52.3539,-2.0644,53.3811,-1.4701,1.791759469228055,295.0,164.0,63.620000000000005,10.0,0.0,31600.0,12.5,2.5100000000000002,3.78,72.0,18686.8,0.5740000000000001,0.6,0.4,0.6,0.6,0.0,294.09528228027085,2.5242718615861532,126.02323572858047
Knutsford Services,M6 J10 Walsall,23,33,5.0,81.61409642838993,102.66236405593652,0.6856000000000009,0.43500000000000005,53.2989,-2.4144,52.6133,-1.9794,1.791759469228055,242.0,302.0,62.86,6.38,0.0,29200.0,13.0,2.52,3.7600000000000002,71.0,19427.2,0.6582000000000001,1.0,0.2,0.2,1.0,0.0,211.69686259683368,1.807800173841073,83.62733377115605
Hopwood Park,Watford Gap,21,62,13.0,64.23891821919042,81.1348393364075,0.04720000000000368,0.9421999999999999,52.3539,-2.0644,52.3067,-1.1222,2.6390573296152584,295.0,391.0,61.67692307692308,7.5076923076923086,7.6923076923076925,32307.69230769231,13.23076923076923,2.5153846153846158,3.838461538461538,75.76923076923077,16822.153846153848,0.5348461538461539,1.0,0.3076923076923077,0.3076923076923077,0.8461538461538461,0.23076923076923078,161.0476601578789,1.4949183132690382,66.93322952715877
Toddington Services,Portsmouth Port,59,45,2.0,134.09583667625182,166.44791533800498,1.1503000000000014,0.5802,51.9528,-0.5286,50.8025,-1.1088,1.0986122886681098,111.0,154.0,61.699999999999996,0.0,12.5,25000.0,11.0,2.5,3.65,60.0,15419.0,0.6105,1.0,0.5,0.0,1.0,0.5,328.9079662292448,3.1056570241894352,131.94619361662103
Hopwood Park,Rugby,21,49,1.0,54.30712703124677,62.6711675550181,0.016899999999999693,0.7993000000000001,52.3539,-2.0644,52.3708,-1.2651,0.6931471805599453,295.0,393.0,65.3,0.0,0.0,44000.0,16.5,2.55,4.0,100.0,25691.0,0.584,0.0,1.0,0.0,1.0,0.0,152.982802028237,0.9586827116089401,54.942757734248296
M1/M6 Junction,Watford Gap,30,62,5.0,31.664938730985437,38.43910475608634,0.27940000000000254,0.09029999999999982,52.5861,-1.2125,52.3067,-1.1222,1.791759469228055,498.0,391.0,60.42,5.2,0.0,30000.0,13.0,2.5200000000000005,3.7600000000000002,73.0,18969.8,0.6275999999999999,0.0,0.2,0.6,0.8,0.0,75.20391225513316,0.6420943773084227,32.96130732511003
Hopwood Park,Coventry,21,10,8.0,37.436617343560016,46.567040176032684,0.05289999999999395,0.5447,52.3539,-2.0644,52.4068,-1.5197,2.1972245773362196,295.0,520.0,62.525,1.8875,0.0,36000.0,14.5625,2.53125,3.8875,83.125,21311.5,0.6013750000000001,0.5,0.0,0.5,0.75,0.0,99.9868688424655,0.7948257566161048,37.91420438857662
M6 J10 Walsall,Birmingham Central,33,2,29.0,15.360708915988258,19.110748640590565,0.12710000000000576,0.08899999999999997,52.6133,-1.9794,52.4862,-1.8904,3.4011973816621555,302.0,180.0,62.25862068965517,6.73103448275862,9.172413793103448,33103.44827586207,13.741379310344827,2.5224137931034476,3.8482758620689648,78.27586206896552,21944.620689655174,0.6547241379310345,0.3793103448275862,0.2413793103448276,0.27586206896551724,1.0,0.3103448275862069,41.33482818133285,0.3244257846227078,16.250725470426442
Teesport,Charnock Richard,56,8,2.0,148.47998142151536,182.25181161004906,0.9924999999999997,1.5246,54.6233,-1.1723,53.6308,-2.6969,1.0986122886681098,166.0,172.0,60.95,0.0,0.0,25000.0,11.0,2.5,3.65,60.0,19822.5,0.7515000000000001,2.0,0.0,0.5,1.0,0.0,369.98840446854484,3.4288352475015635,143.97927352490427
Coventry,Cambridge,10,5,2.0,113.82897593663048,139.71942129541156,0.2014999999999958,1.6415,52.4068,-1.5197,52.2053,0.1218,1.0986122886681098,520.0,115.0,60.95,0.0,0.0,25000.0,11.0,2.5,3.65,60.0,19822.5,0.7515000000000001,2.0,0.0,0.5,1.0,0.0,283.64363186120124,2.628642603143333,110.37860528089365
Cambridge,London Gateway DC,5,29,1.0,80.43138724090984,104.67784682496145,0.6966999999999999,0.31489999999999996,52.2053,0.1218,51.5086,0.4367,0.6931471805599453,115.0,172.0,63.6,0.0,0.0,18000.0,10.0,2.5,3.5,50.0,10856.0,0.603,2.0,0.0,0.0,1.0,0.0,216.0389962019511,1.885034053136163,79.74318652481112
Woodall Services,East Midlands Gateway,65,15,8.0,55.61828351742599,69.55644293650778,0.49450000000000216,0.12519999999999998,53.3258,-1.2031,52.8313,-1.3283,2.1972245773362196,391.0,178.0,64.21249999999999,10.8625,0.0,31000.0,13.1875,2.5187500000000003,3.8000000000000003,73.75,21827.0,0.712,0.125,0.25,0.25,1.0,0.0,134.84065395078343,1.1110436003490403,58.89351806545757
Peterborough,Warrington,44,61,4.0,182.2356944307536,234.65729872188643,0.8205000000000027,2.3565,52.5695,-0.2405,53.39,-2.597,1.6094379124341003,291.0,292.0,64.07499999999999,4.95,5.75,22000.0,11.0,2.5,3.65,57.5,14867.0,0.67525,3.0,0.5,0.5,1.0,0.25,473.8915339677542,4.254903458732575,197.41618715330642
Warrington,Watford Gap,61,62,1.0,155.93733538064637,204.36906636586582,1.0833000000000013,1.4747999999999999,53.39,-2.597,52.3067,-1.1222,0.6931471805599453,292.0,391.0,68.4,0.0,23.0,26000.0,12.0,2.5,3.8,65.0,20282.0,0.78,3.0,0.0,1.0,1.0,1.0,398.0156786464692,3.476091126692913,182.46125620336065
Sheffield Hub,M62 J26 Chain Bar,50,34,9.0,40.850816812093875,50.223895787289386,0.3485999999999976,0.19520000000000004,53.3811,-1.4701,53.7297,-1.6653,2.302585092994046,179.0,309.0,60.9888888888889,6.466666666666666,8.333333333333334,34888.88888888889,14.0,2.5222222222222226,3.888888888888889,80.55555555555556,22312.444444444445,0.6621111111111111,0.2222222222222222,0.0,0.5555555555555556,0.8888888888888888,0.2222222222222222,98.82584350613976,0.8460704344019154,42.67202038914468
Leeds Central,Doncaster iPort,25,13,6.0,46.768193486565025,59.68333333333334,0.29769999999999897,0.5012999999999999,53.8008,-1.5491,53.5031,-1.0478,1.9459101490553132,177.0,169.0,62.650000000000006,9.916666666666666,2.0,30333.333333333332,12.833333333333334,2.5166666666666666,3.766666666666667,72.5,19731.666666666668,0.6733333333333333,0.0,0.16666666666666666,0.3333333333333333,1.0,0.16666666666666666,121.97499999999998,0.955,48.85
Sheffield Hub,Charnock Richard,50,8,9.0,85.74906115983165,105.96313038161234,0.24969999999999715,1.2268,53.3811,-1.4701,53.6308,-2.6969,2.302585092994046,179.0,172.0,62.766666666666666,2.466666666666667,2.2222222222222223,32222.222222222223,13.555555555555555,2.522222222222222,3.822222222222222,77.22222222222223,22514.222222222223,0.69,1.3333333333333333,0.1111111111111111,0.2222222222222222,1.0,0.1111111111111111,209.5221942169358,1.8985924734560138,86.9263382430259
Charnock Richard,Peterborough,8,44,3.0,202.0260203512003,255.36453910087073,1.0613000000000028,2.4564,53.6308,-2.6969,52.5695,-0.2405,1.3862943611198906,172.0,291.0,61.53333333333333,0.0,6.666666666666667,35333.333333333336,14.333333333333334,2.533333333333333,3.8333333333333335,83.33333333333333,26284.666666666668,0.7446666666666667,2.0,0.0,0.3333333333333333,1.0,0.3333333333333333,499.1503014703215,4.778533839923678,205.46487245666108
Wetherby Services,Preston,63,46,4.0,88.78634975821444,109.53529178453701,0.18120000000000402,1.3184,53.9444,-1.3847,53.7632,-2.7031,1.6094379124341003,280.0,176.0,62.05,0.0,4.0,37000.0,14.25,2.525,3.9,82.5,25045.0,0.6729999999999999,0.0,0.0,0.0,1.0,0.25,214.72238619645236,1.777529236054687,95.1994271158863
Preston,Charnock Richard,46,8,4.0,14.727885684807086,18.16972158724653,0.13239999999999696,0.006200000000000205,53.7632,-2.7031,53.6308,-2.6969,1.6094379124341003,176.0,172.0,62.05,0.0,4.0,37000.0,14.25,2.525,3.9,82.5,25045.0,0.6729999999999999,0.0,0.0,0.0,1.0,0.25,35.61816390112115,0.29485666953656714,15.791687389335177
Charnock Richard,Omega Warrington,8,42,6.0,22.615950854295786,27.98658248832254,0.20179999999999865,0.04269999999999996,53.6308,-2.6969,53.429,-2.6542,1.9459101490553132,172.0,178.0,61.48333333333334,4.1499999999999995,10.166666666666666,36666.666666666664,14.25,2.525,3.9,81.66666666666667,22802.0,0.6206666666666666,0.0,0.0,0.3333333333333333,1.0,0.5,55.21868465525964,0.45722130632986396,24.10247332457331
Oxford,London Gateway DC,43,29,10.0,120.03947387501276,147.62397408270175,0.24340000000000117,1.6944,51.752,-1.2577,51.5086,0.4367,2.3978952727983707,210.0,172.0,60.35,17.34,0.0,28200.0,12.3,2.5100000000000002,3.75,67.0,18825.1,0.6636,1.0,0.3,0.2,0.9,0.0,335.4787159839898,2.799570317899213,122.63385503592656
Magna Park DC,Tamworth,36,55,5.0,39.825840075613264,48.80234315478132,0.19640000000000413,0.49239999999999995,52.4372,-1.1986,52.6336,-1.691,1.791759469228055,149.0,449.0,65.56,7.7,8.8,26800.0,11.6,2.5,3.7399999999999998,64.0,20257.2,0.749,0.8,0.2,0.6,1.0,0.2,95.61115432298145,0.8242135727020541,41.47102855266552
Wolverhampton,Chester,64,9,5.0,84.82258929346133,106.63525812581398,0.6073999999999984,0.7649000000000004,52.5861,-2.1289,53.1935,-2.8938,1.791759469228055,363.0,179.0,62.220000000000006,16.839999999999996,0.0,30800.0,13.4,2.52,3.8200000000000003,74.0,15289.6,0.48900000000000005,2.0,0.0,0.2,1.0,0.0,209.5913066997544,1.952485301390934,88.5978828556034
Chester,Glasgow Central,9,19,10.0,309.61083302712365,390.86904031948626,2.6706999999999965,1.358,53.1935,-2.8938,55.8642,-4.2518,2.3978952727983707,179.0,169.0,62.720000000000006,3.7399999999999998,2.8,30200.0,12.75,2.5149999999999997,3.7699999999999996,72.0,18192.1,0.6183000000000001,2.0,0.3,0.3,0.8,0.1,770.0270913744877,7.081926010734087,331.3425161094531
Leicester Forest East,Rugby,26,49,3.0,28.142695124697713,34.03699003930421,0.2458999999999989,0.09839999999999982,52.6167,-1.1667,52.3708,-1.2651,1.3862943611198906,425.0,393.0,58.46666666666667,15.0,0.0,36000.0,13.5,2.5166666666666666,3.8666666666666667,80.0,25805.333333333332,0.706,0.3333333333333333,0.0,0.3333333333333333,1.0,0.0,66.89821130281157,0.5996856526574526,28.804991474095925
Manchester Central,Derby,37,12,6.0,80.43055286645183,98.95411470199896,0.5581999999999994,0.768,53.4808,-2.2426,52.9226,-1.4746,1.9459101490553132,163.0,391.0,63.1,0.0,4.5,36666.666666666664,14.666666666666666,2.533333333333333,3.8833333333333333,85.83333333333333,24501.666666666668,0.6601666666666667,1.0,0.5,0.5,0.8333333333333334,0.16666666666666666,212.80586481122228,1.784317247646836,83.47180159129226
Cardiff Bay,Rugby,6,49,14.0,164.31238683813487,204.81227186916848,0.8892000000000024,1.9140000000000001,51.4816,-3.1791,52.3708,-1.2651,2.70805020110221,186.0,393.0,62.5642857142857,4.664285714285714,2.5,30857.14285714286,13.035714285714286,2.517857142857143,3.785714285714285,72.85714285714286,21369.285714285714,0.7069285714285715,1.0714285714285714,0.2857142857142857,0.35714285714285715,1.0,0.14285714285714285,415.1670736308424,3.6421420579780786,170.47926541818964
Rugby,London Gateway DC,49,29,16.0,150.99285869791115,186.0926352056835,0.8622000000000014,1.7018,52.3708,-1.2651,51.5086,0.4367,2.833213344056216,393.0,172.0,61.7625,3.875,0.0,28000.0,12.0625,2.50625,3.749999999999999,66.25,18004.5625,0.6195,1.125,0.3125,0.3125,0.875,0.0,391.57714585591003,3.382069708201352,151.11652244976122
iPort Doncaster,Grimsby Port,67,20,3.0,62.06675888707349,80.73333333333333,0.08110000000000639,0.9292,53.4939,-1.0042,53.575,-0.075,1.3862943611198906,171.0,166.0,63.06666666666666,0.0,0.0,32666.666666666668,13.5,2.5166666666666666,3.8666666666666667,75.0,23610.666666666668,0.7343333333333333,0.0,0.0,0.3333333333333333,1.0,0.0,162.98,1.28,69.23666666666666
Glasgow Central,Preston,19,46,20.0,253.80629275585852,312.4697509610145,2.100999999999999,1.5487000000000002,55.8642,-4.2518,53.7632,-2.7031,3.044522437723423,155.0,176.0,63.325,8.4,7.9,31400.0,13.2,2.52,3.79,74.0,20584.85,0.6475000000000002,1.55,0.25,0.25,0.9,0.2,612.8360649910222,5.592841057275109,263.0706205645412
Preston,York,46,66,19.0,108.1911644070583,133.7614188783155,0.1968000000000032,1.6158000000000001,53.7632,-2.7031,53.96,-1.0873,2.995732273553991,176.0,218.0,62.98947368421052,7.331578947368421,9.68421052631579,30315.78947368421,12.789473684210526,2.5157894736842104,3.7684210526315787,71.57894736842105,19958.526315789473,0.6492105263157896,1.631578947368421,0.2631578947368421,0.2631578947368421,0.8421052631578947,0.2631578947368421,262.45450486357714,2.409655191541992,112.44742682243881
Grimsby Port,Tibshelf Services,20,57,18.0,96.72656681503098,120.34142657079002,0.4333000000000027,1.2639,53.575,-0.075,53.1417,-1.3389,2.9444389791664403,143.0,547.0,62.483333333333334,5.861111111111111,3.1666666666666665,32000.0,13.166666666666666,2.5166666666666666,3.816666666666666,74.16666666666667,19061.555555555555,0.5932777777777778,0.1111111111111111,0.3333333333333333,0.2222222222222222,0.9444444444444444,0.16666666666666666,234.94754520478307,1.9461169709493227,102.20695577841289
M62 J26 Chain Bar,Hopwood Park,34,21,1.0,155.29080374805068,195.08132049548382,1.3757999999999981,0.3991,53.7297,-1.6653,52.3539,-2.0644,0.6931471805599453,309.0,295.0,69.0,0.0,0.0,26000.0,12.0,2.5,3.8,65.0,14899.0,0.573,1.0,0.0,0.0,1.0,0.0,367.75252920006193,3.082926713465556,146.87090175700416
Hopwood Park,M5 J15 Almondsbury,21,32,1.0,95.06859024655579,119.42823190632743,0.7983000000000047,0.49670000000000014,52.3539,-2.0644,51.5556,-2.5611,0.6931471805599453,295.0,83.0,69.0,0.0,0.0,26000.0,12.0,2.5,3.8,65.0,14899.0,0.573,1.0,0.0,0.0,1.0,0.0,225.13705684322656,1.8873590026498714,89.91395009412494
M5 J15 Almondsbury,Southampton Port,32,51,2.0,109.40120144814092,141.81551813034096,0.6599000000000004,1.1653000000000002,51.5556,-2.5611,50.8957,-1.3958,1.0986122886681098,83.0,166.0,68.8,2.5,0.0,33000.0,14.25,2.525,3.9,77.5,24432.0,0.711,1.5,0.0,0.0,1.0,0.0,272.3070550204784,2.308446672337248,117.77258561295918
Tibshelf Services,Newcastle Hub,57,39,8.0,205.03000351434227,255.66856445728104,1.8365999999999971,0.2788999999999999,53.1417,-1.3389,54.9783,-1.6178,2.1972245773362196,547.0,156.0,64.52499999999999,19.6,5.125,29500.0,12.9375,2.5187500000000003,3.7625,70.625,17493.875,0.6005,1.5,0.0,0.25,1.0,0.125,497.4005024048917,4.4790527513338105,209.9968893926997
Edinburgh Hub,Derby,16,12,2.0,354.7251210784712,438.8765422409168,3.030699999999996,1.7137,55.9533,-3.1883,52.9226,-1.4746,1.0986122886681098,167.0,391.0,62.300000000000004,0.0,0.0,33000.0,14.25,2.525,3.9,77.5,21166.5,0.657,1.0,0.0,0.5,1.0,0.0,869.4198638430311,7.876408197552555,367.64746127000956
Portsmouth Port,Cambridge,45,5,2.0,177.71823603194386,226.10548387725638,1.4027999999999992,1.2306,50.8025,-1.1088,52.2053,0.1218,1.0986122886681098,168.0,115.0,61.55,16.5,43.5,40000.0,16.5,2.55,4.0,90.0,27408.0,0.685,1.0,0.0,0.0,1.0,0.5,447.8153827461132,4.192358855885922,183.0805406854201
Cambridge,Magna Park DC,5,36,2.0,93.37213540147104,118.7945161227436,0.231899999999996,1.3204,52.2053,0.1218,52.4372,-1.1986,1.0986122886681098,115.0,153.0,61.55,16.5,43.5,40000.0,16.5,2.55,4.0,90.0,27408.0,0.685,1.0,0.0,0.0,1.0,0.5,235.27961725388673,2.2026411441140774,96.18945931457989
York,Tibshelf Services,66,57,5.0,92.49639806992032,113.53176085453715,0.8183000000000007,0.25160000000000005,53.96,-1.0873,53.1417,-1.3389,1.791759469228055,218.0,547.0,64.26,5.0600000000000005,14.4,30800.0,13.4,2.52,3.8200000000000003,74.0,21325.2,0.6802,0.8,0.2,0.2,1.0,0.4,223.4247892876483,1.994609008189682,95.14480518967545
Wolverhampton,York,64,66,10.0,167.7334180075427,208.94960389530473,1.373899999999999,1.0415999999999999,52.5861,-2.1289,53.96,-1.0873,2.3978952727983707,363.0,218.0,62.82000000000001,9.04,4.0,32800.0,13.4,2.5200000000000005,3.8199999999999994,77.0,18838.0,0.6042,1.9,0.2,0.4,0.9,0.2,411.6351424175561,3.7742195714676847,174.81125573505122
M6 J10 Walsall,Bristol Port,33,4,4.0,132.52724343060174,165.74842254189883,1.1030000000000015,0.7345000000000002,52.6133,-1.9794,51.5103,-2.7139,1.6094379124341003,302.0,167.0,60.900000000000006,10.0,21.5,29000.0,12.625,2.5125,3.7750000000000004,68.75,16645.5,0.59775,0.75,0.25,0.25,1.0,0.25,325.250760715315,3.037823299055792,137.8587695481915
Tilbury Port,M6 J10 Walsall,58,33,2.0,205.35445169412253,263.11107265959015,1.1587999999999994,2.3378,51.4545,0.3584,52.6133,-1.9794,1.0986122886681098,165.0,302.0,63.150000000000006,9.45,0.0,35000.0,14.25,2.525,3.9,82.5,21169.5,0.5585,2.0,0.0,0.0,1.0,0.0,506.66847904292626,4.692810970407178,209.50479824368296
M6 J10 Walsall,Glasgow Central,33,19,7.0,390.42937114604774,497.0767485949436,3.2508999999999943,2.2724,52.6133,-1.9794,55.8642,-4.2518,2.0794415416798357,302.0,169.0,62.271428571428565,5.771428571428571,2.5714285714285716,31428.571428571428,13.285714285714286,2.5142857142857147,3.857142857142857,74.28571428571429,17579.285714285714,0.5472857142857143,2.0,0.2857142857142857,0.14285714285714285,1.0,0.14285714285714285,1001.0828723847035,8.990730100054538,418.70315993095284
Cardiff Bay,Northampton,6,40,6.0,177.63319861541163,224.3329456045011,0.758899999999997,2.2764,51.4816,-3.1791,52.2405,-0.9027,1.9459101490553132,186.0,363.0,64.11666666666666,1.6500000000000001,5.5,36000.0,15.0,2.533333333333333,3.9333333333333336,83.33333333333333,20009.333333333332,0.5695,1.0,0.16666666666666666,0.3333333333333333,1.0,0.3333333333333333,443.48541609786827,3.958782970838533,187.25549301815911
Northampton,Manchester Central,40,37,3.0,164.6514127677637,207.246585565503,1.2403000000000048,1.3399,52.2405,-0.9027,53.4808,-2.2426,1.3862943611198906,363.0,188.0,63.26666666666667,3.3000000000000003,0.0,35333.333333333336,15.0,2.533333333333333,3.9333333333333336,81.66666666666667,22625.0,0.6603333333333333,1.0,0.0,0.3333333333333333,1.0,0.0,406.37327396037773,3.646257141786877,168.01645045954095
M1/M6 Junction,Tilbury Port,30,58,4.0,165.4834925947971,210.0794281264143,1.1315999999999988,1.5709,52.5861,-1.2125,51.4545,0.3584,1.6094379124341003,498.0,183.0,63.400000000000006,5.775,34.75,32000.0,13.75,2.525,3.825,76.25,20449.75,0.62475,1.0,0.25,0.0,1.0,0.75,410.68124602066416,3.6283682220233597,183.6802184507607
iPort Doncaster,Coventry,67,10,7.0,125.71612871601226,158.91072689353888,1.0870999999999995,0.5155000000000001,53.4939,-1.0042,52.4068,-1.5197,2.0794415416798357,171.0,520.0,62.28571428571428,1.842857142857143,2.0,38571.42857142857,15.214285714285714,2.5357142857142856,3.942857142857143,87.85714285714286,23513.714285714286,0.6209999999999999,1.0,0.14285714285714285,0.42857142857142855,1.0,0.14285714285714285,315.72941526245114,2.8765368694496045,136.4295395767472
Coventry,Tilbury Port,10,58,13.0,166.70853283332988,208.17967968790316,0.9522999999999939,1.8781,52.4068,-1.5197,51.4545,0.3584,2.6390573296152584,520.0,183.0,62.8,8.084615384615386,0.0,32769.230769230766,13.615384615384615,2.5230769230769234,3.8230769230769233,76.92307692307692,24445.0,0.7549230769230768,1.4615384615384615,0.07692307692307693,0.23076923076923078,0.9230769230769231,0.0,409.45071443321206,3.7618991373290833,178.67355212310923
Northampton,Milton Keynes,40,38,17.0,24.28400734363668,30.837675959937556,0.19989999999999952,0.14329999999999998,52.2405,-0.9027,52.0406,-0.7594,2.8903717578961645,363.0,277.0,64.57058823529412,8.941176470588236,4.823529411764706,31764.70588235294,13.117647058823529,2.5176470588235293,3.8,74.11764705882354,22185.58823529412,0.7058823529411765,0.47058823529411764,0.11764705882352941,0.17647058823529413,0.9411764705882353,0.17647058823529413,65.17790981616098,0.5054329997739313,26.579976367302233
Nottingham Hub,M6 J10 Walsall,41,33,2.0,67.0281342528063,81.38645530667736,0.34149999999999636,0.8213000000000001,52.9548,-1.1581,52.6133,-1.9794,1.0986122886681098,154.0,302.0,63.5,9.600000000000001,0.0,33000.0,14.25,2.525,3.9,77.5,22836.5,0.7115,1.5,0.0,0.5,1.0,0.0,161.936323026263,1.4532512757427172,73.10825673746419
M6 J10 Walsall,M62 J26 Chain Bar,33,34,3.0,125.89083173189618,157.88990166313815,1.1163999999999987,0.31410000000000005,52.6133,-1.9794,53.7297,-1.6653,1.3862943611198906,302.0,309.0,64.93333333333332,6.400000000000001,7.333333333333333,30666.666666666668,13.5,2.5166666666666666,3.8666666666666667,73.33333333333333,19340.0,0.6326666666666667,1.3333333333333333,0.0,0.3333333333333333,1.0,0.3333333333333333,310.69621484638134,2.757954251192148,136.99069236423952
Hull Port,Derby,22,12,16.0,118.48390528153728,148.48393083525212,0.8106999999999971,1.1579,53.7333,-0.3167,52.9226,-1.4746,2.833213344056216,189.0,391.0,63.78125,6.85,2.25,33750.0,14.4375,2.5312499999999996,3.8687499999999995,79.0625,21818.375,0.656375,0.875,0.25,0.25,0.9375,0.125,297.69688284969345,2.5561201843934107,130.12756422981005
M1/M6 Junction,Cambridge,30,5,3.0,99.94515597562348,124.99273989180806,0.3808000000000007,1.3342999999999998,52.5861,-1.2125,52.2053,0.1218,1.3862943611198906,498.0,115.0,62.26666666666667,3.8333333333333335,6.666666666666667,34000.0,14.333333333333334,2.533333333333333,3.8333333333333335,80.0,22399.666666666668,0.6673333333333332,1.0,0.6666666666666666,0.6666666666666666,1.0,0.3333333333333333,246.50979188444322,2.2386759383607413,105.71716604305071
Cambridge,Preston,5,46,8.0,256.42216702226665,321.85123277815745,1.5578999999999965,2.8249,52.2053,0.1218,53.7632,-2.7031,2.1972245773362196,115.0,176.0,60.962500000000006,10.1,7.0,34250.0,14.3125,2.53125,3.85,80.625,25700.375,0.7570000000000001,2.5,0.125,0.25,1.0,0.25,640.0621648017207,6.007845402767071,282.5151642414354
Preston,Bristol DC,46,3,2.0,256.8338076755853,329.8277776246652,2.3086999999999946,0.11520000000000019,53.7632,-2.7031,51.4545,-2.5879,1.0986122886681098,176.0,175.0,59.95,20.05,6.0,29000.0,13.25,2.525,3.75,70.0,21918.5,0.7729999999999999,3.0,0.5,0.5,1.0,0.5,672.5429168334141,6.36560477945318,302.31995975730683
M25 J15 (M4),Toddington Services,31,59,6.0,53.30303352919881,67.39777287326739,0.47920000000000584,0.020299999999999985,51.4736,-0.5083,51.9528,-0.5286,1.9459101490553132,96.0,111.0,62.28333333333333,0.0,21.166666666666668,34000.0,13.5,2.516666666666667,3.8666666666666667,78.33333333333333,19132.833333333332,0.5841666666666666,0.6666666666666666,0.16666666666666666,0.5,1.0,0.5,132.34626121285717,1.161725432792191,58.143087194851574
Woodall Services,Chester,65,9,3.0,113.41354255583171,134.5454019531952,0.13230000000000075,1.6907,53.3258,-1.2031,53.1935,-2.8938,1.3862943611198906,391.0,179.0,58.43333333333334,0.0,7.333333333333333,22666.666666666668,10.666666666666666,2.5,3.6,56.666666666666664,15720.666666666666,0.7346666666666666,2.3333333333333335,0.3333333333333333,0.0,1.0,0.3333333333333333,263.45223924025726,2.6212710772947965,109.31589620350364
Chester,Peterborough,9,44,6.0,191.07080990609344,234.9020260282832,0.6240000000000023,2.6533,53.1935,-2.8938,52.5695,-0.2405,1.9459101490553132,179.0,291.0,57.06666666666666,5.216666666666667,7.5,27666.666666666668,12.083333333333334,2.5083333333333333,3.733333333333333,65.83333333333333,20377.0,0.7498333333333335,2.3333333333333335,0.16666666666666666,0.3333333333333333,1.0,0.16666666666666666,464.45777051473056,4.67131898029318,196.12006630796463
Northampton,Cardiff Bay,40,6,8.0,177.63319861541163,223.5908965027345,0.758899999999997,2.2764,52.2405,-0.9027,51.4816,-3.1791,2.1972245773362196,363.0,183.0,60.625,3.9875,7.25,29750.0,12.625,2.5125,3.7750000000000004,69.375,19178.125,0.6615,1.75,0.25,0.0,1.0,0.25,441.8641039835939,4.198468536836769,188.9401191371872
Teesport,Derby,56,12,13.0,190.14952707529648,235.73010097116187,1.7006999999999977,0.3023,54.6233,-1.1723,52.9226,-1.4746,2.6390573296152584,166.0,391.0,63.06153846153847,5.315384615384615,9.0,33230.769230769234,13.576923076923077,2.519230769230769,3.8538461538461535,76.53846153846153,21304.615384615383,0.6466923076923077,1.1538461538461537,0.46153846153846156,0.15384615384615385,0.8461538461538461,0.46153846153846156,464.0774865945163,4.138305974755602,196.30384117245362
Derby,Frankley Services,12,18,12.0,66.66951808582334,82.34550969700024,0.49980000000000047,0.5462,52.9226,-1.4746,52.4228,-2.0208,2.5649493574615367,391.0,300.0,62.85,4.4750000000000005,7.5,33333.333333333336,13.708333333333334,2.5208333333333335,3.858333333333333,77.08333333333333,20923.666666666668,0.6331666666666668,1.1666666666666667,0.4166666666666667,0.16666666666666666,0.8333333333333334,0.4166666666666667,162.31623785283355,1.4519664977191165,68.67979566436397
Rugby,Derby,49,12,3.0,62.964237200867466,81.81666936211997,0.5518000000000001,0.20950000000000002,52.3708,-1.2651,52.9226,-1.4746,1.3862943611198906,393.0,391.0,63.366666666666674,0.0,4.666666666666667,25333.333333333332,11.333333333333334,2.5,3.6999999999999997,61.666666666666664,16184.0,0.664,1.0,0.3333333333333333,0.3333333333333333,1.0,0.3333333333333333,175.13339133524877,1.4482327146279523,73.24839184766589
Derby,Trafford Park DC,12,60,9.0,82.39621441017799,103.34793079559246,0.5441999999999965,0.8394999999999999,52.9226,-1.4746,53.4668,-2.3141,2.302585092994046,391.0,144.0,62.75555555555555,4.955555555555556,1.5555555555555556,31777.777777777777,13.055555555555555,2.516666666666667,3.8000000000000003,73.88888888888889,17190.555555555555,0.5424444444444445,0.5555555555555556,0.2222222222222222,0.2222222222222222,1.0,0.1111111111111111,201.443140557484,1.7635510396990377,85.67581106207945
ProLogis Park DC,Stoke-on-Trent,47,53,1.0,61.82019380254788,83.39646177704435,0.4995999999999938,0.4029999999999998,52.5031,-1.7764,53.0027,-2.1794,0.6931471805599453,162.0,375.0,65.3,8.7,0.0,40000.0,16.5,2.55,4.0,90.0,26304.0,0.658,1.0,1.0,0.0,1.0,0.0,160.18356215782225,1.3989189223512823,68.54376250694597
Stoke-on-Trent,Dover Port,53,14,1.0,316.90015404817456,427.5035382229556,1.8748000000000005,3.4928,53.0027,-2.1794,51.1279,1.3134,0.6931471805599453,375.0,180.0,65.3,8.7,0.0,40000.0,16.5,2.55,4.0,90.0,26304.0,0.658,1.0,1.0,0.0,1.0,0.0,821.1264378421778,7.171081077648719,351.3662374930541
York,Omega Warrington,66,42,7.0,118.85914843565855,144.79859150025544,0.5309999999999988,1.5669,53.96,-1.0873,53.429,-2.6542,2.0794415416798357,218.0,178.0,63.32857142857143,7.1000000000000005,1.5714285714285714,25142.85714285714,11.142857142857142,2.5,3.6714285714285713,60.714285714285715,16757.85714285714,0.6494285714285715,1.8571428571428572,0.42857142857142855,0.42857142857142855,0.8571428571428571,0.14285714285714285,284.47800683882224,2.622774320563677,124.58515286459703
Oxford,Reading,43,48,7.0,38.323277511252634,49.096566650943124,0.29769999999999897,0.27960000000000007,51.752,-1.2577,51.4543,-0.9781,2.0794415416798357,210.0,130.0,59.65714285714285,6.0,0.0,32571.428571428572,13.642857142857142,2.5214285714285714,3.842857142857143,77.85714285714286,24433.571428571428,0.7294285714285714,1.0,0.0,0.14285714285714285,1.0,0.0,97.73327544169591,0.9345730220734731,40.84848462551941
M5 J15 Almondsbury,Watford Gap,32,62,8.0,129.2567588558496,162.03306080726892,0.751100000000001,1.4389,51.5556,-2.5611,52.3067,-1.1222,2.1972245773362196,83.0,391.0,64.4875,11.287499999999998,3.75,31750.0,13.1875,2.51875,3.8000000000000003,74.375,18693.0,0.605625,1.0,0.125,0.25,1.0,0.125,326.85697248946764,2.811071748602339,136.55084741004038
Grimsby Port,A1/A14 Junction,20,1,15.0,138.56760978654185,173.66358357275925,1.2417000000000016,0.175,53.575,-0.075,52.3333,-0.25,2.772588722239781,143.0,259.0,63.19333333333332,1.4466666666666665,0.0,33333.333333333336,13.7,2.523333333333333,3.8333333333333335,77.0,22162.133333333335,0.6731333333333335,1.0666666666666667,0.26666666666666666,0.26666666666666666,0.8666666666666667,0.0,348.03494341584997,3.078897314577401,148.01099432898988
A1/A14 Junction,Coventry,1,10,11.0,86.58686809866889,108.78935081991052,0.07349999999999568,1.2697,52.3333,-0.25,52.4068,-1.5197,2.4849066497880004,259.0,520.0,63.53636363636363,2.7818181818181817,3.090909090909091,30909.090909090908,13.090909090909092,2.518181818181818,3.7909090909090906,72.27272727272727,21238.545454545456,0.6984545454545454,1.1818181818181819,0.18181818181818182,0.2727272727272727,0.8181818181818182,0.09090909090909091,218.82972918364806,1.9160148462203175,93.96619684778452
Hull Port,Leicester Forest East,22,26,9.0,136.47115614300785,168.04902381803538,1.1165999999999983,0.8500000000000001,53.7333,-0.3167,52.6167,-1.1667,2.302585092994046,189.0,425.0,60.866666666666674,3.1666666666666665,0.0,33555.555555555555,14.055555555555555,2.5277777777777777,3.8444444444444446,78.33333333333333,19840.222222222223,0.5985555555555556,0.4444444444444444,0.0,0.2222222222222222,1.0,0.0,340.7168687180295,2.903867312365181,146.1777570213518
Tibshelf Services,Knutsford Services,57,23,2.0,73.70541168506124,87.50644127880447,0.15720000000000312,1.0755000000000001,53.1417,-1.3389,53.2989,-2.4144,1.0986122886681098,547.0,242.0,61.15,0.0,0.0,38000.0,14.25,2.525,3.9,85.0,25719.0,0.697,0.0,0.0,0.0,1.0,0.0,168.64468730073833,1.4329790512774867,71.78058961429917
Swindon,Toddington Services,54,59,3.0,96.77111616271243,117.16859004555774,0.39700000000000557,1.2511,51.5558,-1.7797,51.9528,-0.5286,1.3862943611198906,129.0,111.0,61.5,5.033333333333333,0.0,25333.333333333332,11.333333333333334,2.5,3.6999999999999997,61.666666666666664,15164.666666666666,0.5686666666666667,1.0,0.0,0.3333333333333333,0.6666666666666666,0.0,230.1943892954927,2.0965707553062107,95.65480257851009
Sheffield Hub,Wolverhampton,50,64,11.0,98.78983525411913,122.66099100885914,0.7950000000000017,0.6587999999999998,53.3811,-1.4701,52.5861,-2.1289,2.4849066497880004,179.0,363.0,63.26363636363636,5.263636363636365,4.0,28545.454545454544,12.5,2.5136363636363637,3.7454545454545456,69.54545454545455,18890.81818181818,0.6691818181818181,1.0,0.2727272727272727,0.18181818181818182,0.9090909090909091,0.18181818181818182,242.0466239304049,2.1669063332110237,102.31111576903014
Wolverhampton,Felixstowe Port,64,17,3.0,246.8860934510658,312.9203340323241,0.629400000000004,3.4799999999999995,52.5861,-2.1289,51.9567,1.3511,1.3862943611198906,363.0,160.0,65.53333333333333,0.0,0.0,20666.666666666668,10.666666666666666,2.5,3.6,55.0,12921.0,0.6493333333333333,1.0,0.3333333333333333,0.3333333333333333,1.0,0.0,607.4901664310423,5.316122229870508,261.7589069298085
Manchester Central,Trafford Park DC,37,60,3.0,4.981517308472137,6.466666666666666,0.014000000000002899,0.0714999999999999,53.4808,-2.2426,53.4668,-2.3141,1.3862943611198906,163.0,144.0,64.0,11.933333333333332,11.333333333333334,29333.333333333332,12.833333333333334,2.5166666666666666,3.766666666666667,71.66666666666667,12845.333333333334,0.4446666666666666,0.0,0.0,0.0,1.0,0.3333333333333333,22.063333333333333,0.09999999999999999,5.31
Omega Warrington,Knutsford Services,42,23,8.0,21.504780556071328,27.18119520165784,0.13009999999999877,0.2397999999999998,53.429,-2.6542,53.2989,-2.4144,2.1972245773362196,183.0,242.0,66.15,2.5125,0.0,27500.0,12.375,2.5125,3.7375000000000003,68.125,16813.0,0.6475,0.0,0.125,0.375,1.0,0.0,52.441497881779625,0.41108856295415586,23.185740094799183
Knutsford Services,Charnock Richard,23,8,14.0,41.37300894209558,51.830983577216834,0.3318999999999974,0.28249999999999975,53.2989,-2.4144,53.6308,-2.6969,2.70805020110221,242.0,172.0,63.671428571428564,3.9714285714285715,6.142857142857143,26714.285714285714,12.071428571428571,2.507142857142857,3.7428571428571424,66.07142857142857,15913.92857142857,0.6105000000000002,0.6428571428571429,0.07142857142857142,0.2857142857142857,1.0,0.07142857142857142,101.68032345479087,0.8630189026856457,43.86984074304679
Charnock Richard,M62 J26 Chain Bar,8,34,13.0,68.82463741078143,86.60768145663673,0.09890000000000043,1.0315999999999999,53.6308,-2.6969,53.7297,-1.6653,2.6390573296152584,172.0,309.0,63.900000000000006,8.723076923076924,1.0,26000.0,12.076923076923077,2.5076923076923077,3.738461538461538,65.0,15625.846153846154,0.6101538461538463,0.6153846153846154,0.15384615384615385,0.3076923076923077,0.9230769230769231,0.07692307692307693,169.04059267217855,1.4590038521396467,72.3715020665127
M1/M6 Junction,Birmingham Central,30,2,7.0,47.176436636918076,58.79034024866953,0.0999000000000052,0.6779000000000002,52.5861,-1.2125,52.4862,-1.8904,2.0794415416798357,498.0,180.0,62.199999999999996,4.828571428571428,7.285714285714286,25428.571428571428,11.785714285714286,2.507142857142857,3.6999999999999997,62.857142857142854,16155.857142857143,0.6107142857142857,1.1428571428571428,0.2857142857142857,0.42857142857142855,1.0,0.2857142857142857,126.98681839532436,1.0689954402733601,48.125117490382145
Sheffield Hub,M1/M6 Junction,50,30,4.0,90.06625457607771,108.56891860908506,0.7950000000000017,0.25760000000000005,53.3811,-1.4701,52.5861,-1.2125,1.6094379124341003,179.0,498.0,64.375,8.5,4.25,33000.0,13.75,2.525,3.825,78.75,17615.0,0.544,0.25,0.25,0.25,0.75,0.25,230.6368844090611,1.7598137417170494,93.72006408780123
London Central,A1/A14 Junction,28,1,4.0,92.2175673698632,118.47027050203087,0.8259000000000043,0.1222,51.5074,-0.1278,52.3333,-0.25,1.6094379124341003,178.0,259.0,62.824999999999996,0.0,17.25,34500.0,14.25,2.525,3.9000000000000004,78.75,23969.75,0.688,1.0,0.0,0.25,1.0,0.5,277.49849244152284,2.0926498661683315,100.43709054388046
A1/A14 Junction,M1/M6 Junction,1,30,4.0,71.01233467810283,91.22828478606039,0.2528000000000006,0.9624999999999999,52.3333,-0.25,52.5861,-1.2125,1.6094379124341003,259.0,498.0,62.824999999999996,0.0,17.25,34500.0,14.25,2.525,3.9000000000000004,78.75,23969.75,0.688,1.0,0.0,0.25,1.0,0.5,213.68830668554688,1.6114494981679224,77.34179605054071
M1/M6 Junction,Wolverhampton,30,64,8.0,61.91031532042121,78.20867781335005,0.0,0.9163999999999999,52.5861,-1.2125,52.5861,-2.1289,2.1972245773362196,498.0,363.0,65.08749999999999,6.9875,15.375,29750.0,12.625,2.5125,3.775,69.375,20508.0,0.702,0.625,0.125,0.5,0.875,0.5,159.96035589807653,1.2789142063381647,67.78714057294806
Wolverhampton,Hull Port,64,22,3.0,175.6879084915996,232.54566398444413,1.147199999999998,1.8121999999999998,52.5861,-2.1289,53.7333,-0.3167,1.3862943611198906,363.0,151.0,66.23333333333333,2.6999999999999997,23.0,30000.0,12.833333333333334,2.5166666666666666,3.766666666666667,70.0,19979.666666666668,0.6496666666666666,1.0,0.0,0.3333333333333333,0.6666666666666666,0.6666666666666666,513.9486243694004,3.83692631459132,201.9825007886653
Trafford Park DC,Tibshelf Services,60,57,15.0,74.19902468007157,94.3331637852805,0.32509999999999906,0.9751999999999998,53.4668,-2.3141,53.1417,-1.3389,2.772588722239781,141.0,547.0,61.080000000000005,11.113333333333335,8.466666666666667,29333.333333333332,12.666666666666666,2.5133333333333336,3.773333333333333,70.0,18075.2,0.5977333333333333,0.8,0.06666666666666667,0.06666666666666667,0.8666666666666667,0.13333333333333333,194.2254659249417,1.6795101556449226,79.49150424146511
Tamworth,Northampton,55,40,26.0,69.0368939186232,87.83663043575773,0.393100000000004,0.7883000000000001,52.6336,-1.691,52.2405,-0.9027,3.295836866004329,449.0,363.0,62.611538461538466,6.980769230769231,5.8076923076923075,30538.46153846154,13.038461538461538,2.519230769230769,3.773076923076923,73.07692307692308,20051.076923076922,0.6369999999999999,1.0,0.0,0.23076923076923078,0.9230769230769231,0.07692307692307693,175.6296430630703,1.560942437805355,74.33566694654581
Northampton,London Gateway DC,40,29,15.0,122.78929293397077,156.36763431772596,0.731899999999996,1.3394,52.2405,-0.9027,51.5086,0.4367,2.772588722239781,363.0,172.0,61.266666666666666,7.6000000000000005,5.733333333333333,28800.0,12.533333333333333,2.5133333333333336,3.7533333333333325,69.0,20522.2,0.6715333333333333,1.2666666666666666,0.13333333333333333,0.2,0.9333333333333333,0.13333333333333333,328.3904934929613,2.8460727834381596,131.7208529286553
Liverpool Port,Derby,27,12,9.0,114.8468756564412,143.6826584097713,0.48269999999999413,1.5231000000000001,53.4053,-2.9977,52.9226,-1.4746,2.302585092994046,167.0,391.0,63.37777777777777,2.7777777777777777,11.555555555555555,22888.88888888889,10.88888888888889,2.5,3.633333333333333,57.77777777777778,14757.333333333334,0.6524444444444445,0.7777777777777778,0.2222222222222222,0.2222222222222222,1.0,0.3333333333333333,278.4747973512132,2.450310636322697,118.0632817855779
Peterborough,Milton Keynes,44,38,10.0,68.58135096863747,85.6432081022666,0.5289000000000001,0.5188999999999999,52.5695,-0.2405,52.0406,-0.7594,2.3978952727983707,291.0,277.0,59.73,1.45,0.0,28000.0,12.1,2.5100000000000002,3.72,66.0,17772.1,0.6279,1.0,0.2,0.4,1.0,0.0,169.5550612654725,1.5828948992104581,69.9473491968046
Toddington Services,Watford Gap,59,62,5.0,56.48302006504232,69.38471969578512,0.3538999999999959,0.5936000000000001,51.9528,-0.5286,52.3067,-1.1222,1.791759469228055,111.0,391.0,66.42,17.380000000000003,3.6,37200.0,14.7,2.53,3.9200000000000004,85.0,24638.2,0.6597999999999999,0.8,0.2,0.2,1.0,0.2,136.91315541957152,1.1658080581198669,59.67882432218099
Sheffield Hub,Trafford Park DC,50,60,2.0,56.72914753912992,72.4,0.08569999999999567,0.8439999999999999,53.3811,-1.4701,53.4668,-2.3141,1.0986122886681098,179.0,144.0,66.05,0.0,0.0,22000.0,11.0,2.5,3.65,57.5,16540.0,0.7505,0.0,0.0,0.0,1.0,0.0,147.18,1.1,63.52
Milton Keynes,Reading,38,48,2.0,66.90958715918276,89.24276059178129,0.5862999999999943,0.2187,52.0406,-0.7594,51.4543,-0.9781,1.0986122886681098,277.0,130.0,63.849999999999994,0.0,0.0,22000.0,11.0,2.5,3.65,57.5,14255.0,0.6915,1.0,0.0,0.5,0.5,0.0,172.38115335860877,1.577611749535077,69.7083178362835
Newcastle Hub,Warrington,39,61,17.0,187.7482157623413,237.5146879233326,1.5882999999999967,0.9792000000000001,54.9783,-1.6178,53.39,-2.597,2.8903717578961645,174.0,292.0,61.87058823529413,12.200000000000001,3.9411764705882355,28941.176470588234,12.323529411764707,2.508823529411765,3.7647058823529402,68.23529411764706,18823.58823529412,0.6525294117647058,1.6470588235294117,0.11764705882352941,0.29411764705882354,1.0,0.11764705882352941,467.4084176606775,4.321180399260776,199.86068728543245
Warrington,Leicester Forest East,61,26,17.0,128.6560268469036,162.75891593387635,0.773299999999999,1.4303,53.39,-2.597,52.6167,-1.1667,2.8903717578961645,292.0,425.0,61.87058823529413,12.200000000000001,3.9411764705882355,28941.176470588234,12.323529411764707,2.508823529411765,3.7647058823529402,68.23529411764706,18823.58823529412,0.6525294117647058,1.6470588235294117,0.11764705882352941,0.29411764705882354,1.0,0.11764705882352941,320.2955068672495,2.961124819217162,136.9561987293878
Leicester Forest East,A1/A14 Junction,26,1,23.0,69.62653009706831,88.08069043272769,0.2834000000000003,0.9167000000000001,52.6167,-1.1667,52.3333,-0.25,3.1780538303479458,425.0,259.0,61.68260869565218,10.186956521739132,2.0869565217391304,30956.521739130436,13.021739130434783,2.5152173913043474,3.8086956521739124,72.6086956521739,19348.565217391304,0.6207391304347826,1.6521739130434783,0.13043478260869565,0.34782608695652173,1.0,0.08695652173913043,173.27351764905725,1.6250287753940134,73.29841610086365
Stoke-on-Trent,Glasgow Central,53,19,5.0,345.22465460670065,424.20688177666324,2.8614999999999995,2.0724000000000005,53.0027,-2.1794,55.8642,-4.2518,1.791759469228055,375.0,169.0,62.239999999999995,7.720000000000001,9.0,31600.0,13.8,2.52,3.8800000000000003,75.0,15775.2,0.4946,2.0,0.6,0.4,1.0,0.2,844.5003298776904,7.7913524343763,374.1526989150727
Milton Keynes,Nottingham Hub,38,41,2.0,105.17607103514855,134.82844271636748,0.914200000000001,0.39869999999999994,52.0406,-0.7594,52.9548,-1.1581,1.0986122886681098,277.0,178.0,62.4,0.0,0.0,29000.0,12.0,2.5,3.8,67.5,18517.0,0.6575,1.0,0.0,0.5,1.0,0.0,265.8296858670049,2.508339082883048,102.00509376905678
Trafford Park DC,Warrington,60,61,10.0,20.59675495825781,26.107339845776625,0.07679999999999865,0.28290000000000015,53.4668,-2.3141,53.39,-2.597,2.3978952727983707,141.0,292.0,64.21,4.85,6.0,32000.0,13.45,2.5250000000000004,3.78,76.0,22437.2,0.6953999999999999,0.3,0.2,0.5,1.0,0.2,50.950049455522944,0.42990420733148155,21.899655211484806
Stafford,Omega Warrington,52,42,8.0,77.95089198594565,97.2563249555899,0.622399999999999,0.5375000000000001,52.8066,-2.1167,53.429,-2.6542,2.1972245773362196,411.0,178.0,64.7,10.3125,0.0,29250.0,12.375,2.5125,3.7375000000000003,68.75,17431.25,0.60175,0.875,0.125,0.125,1.0,0.0,202.93818892992203,1.6674162768997385,80.09730364316135
Swindon,Wolverhampton,54,64,5.0,117.02374487771151,147.36079676585047,1.030300000000004,0.34919999999999973,51.5558,-1.7797,52.5861,-2.1289,1.791759469228055,129.0,363.0,60.67999999999999,7.0,0.0,33200.0,13.4,2.5200000000000005,3.8200000000000003,76.0,20889.8,0.6374,1.0,0.4,0.2,1.0,0.0,294.5841048272382,2.6748995126949895,131.5357175983508
Wolverhampton,Sheffield Hub,64,50,6.0,98.78983525411913,125.13898095048621,0.7950000000000017,0.6587999999999998,52.5861,-2.1289,53.3811,-1.4701,1.9459101490553132,363.0,164.0,61.9,11.033333333333333,0.0,32000.0,13.166666666666666,2.516666666666667,3.816666666666667,74.16666666666667,20433.666666666668,0.6475,0.8333333333333334,0.5,0.16666666666666666,1.0,0.0,247.62443099340877,2.197626030443072,109.66247103696504
Omega Warrington,Manchester Central,42,37,9.0,27.854727651474892,34.58888888888889,0.05180000000000007,0.41159999999999997,53.429,-2.6542,53.4808,-2.2426,2.302585092994046,183.0,188.0,62.20000000000001,12.811111111111112,9.0,33111.11111111111,13.5,2.516666666666667,3.8666666666666663,76.11111111111111,17490.666666666668,0.5433333333333334,0.0,0.3333333333333333,0.3333333333333333,1.0,0.3333333333333333,75.24111111111111,0.5588888888888888,28.767777777777773
Southampton Port,A1/A14 Junction,51,1,2.0,178.35424499371462,219.8879248677259,1.4376000000000033,1.1458,50.8957,-1.3958,52.3333,-0.25,1.0986122886681098,171.0,259.0,64.05,0.0,0.0,36000.0,14.25,2.525,3.9,80.0,30171.5,0.841,1.0,0.5,0.5,1.0,0.0,438.2407520127797,3.9266877369637347,178.31181251183725
A1/A14 Junction,Nottingham Hub,1,41,2.0,92.35515981994261,113.86207513227413,0.6214999999999975,0.9080999999999999,52.3333,-0.25,52.9548,-1.1581,1.0986122886681098,259.0,178.0,64.05,0.0,0.0,36000.0,14.25,2.525,3.9,80.0,30171.5,0.841,1.0,0.5,0.5,1.0,0.0,226.92924798722026,2.033312263036266,92.33318748816279
Felixstowe Port,A1/A14 Junction,17,1,6.0,117.00086908666786,145.86067564678277,0.3766000000000034,1.6011,51.9567,1.3511,52.3333,-0.25,1.9459101490553132,160.0,259.0,64.44999999999999,16.483333333333334,13.833333333333334,32000.0,13.166666666666666,2.516666666666667,3.8166666666666664,74.16666666666667,18611.166666666668,0.5896666666666667,0.8333333333333334,0.0,0.3333333333333333,0.8333333333333334,0.3333333333333333,292.72158210629806,2.564005102485965,126.01313087747394
Woodall Services,Newcastle Hub,65,39,14.0,185.72278505860004,234.03369884107653,1.6524999999999963,0.41469999999999985,53.3258,-1.2031,54.9783,-1.6178,2.70805020110221,391.0,156.0,63.550000000000004,6.6000000000000005,6.928571428571429,31857.14285714286,13.678571428571429,2.525,3.814285714285714,76.07142857142857,20276.85714285714,0.6358571428571429,1.1428571428571428,0.07142857142857142,0.21428571428571427,0.8571428571428571,0.21428571428571427,473.2234175168482,4.120573049985157,201.86884624720867
Bristol DC,M1/M6 Junction,3,30,5.0,157.12564092524264,194.5375861811704,1.1315999999999988,1.3754,51.4545,-2.5879,52.5861,-1.2125,1.791759469228055,160.0,498.0,62.44,9.82,0.0,33200.0,13.4,2.5200000000000005,3.8200000000000003,76.0,20934.4,0.6210000000000001,1.0,0.2,0.2,1.0,0.0,407.44469873857713,3.5348541843540495,168.40398418415253
Bristol DC,Tamworth,3,55,2.0,144.74676302560482,184.733244934488,1.1790999999999983,0.8968999999999998,51.4545,-2.5879,52.6336,-1.691,1.0986122886681098,160.0,449.0,65.6,15.85,0.0,33000.0,14.25,2.525,3.9,77.5,14262.0,0.433,0.0,0.5,1.0,1.0,0.0,413.9084327688794,2.812124607005142,163.34775978082044
Peterborough,Omega Warrington,44,42,1.0,187.6667057969877,239.34592546238213,0.8595000000000041,2.4137,52.5695,-0.2405,53.429,-2.6542,0.6931471805599453,291.0,178.0,58.9,0.0,0.0,44000.0,16.5,2.55,4.0,100.0,23113.0,0.525,1.0,0.0,0.0,0.0,0.0,483.23240498649824,4.425965946611375,214.54714754792744
Hopwood Park,Tilbury Port,21,58,4.0,193.96819118420248,241.77795975563026,0.8994,2.4228,52.3539,-2.0644,51.4545,0.3584,1.6094379124341003,295.0,183.0,59.825,0.0,7.0,36500.0,14.25,2.525,3.9000000000000004,83.75,21558.0,0.601,1.25,0.25,0.25,1.0,0.25,483.29489312211604,4.513654907254923,210.8877151221982
Frankley Services,Rugby,18,49,9.0,51.59904147150341,66.46258741513421,0.0519999999999996,0.7557,52.4228,-2.0208,52.3708,-1.2651,2.302585092994046,300.0,393.0,62.3111111111111,12.511111111111111,8.11111111111111,24444.444444444445,11.61111111111111,2.5055555555555555,3.688888888888889,62.22222222222222,14822.0,0.6042222222222222,1.0,0.3333333333333333,0.4444444444444444,1.0,0.2222222222222222,136.7271832720289,1.213827438382366,56.1914760606044
Newcastle Hub,M62 J26 Chain Bar,39,34,8.0,138.87228479335457,170.48203719885302,1.2485999999999962,0.0475000000000001,54.9783,-1.6178,53.7297,-1.6653,2.1972245773362196,174.0,309.0,63.75000000000001,7.0625,4.625,33000.0,13.4375,2.51875,3.8375000000000004,75.625,16583.0,0.5165,0.375,0.25,0.625,1.0,0.125,334.43538792639714,2.8005709816781263,144.13756729635224
Wolverhampton,Dover Port,64,14,7.0,286.6199641624907,354.0979483749842,1.458200000000005,3.4422999999999995,52.5861,-2.1289,51.1279,1.3134,2.0794415416798357,363.0,180.0,60.642857142857146,5.3999999999999995,6.285714285714286,31428.571428571428,12.714285714285714,2.5142857142857147,3.7714285714285714,72.85714285714286,23427.571428571428,0.709,1.0,0.2857142857142857,0.0,1.0,0.2857142857142857,708.3055052017347,6.392661474085336,311.4015454004029
Hopwood Park,Cardiff Bay,21,6,11.0,123.49929315224496,152.71943124526734,0.8723000000000027,1.1147,52.3539,-2.0644,51.4816,-3.1791,2.4849066497880004,295.0,183.0,62.25454545454546,5.590909090909091,7.363636363636363,35272.72727272727,14.090909090909092,2.5272727272727273,3.8545454545454545,80.9090909090909,23386.545454545456,0.6684545454545455,1.0,0.09090909090909091,0.18181818181818182,0.8181818181818182,0.18181818181818182,302.6638045092335,2.739850931117106,129.0627111778122
Northampton,Peterborough,40,44,4.0,57.93327211409566,69.79901335644013,0.3290000000000006,0.6621999999999999,52.2405,-0.9027,52.5695,-0.2405,1.6094379124341003,363.0,291.0,63.225,0.7,21.75,30500.0,12.625,2.5125,3.7750000000000004,70.0,19366.5,0.6415000000000001,0.25,0.0,0.25,1.0,0.5,132.97162253040315,1.1585368963223748,54.71268862534296
Peterborough,Hull Port,44,22,4.0,129.50853479882912,156.0341341050726,1.163800000000002,0.07619999999999999,52.5695,-0.2405,53.7333,-0.3167,1.6094379124341003,291.0,151.0,63.225,0.7,21.75,30500.0,12.625,2.5125,3.7750000000000004,70.0,19366.5,0.6415000000000001,0.25,0.0,0.25,1.0,0.5,297.2550897836388,2.5898833343574883,122.30899240108182
Warrington,A1/A14 Junction,61,1,6.0,196.53299462482036,241.18440071652535,1.0566999999999993,2.347,53.39,-2.597,52.3333,-0.25,1.9459101490553132,292.0,259.0,62.65,9.950000000000001,0.0,32666.666666666668,13.583333333333334,2.5250000000000004,3.8000000000000003,76.66666666666667,19692.5,0.6163333333333333,1.8333333333333333,0.3333333333333333,0.3333333333333333,1.0,0.0,474.6249490368344,4.421410359368308,203.87288067259374
Edinburgh Hub,Tamworth,16,55,16.0,381.68564164831906,482.85136682299054,3.3196999999999974,1.4972999999999999,55.9533,-3.1883,52.6336,-1.691,2.833213344056216,167.0,449.0,62.50625000000001,7.5,0.0,33750.0,13.875,2.525,3.84375,79.0625,20666.1875,0.611,2.0,0.25,0.375,1.0,0.0,946.5622041041482,8.781431534339609,405.6064057377027
Tamworth,Tilbury Port,55,58,5.0,191.91013671986326,245.41517896412634,1.1790999999999983,2.0494,52.6336,-1.691,51.4545,0.3584,1.791759469228055,449.0,183.0,62.839999999999996,13.14,0.0,32000.0,13.4,2.5200000000000005,3.8200000000000003,75.0,15868.0,0.5108,2.0,0.2,0.0,1.0,0.0,478.20557845260134,4.416285568368387,205.96984097733707
Woodall Services,Knutsford Services,65,23,7.0,80.52581490451537,101.21409706088797,0.026899999999997704,1.2113,53.3258,-1.2031,53.2989,-2.4144,2.0794415416798357,391.0,242.0,61.11428571428571,2.6571428571428575,3.0,34000.0,13.928571428571429,2.521428571428572,3.8857142857142857,79.28571428571429,21608.14285714286,0.6221428571428572,0.5714285714285714,0.14285714285714285,0.14285714285714285,1.0,0.14285714285714285,199.54366236585773,1.7813750745749883,85.78710969564595
Knutsford Services,York,23,66,2.0,114.28362220285581,145.77784365485928,0.6610999999999976,1.3271000000000002,53.2989,-2.4144,53.96,-1.0873,1.0986122886681098,242.0,218.0,58.4,9.3,0.0,29000.0,12.0,2.5,3.8,67.5,15474.0,0.53,1.0,0.0,0.0,1.0,0.0,284.62792325331975,2.774790603440572,110.68024325317305
M6 J10 Walsall,Northampton,33,40,11.0,83.95125364895986,104.24178300387986,0.3728000000000051,1.0767000000000002,52.6133,-1.9794,52.2405,-0.9027,2.4849066497880004,302.0,363.0,63.59090909090908,2.963636363636364,5.0,30000.0,12.909090909090908,2.5181818181818185,3.763636363636363,71.36363636363636,17702.454545454544,0.5844545454545454,1.0909090909090908,0.18181818181818182,0.09090909090909091,0.8181818181818182,0.18181818181818182,208.2324932325624,1.824326844060431,87.33713264139632
Northampton,Knutsford Services,40,23,1.0,155.53573700985572,197.98017534975776,1.058400000000006,1.5117000000000003,52.2405,-0.9027,53.2989,-2.4144,0.6931471805599453,363.0,242.0,63.5,0.0,0.0,40000.0,16.5,2.55,4.0,90.0,30253.0,0.756,1.0,0.0,0.0,1.0,0.0,400.02466974826723,3.40137173403408,185.64784859756776
Tibshelf Services,York,57,66,7.0,92.49639806992033,116.22830679667133,0.8183000000000007,0.25160000000000005,53.1417,-1.3389,53.96,-1.0873,2.0794415416798357,547.0,218.0,61.771428571428565,0.0,4.714285714285714,25428.571428571428,12.142857142857142,2.5142857142857147,3.685714285714286,63.57142857142857,17485.14285714286,0.6809999999999999,0.2857142857142857,0.0,0.42857142857142855,0.8571428571428571,0.14285714285714285,226.42046202171267,1.9299968152133344,98.60969074613925
York,Hull Port,66,22,15.0,56.48701453439966,71.97565609042722,0.226700000000001,0.7706,53.96,-1.0873,53.7333,-0.3167,2.772588722239781,218.0,151.0,61.080000000000005,2.8866666666666663,3.7333333333333334,31866.666666666668,13.566666666666666,2.523333333333333,3.813333333333333,75.66666666666667,20919.133333333335,0.6469333333333334,0.13333333333333333,0.2,0.3333333333333333,0.9333333333333333,0.13333333333333333,140.77577254718145,1.2066948746812851,60.54209972866404
M62 J26 Chain Bar,Trafford Park DC,34,60,9.0,51.84109791290968,65.04028685649872,0.2629000000000019,0.6487999999999998,53.7297,-1.6653,53.4668,-2.3141,2.302585092994046,309.0,144.0,62.955555555555556,10.322222222222223,5.666666666666667,34666.666666666664,13.5,2.516666666666667,3.8666666666666663,76.66666666666667,21449.88888888889,0.6253333333333333,0.3333333333333333,0.2222222222222222,0.3333333333333333,1.0,0.2222222222222222,125.76353035524029,1.0674224517991107,53.90551680683815
Hopwood Park,East Midlands Gateway,21,15,11.0,72.7336838226263,91.00779207275782,0.4773999999999958,0.7361,52.3539,-2.0644,52.8313,-1.3283,2.4849066497880004,295.0,178.0,62.2,3.863636363636364,2.3636363636363638,33090.90909090909,13.454545454545455,2.518181818181818,3.8454545454545452,76.81818181818181,23790.0,0.6995454545454547,1.0,0.2727272727272727,0.18181818181818182,0.9090909090909091,0.09090909090909091,182.68669882328544,1.6536765328894973,78.12872209403778
Tamworth,Bristol DC,55,3,8.0,144.74676302560485,180.2106053097615,1.1790999999999983,0.8968999999999998,52.6336,-1.691,51.4545,-2.5879,2.1972245773362196,449.0,175.0,62.8875,0.0,3.25,31000.0,13.1875,2.5187500000000003,3.8,73.75,19291.125,0.6325000000000001,1.5,0.25,0.375,0.875,0.125,373.69884508899435,3.3043162389836715,152.625582448888
Omega Warrington,Woodall Services,42,65,10.0,96.93495186462455,120.92250608977983,0.10320000000000107,1.4510999999999998,53.429,-2.6542,53.3258,-1.2031,2.3978952727983707,183.0,391.0,61.65999999999999,5.959999999999999,0.0,26800.0,11.6,2.5,3.7399999999999998,64.0,16777.2,0.6312,1.0,0.3,0.2,0.8,0.0,240.87350798557537,2.1679698331883426,101.96088663043545
Woodall Services,Watford Gap,65,62,2.0,113.44923054612619,149.28909007749735,1.0191000000000017,0.08089999999999997,53.3258,-1.2031,52.3067,-1.1222,1.0986122886681098,391.0,391.0,61.45,16.2,0.0,29000.0,12.0,2.5,3.8,67.5,16960.5,0.603,1.0,0.5,0.5,0.5,0.0,290.08520758004136,2.660597644945497,125.37142583178937
Watford Gap,Southampton Port,62,51,4.0,158.02979171295024,200.83375771359368,1.4110000000000014,0.27359999999999984,52.3067,-1.1222,50.8957,-1.3958,1.6094379124341003,391.0,166.0,63.5,9.299999999999999,0.0,32000.0,13.125,2.5125,3.8499999999999996,75.0,21485.0,0.6804999999999999,1.5,0.5,0.25,0.75,0.0,386.9116561738717,3.527693403949155,163.22779127649193
Northampton,York,40,66,2.0,191.59655241639896,228.57756860295257,1.7195000000000036,0.1846,52.2405,-0.9027,53.96,-1.0873,1.0986122886681098,363.0,218.0,64.65,5.8,0.0,22000.0,11.0,2.5,3.65,57.5,15825.5,0.708,2.0,0.0,0.5,1.0,0.0,450.96009200853166,4.057882425019609,205.16933042250554
York,Edinburgh Hub,66,16,4.0,259.0501825718597,318.493551491288,1.9932999999999979,2.101,53.96,-1.0873,55.9533,-3.1883,1.6094379124341003,218.0,153.0,64.9,13.65,3.5,23500.0,11.0,2.5,3.65,58.75,17792.75,0.7495,1.75,0.25,0.5,1.0,0.25,619.3656681545588,5.556100329344295,271.4186045574569
Watford Gap,Milton Keynes,62,38,7.0,38.56920802084958,48.31593546925514,0.26610000000000156,0.3628000000000001,52.3067,-1.1222,52.0406,-0.7594,2.0794415416798357,391.0,277.0,64.12857142857142,6.914285714285714,0.0,35714.28571428572,14.571428571428571,2.5285714285714285,3.9142857142857146,83.57142857142857,24310.428571428572,0.6812857142857142,1.1428571428571428,0.2857142857142857,0.14285714285714285,1.0,0.0,95.86989965787654,0.8487903141689529,40.659131640619115
Milton Keynes,Cardiff Bay,38,6,5.0,177.74308368844984,223.01004667399116,0.5589999999999975,2.4197,52.0406,-0.7594,51.4816,-3.1791,1.791759469228055,277.0,183.0,64.28,1.64,0.0,33600.0,13.8,2.52,3.88,78.0,24556.6,0.7178,1.2,0.2,0.2,1.0,0.0,433.83767253017334,3.868577654530757,183.63038740086185
Sheffield Hub,Doncaster iPort,50,13,7.0,31.08580003375595,39.07142857142857,0.12199999999999989,0.4222999999999999,53.3811,-1.4701,53.5031,-1.0478,2.0794415416798357,179.0,169.0,63.75714285714286,3.8857142857142857,23.428571428571427,28571.428571428572,12.428571428571429,2.5142857142857147,3.7285714285714286,69.28571428571429,18291.285714285714,0.6508571428571429,0.0,0.2857142857142857,0.2857142857142857,0.8571428571428571,0.5714285714285714,84.30285714285715,0.6142857142857144,34.107142857142854
Stoke-on-Trent,Birmingham Central,53,2,4.0,60.63744276318159,76.07493255686735,0.5165000000000006,0.2889999999999997,53.0027,-2.1794,52.4862,-1.8904,1.6094379124341003,375.0,180.0,66.07499999999999,0.0,22.0,31500.0,12.625,2.5125,3.775,72.5,20266.0,0.66825,0.0,0.5,0.5,1.0,0.5,162.22546783700233,1.1536294536829756,62.139877912399236
Woodall Services,Leeds Central,65,25,8.0,57.548596563345995,70.14944562513868,0.4750000000000014,0.34599999999999986,53.3258,-1.2031,53.8008,-1.5491,2.1972245773362196,391.0,160.0,62.07500000000001,3.3125,13.0,30750.0,13.125,2.5125,3.85,73.125,17222.5,0.5573750000000001,0.25,0.25,0.125,0.875,0.5,144.42466553108088,1.1758220339776986,59.80754738518579
iPort Doncaster,York,67,66,7.0,52.11554557387877,64.49891270031577,0.4661000000000044,0.08309999999999995,53.4939,-1.0042,53.96,-1.0873,2.0794415416798357,171.0,218.0,64.72857142857143,11.085714285714285,3.142857142857143,29142.85714285714,12.357142857142858,2.507142857142857,3.7857142857142856,69.28571428571429,18400.714285714286,0.633,0.7142857142857143,0.0,0.42857142857142855,1.0,0.14285714285714285,126.41459005448515,1.077016229937091,54.899599742634976
York,Stoke-on-Trent,66,53,4.0,128.65567031382653,158.46237322154352,0.9573000000000036,1.0920999999999998,53.96,-1.0873,53.0027,-2.1794,1.6094379124341003,218.0,375.0,63.349999999999994,0.0,0.0,25500.0,11.5,2.5,3.7249999999999996,62.5,15403.0,0.6277499999999999,1.25,0.0,0.75,1.0,0.0,313.51117260359354,2.8451228110286255,133.84592297427864
iPort Doncaster,M1/M6 Junction,67,30,5.0,101.8988885519005,124.94834473187544,0.9077999999999946,0.20829999999999993,53.4939,-1.0042,52.5861,-1.2125,1.791759469228055,171.0,498.0,64.58,19.68,3.4,25200.0,11.7,2.5100000000000002,3.66,62.0,17123.4,0.7022,0.4,0.0,0.4,0.8,0.2,243.69673116944486,2.0165575668597264,109.24065921199558
Magna Park DC,Derby,36,12,6.0,57.0909976745833,71.04084308893452,0.4854000000000056,0.2759999999999998,52.4372,-1.1986,52.9226,-1.4746,1.9459101490553132,149.0,391.0,60.699999999999996,6.883333333333333,4.666666666666667,30333.333333333332,12.833333333333334,2.516666666666667,3.766666666666667,72.5,21262.0,0.6908333333333333,1.0,0.3333333333333333,0.5,1.0,0.16666666666666666,142.49457820823963,1.3125093622191362,61.05952894780288
Derby,Dover Port,12,14,2.0,276.0256958650945,341.22391270585456,1.794700000000006,2.788,52.9226,-1.4746,51.1279,1.3134,1.0986122886681098,391.0,180.0,60.35,20.65,0.0,29000.0,12.0,2.5,3.8,67.5,24180.5,0.833,1.0,1.0,0.5,1.0,0.0,679.2079383338074,6.2726202505665825,290.20604892416566
Oxford,Tilbury Port,43,58,4.0,116.40996369342972,146.33742297224802,0.29749999999999943,1.6161,51.752,-1.2577,51.4545,0.3584,1.6094379124341003,210.0,183.0,61.2,4.575,12.25,27000.0,12.125,2.5125,3.7,65.0,15032.0,0.5695,1.0,0.0,0.0,1.0,0.25,316.49741271100015,2.757910936293009,118.21262284225799
Tibshelf Services,Teesport,57,56,3.0,165.10797549364628,204.0314394985448,1.4816000000000003,0.16660000000000008,53.1417,-1.3389,54.6233,-1.1723,1.3862943611198906,547.0,157.0,59.199999999999996,6.1000000000000005,7.666666666666667,31333.333333333332,12.833333333333334,2.5166666666666666,3.766666666666667,73.33333333333333,12049.0,0.39799999999999996,1.3333333333333333,0.3333333333333333,0.6666666666666666,1.0,0.3333333333333333,397.64009500126053,3.831267021305612,162.53647611890216
ProLogis Park DC,Leicester Forest East,47,26,7.0,43.107236233190854,54.09369693822777,0.11359999999999815,0.6096999999999999,52.5031,-1.7764,52.6167,-1.1667,2.0794415416798357,162.0,425.0,61.65714285714285,2.957142857142857,0.0,36000.0,14.571428571428571,2.5285714285714285,3.914285714285714,82.85714285714286,23447.14285714286,0.6495714285714286,0.5714285714285714,0.42857142857142855,0.2857142857142857,1.0,0.0,106.16265603990462,0.928390774880082,46.42866272521842
Leicester Forest East,Southampton Port,26,51,5.0,192.01505837379852,244.37800351444966,1.7210000000000036,0.22909999999999986,52.6167,-1.1667,50.8957,-1.3958,1.791759469228055,425.0,166.0,63.56,2.94,4.6,35600.0,14.3,2.53,3.8600000000000003,82.0,26433.8,0.718,1.0,0.2,0.2,1.0,0.2,493.85534108172095,4.227728268797243,203.91931107212613
Newcastle Hub,Lancaster,39,24,1.0,128.68022115604396,156.16879298954734,0.9313999999999965,1.1832000000000003,54.9783,-1.6178,54.0469,-2.801,0.6931471805599453,174.0,125.0,58.6,0.0,22.0,32000.0,12.0,2.5,3.8,70.0,17140.0,0.536,2.0,0.0,0.0,1.0,1.0,302.6118410043625,3.031052112918803,123.02749877504675
Chester,Tamworth,9,55,1.0,101.88325132994919,123.64747467098628,0.559899999999999,1.2028,53.1935,-2.8938,52.6336,-1.691,0.6931471805599453,179.0,449.0,58.6,0.0,22.0,32000.0,12.0,2.5,3.8,70.0,17140.0,0.536,2.0,0.0,0.0,1.0,1.0,239.59453889249076,2.399851674486925,97.40767823979121
Watford Gap,Doncaster iPort,62,13,2.0,133.12731511798376,167.25756367034023,1.1964000000000041,0.07440000000000002,52.3067,-1.1222,53.5031,-1.0478,1.0986122886681098,391.0,169.0,59.3,0.0,14.5,38000.0,14.25,2.525,3.9,85.0,19651.0,0.49250000000000005,0.0,0.5,0.0,1.0,0.5,395.19002786001363,2.8181560854311742,139.67838367928937
Cambridge,iPort Doncaster,5,67,3.0,162.0079033408087,210.16615526418232,1.2885999999999953,1.126,52.2053,0.1218,53.4939,-1.0042,1.3862943611198906,115.0,175.0,61.133333333333326,14.566666666666668,9.0,34000.0,14.333333333333334,2.533333333333333,3.8333333333333335,80.0,17749.333333333332,0.502,2.0,0.3333333333333333,0.3333333333333333,1.0,0.3333333333333333,440.59730171715023,3.956852495306633,174.61665557290328
Swindon,Birmingham Central,54,2,1.0,103.7328007881978,125.99038925879049,0.9303999999999988,0.11070000000000002,51.5558,-1.7797,52.4862,-1.8904,0.6931471805599453,129.0,180.0,61.4,0.0,0.0,18000.0,10.0,2.5,3.5,50.0,8532.0,0.474,1.0,0.0,0.0,1.0,0.0,316.57758008055737,2.351981970473098,104.43122690851908
ProLogis Park DC,M6 J10 Walsall,47,33,5.0,18.397743426088233,23.80224238588913,0.11019999999999897,0.20300000000000007,52.5031,-1.7764,52.6133,-1.9794,1.791759469228055,162.0,302.0,60.14000000000001,12.64,9.2,26400.0,12.1,2.5100000000000002,3.72,66.0,13966.2,0.5426,0.0,0.2,0.2,0.8,0.4,47.13601197253014,0.3980898959637753,20.679073706100613
M6 J10 Walsall,Coventry,33,10,8.0,38.6665381527584,50.150078727311374,0.20650000000000546,0.4597,52.6133,-1.9794,52.4068,-1.5197,2.1972245773362196,302.0,520.0,61.150000000000006,11.6125,7.875,31500.0,13.1875,2.5187500000000003,3.8000000000000003,75.0,18781.25,0.587875,0.625,0.125,0.125,0.875,0.375,98.71195910752463,0.861430270228075,43.04755493017308
Doncaster iPort,Warrington,13,61,4.0,103.36115462557645,129.8613515657009,0.11310000000000286,1.5492,53.5031,-1.0478,53.39,-2.597,1.6094379124341003,200.0,292.0,64.2,0.6,0.0,28000.0,12.125,2.5125,3.7,67.5,17806.25,0.60375,1.0,0.0,0.0,1.0,0.0,253.66117083391265,2.2474800547365397,108.82492280873049
Chester,Cardiff Bay,9,6,2.0,191.33877484034824,235.27202250494366,1.7119,0.2852999999999999,53.1935,-2.8938,51.4816,-3.1791,1.0986122886681098,179.0,183.0,62.3,0.0,0.0,31000.0,13.25,2.525,3.75,75.0,19460.0,0.5625,1.0,0.0,0.0,1.0,0.0,455.8912310359964,4.185057874283972,186.4482819430328
M1/M6 Junction,iPort Doncaster,30,67,4.0,101.8988885519005,126.38782453256695,0.9077999999999946,0.20829999999999993,52.5861,-1.2125,53.4939,-1.0042,1.6094379124341003,498.0,175.0,61.4,2.025,0.0,25000.0,11.0,2.5,3.6500000000000004,60.0,14669.5,0.5735,0.25,0.5,0.5,1.0,0.0,248.3105588488262,2.1344252129648007,106.11690444634351
Omega Warrington,Charnock Richard,42,8,19.0,22.615950854295775,28.243200437241583,0.20179999999999865,0.04269999999999996,53.429,-2.6542,53.6308,-2.6969,2.995732273553991,183.0,172.0,61.78421052631578,8.215789473684211,7.578947368421052,27473.684210526317,11.842105263157896,2.505263157894737,3.7263157894736834,65.0,16996.947368421053,0.6226842105263156,0.47368421052631576,0.15789473684210525,0.3157894736842105,0.9473684210526315,0.10526315789473684,55.755516702562296,0.4816003254283251,24.02780096768117
Preston,Knutsford Services,46,23,6.0,55.04098157753742,69.397739587449,0.4642999999999944,0.28869999999999996,53.7632,-2.7031,53.2989,-2.4144,1.9459101490553132,176.0,242.0,64.21666666666667,6.983333333333333,6.666666666666667,40333.333333333336,15.75,2.5416666666666665,3.966666666666667,92.5,24468.5,0.6044999999999999,0.3333333333333333,0.5,0.16666666666666666,1.0,0.3333333333333333,134.0805651177541,1.127179386748751,57.280226846490244
Wolverhampton,Teesport,64,56,4.0,235.14878012610478,300.27573542915604,2.0371999999999986,0.9565999999999999,52.5861,-2.1289,54.6233,-1.1723,1.6094379124341003,363.0,157.0,62.75,9.625,0.0,29000.0,12.0,2.5,3.8,67.5,14444.75,0.49549999999999994,1.75,0.25,0.5,1.0,0.0,587.4125757426932,5.497087479074052,251.4312522442687
Nottingham Hub,Wolverhampton,41,64,7.0,77.11036335386054,94.7602977706424,0.3686999999999969,0.9707999999999999,52.9548,-1.1581,52.5861,-2.1289,2.0794415416798357,154.0,363.0,63.74285714285714,11.814285714285715,3.7142857142857144,34857.142857142855,14.928571428571429,2.5357142857142856,3.9,80.71428571428571,25496.285714285714,0.7291428571428572,1.0,0.14285714285714285,0.0,1.0,0.14285714285714285,197.44790113458617,1.6998052536628947,80.46725006685384
Bristol Port,Wolverhampton,4,64,10.0,126.13462029280456,154.89784432127448,1.075800000000001,0.5850000000000004,51.5103,-2.7139,52.5861,-2.1289,2.3978952727983707,171.0,363.0,60.529999999999994,8.209999999999999,0.0,35200.0,14.05,2.525,3.87,80.5,22169.4,0.6348999999999999,0.8,0.1,0.2,0.9,0.0,308.489103293453,2.754815289764879,128.18058662619177
Wolverhampton,Tamworth,64,55,7.0,30.035883265372995,36.431885456778595,0.04749999999999943,0.43789999999999973,52.5861,-2.1289,52.6336,-1.691,2.0794415416798357,363.0,449.0,62.2,6.928571428571429,0.0,33142.857142857145,13.642857142857142,2.521428571428572,3.842857142857143,76.42857142857143,24262.14285714286,0.7312857142857142,0.2857142857142857,0.14285714285714285,0.14285714285714285,1.0,0.0,72.56565223184965,0.6119494639593892,30.8178866749927
Derby,Omega Warrington,12,42,7.0,96.69932636634766,122.23511976009897,0.5063999999999993,1.1796,52.9226,-1.4746,53.429,-2.6542,2.0794415416798357,391.0,178.0,61.871428571428574,6.757142857142857,3.142857142857143,34857.142857142855,14.285714285714286,2.5285714285714285,3.8714285714285714,80.71428571428571,21543.571428571428,0.6255714285714287,0.8571428571428571,0.2857142857142857,0.0,1.0,0.14285714285714285,245.43196175628424,2.1640052726095096,105.27823636541648
Lancaster,Newcastle Hub,24,39,8.0,128.68022115604393,159.10047927685275,0.9313999999999965,1.1832000000000003,54.0469,-2.801,54.9783,-1.6178,2.1972245773362196,125.0,156.0,65.2875,6.1375,0.0,31250.0,12.875,2.5125,3.8125,72.5,17890.0,0.606375,0.125,0.625,0.375,1.0,0.0,304.14985810470193,2.4788785857057705,130.70395595914457
Tibshelf Services,East Midlands Gateway,57,15,9.0,34.522245642600495,42.50422532545917,0.31040000000000134,0.010599999999999943,53.1417,-1.3389,52.8313,-1.3283,2.302585092994046,547.0,178.0,64.61111111111111,2.7777777777777777,4.555555555555555,33555.555555555555,13.777777777777779,2.522222222222222,3.855555555555556,77.77777777777777,20201.0,0.5978888888888889,0.0,0.3333333333333333,0.4444444444444444,1.0,0.1111111111111111,84.72425187735641,0.6609133137682871,36.7186775518328
Doncaster iPort,Grimsby Port,13,20,6.0,64.77778059901799,80.53333333333333,0.07189999999999941,0.9728000000000001,53.5031,-1.0478,53.575,-0.075,1.9459101490553132,200.0,166.0,64.11666666666667,3.25,0.0,34666.666666666664,14.25,2.525,3.9000000000000004,80.0,21432.666666666668,0.6216666666666666,0.0,0.16666666666666666,0.5,1.0,0.0,162.71666666666667,1.2633333333333334,69.61666666666666
Coventry,Bristol DC,10,3,10.0,128.74892924569647,160.6511166963232,0.9522999999999939,1.0681999999999998,52.4068,-1.5197,51.4545,-2.5879,2.3978952727983707,520.0,175.0,61.220000000000006,0.0,2.2,36800.0,14.7,2.5300000000000002,3.9200000000000004,84.0,21776.6,0.5921,1.5,0.0,0.2,0.9,0.1,331.12995005629176,2.9830015601070645,133.0700548806958
DIRFT Daventry,Toddington Services,11,59,3.0,54.86604604015721,69.76530954884682,0.30459999999999354,0.6320000000000001,52.2574,-1.1606,51.9528,-0.5286,1.3862943611198906,163.0,111.0,64.6,0.0,7.0,28000.0,12.833333333333334,2.5166666666666666,3.766666666666667,68.33333333333333,17965.333333333332,0.5866666666666667,0.0,0.3333333333333333,0.0,0.6666666666666666,0.3333333333333333,136.02791951829582,1.0799756257158428,61.12666296767609
Toddington Services,Tilbury Port,59,58,5.0,82.49879286789215,101.71710233720356,0.4983000000000004,0.887,51.9528,-0.5286,51.4545,0.3584,1.791759469228055,111.0,183.0,62.260000000000005,0.38,0.0,33600.0,13.8,2.52,3.88,78.0,21621.8,0.6388,0.2,0.2,0.2,0.6,0.0,198.17260339626196,1.6728614713852181,86.31534507309382
Tilbury Port,A1/A14 Junction,58,1,14.0,106.26197036177312,133.9146075769391,0.8787999999999982,0.6084,51.4545,0.3584,52.3333,-0.25,2.70805020110221,165.0,259.0,62.08571428571429,3.028571428571429,2.857142857142857,31428.571428571428,13.142857142857142,2.514285714285714,3.835714285714285,73.21428571428571,20744.285714285714,0.6589285714285715,1.2142857142857142,0.21428571428571427,0.2857142857142857,0.8571428571428571,0.14285714285714285,266.08420892393417,2.4239958003853244,115.25359877957445
A1/A14 Junction,Swindon,1,54,7.0,135.89183113164492,173.46409729448027,0.7775000000000034,1.5297,52.3333,-0.25,51.5558,-1.7797,2.0794415416798357,259.0,129.0,61.35714285714287,8.828571428571427,5.714285714285714,33142.857142857145,13.642857142857142,2.521428571428572,3.842857142857143,76.42857142857143,23620.0,0.7144285714285713,1.5714285714285714,0.42857142857142855,0.7142857142857143,0.8571428571428571,0.2857142857142857,352.469957386525,3.2055531755062097,150.91069238807705
Omega Warrington,M62 J26 Chain Bar,42,34,6.0,73.3481596452441,90.22799559764358,0.3006999999999991,0.9888999999999999,53.429,-2.6542,53.7297,-1.6653,1.9459101490553132,183.0,309.0,65.85000000000001,8.666666666666666,7.166666666666667,30000.0,12.0,2.5,3.8000000000000003,68.33333333333333,24077.166666666668,0.8006666666666667,1.0,0.3333333333333333,0.3333333333333333,1.0,0.16666666666666666,173.8791417119662,1.4870290166499966,75.0881641896516
Northampton,Wetherby Services,40,63,2.0,192.17839989273278,231.41947719248952,1.7039000000000044,0.4820000000000001,52.2405,-0.9027,53.9444,-1.3847,1.0986122886681098,363.0,280.0,60.5,0.0,0.0,29000.0,12.0,2.5,3.8,67.5,24403.0,0.835,2.0,0.0,0.0,0.5,0.0,445.9161587146424,4.321867152849516,179.89710423577148
Felixstowe Port,Tibshelf Services,17,57,5.0,224.57446330246006,282.78646213742303,1.1850000000000023,2.69,51.9567,1.3511,53.1417,-1.3389,1.791759469228055,160.0,547.0,61.959999999999994,11.34,0.0,36400.0,14.7,2.53,3.9200000000000004,83.0,21094.0,0.5628,1.0,0.4,0.2,1.0,0.0,558.1815167777253,5.145908053592517,238.9649313340019
Tilbury Port,Oxford,58,43,7.0,116.40996369342973,145.81399651180703,0.29749999999999943,1.6161,51.4545,0.3584,51.752,-1.2577,2.0794415416798357,165.0,210.0,61.028571428571425,3.1999999999999997,6.0,28571.428571428572,12.357142857142858,2.507142857142857,3.7857142857142856,67.85714285714286,21408.285714285714,0.7178571428571429,1.0,0.2857142857142857,0.2857142857142857,1.0,0.2857142857142857,287.50268402429055,2.6266545829615184,125.11573043246524
Leicester Forest East,Grimsby Port,26,20,8.0,129.10139405337483,161.41083272481015,0.9583000000000013,1.0917000000000001,52.6167,-1.1667,53.575,-0.075,2.1972245773362196,425.0,166.0,62.4125,9.7375,8.625,30250.0,12.875,2.5125,3.8125,72.5,18928.625,0.6063750000000001,0.875,0.25,0.5,1.0,0.25,327.9328716357307,2.8394472093753724,137.38380118289345
Trafford Park DC,Chester,60,9,3.0,49.04500932610437,62.72447457150611,0.273299999999999,0.5797000000000003,53.4668,-2.3141,53.1935,-2.8938,1.3862943611198906,141.0,179.0,62.86666666666667,22.3,14.333333333333334,34666.666666666664,13.5,2.5166666666666666,3.8666666666666667,76.66666666666667,24671.0,0.7226666666666667,1.0,0.3333333333333333,0.3333333333333333,1.0,0.6666666666666666,130.43643555605476,1.115964770966828,53.51106554976383
Chester,Tibshelf Services,9,57,3.0,103.80565706714658,132.4739452468976,0.05180000000000007,1.5549000000000002,53.1935,-2.8938,53.1417,-1.3389,1.3862943611198906,179.0,547.0,60.1,14.0,5.0,28000.0,12.833333333333334,2.5166666666666666,3.766666666666667,68.33333333333333,16248.333333333334,0.592,1.0,0.0,0.0,1.0,0.3333333333333333,278.104442765124,2.542855488902754,116.29879913468766
Derby,Wolverhampton,12,64,5.0,57.78377239191317,73.97975682793349,0.3365000000000009,0.6542999999999999,52.9226,-1.4746,52.5861,-2.1289,1.791759469228055,391.0,363.0,59.48,2.88,8.8,33200.0,13.4,2.52,3.8200000000000003,76.0,21200.6,0.6628000000000001,1.2,0.0,0.0,1.0,0.4,149.83466465079806,1.3974601068214736,61.21171108733872
Felixstowe Port,Tilbury Port,17,58,3.0,88.3024428452565,115.16666666666667,0.5021999999999949,0.9926999999999999,51.9567,1.3511,51.4545,0.3584,1.3862943611198906,160.0,183.0,62.666666666666664,5.7,7.0,38666.666666666664,15.0,2.533333333333333,3.9333333333333336,86.66666666666667,24716.333333333332,0.6283333333333333,0.0,0.0,0.0,1.0,0.3333333333333333,227.0,1.8466666666666667,95.88
Stafford,East Midlands Gateway,52,15,2.0,53.05068528167942,65.77884949626295,0.024699999999995725,0.7883999999999998,52.8066,-2.1167,52.8313,-1.3283,1.0986122886681098,411.0,178.0,64.85,18.9,0.0,31000.0,13.25,2.525,3.75,75.0,26546.0,0.88,1.0,0.0,0.5,1.0,0.0,129.8322113907316,1.1739324853003534,56.08800463817566
Derby,Tilbury Port,12,58,2.0,205.5649932411941,253.43556388209413,1.4680999999999997,1.833,52.9226,-1.4746,51.4545,0.3584,1.0986122886681098,391.0,183.0,59.1,0.0,13.5,18000.0,10.0,2.5,3.5,50.0,14759.0,0.8200000000000001,1.0,0.5,0.0,1.0,0.5,530.3047120999292,4.9034762430023076,203.4826066812701
Coventry,Southampton Port,10,51,4.0,168.24409939209926,206.28627020111387,1.511099999999999,0.12390000000000012,52.4068,-1.5197,50.8957,-1.3958,1.6094379124341003,520.0,166.0,60.3,10.55,15.75,38500.0,15.375,2.5374999999999996,3.95,88.75,26236.0,0.701,1.75,0.25,0.0,1.0,0.5,415.0931743018969,3.9257571738758363,178.18018906965318
Leicester Forest East,Magna Park DC,26,36,6.0,20.07584059497624,25.967250398396416,0.17950000000000443,0.03190000000000004,52.6167,-1.1667,52.4372,-1.1986,1.9459101490553132,425.0,153.0,62.916666666666664,6.849999999999999,0.0,35666.666666666664,14.25,2.525,3.9000000000000004,80.83333333333333,23949.5,0.6768333333333333,0.0,0.0,0.0,0.8333333333333334,0.0,51.2964187347775,0.41527790666014847,23.70504477174532
Derby,London Central,12,28,3.0,182.1528026533483,232.27976310065776,1.4152000000000058,1.3468,52.9226,-1.4746,51.5074,-0.1278,1.3862943611198906,391.0,156.0,62.03333333333333,0.9333333333333332,6.0,38666.666666666664,15.0,2.533333333333333,3.9333333333333336,86.66666666666667,25632.333333333332,0.664,1.0,0.3333333333333333,0.3333333333333333,1.0,0.3333333333333333,533.9881167491924,4.335541512052658,190.2062508791275
London Gateway DC,M6 J10 Walsall,29,33,2.0,205.82760363198625,268.7717508833552,1.1047000000000011,2.4161,51.5086,0.4367,52.6133,-1.9794,1.0986122886681098,153.0,302.0,64.0,0.0,0.0,35000.0,14.25,2.525,3.9,82.5,19537.0,0.5315,2.0,0.0,0.0,1.0,0.0,549.6232890530858,4.723787876235076,243.419756158597
Woodall Services,Rugby,65,49,7.0,106.27288011719455,129.10116661416086,0.9549999999999983,0.06199999999999983,53.3258,-1.2031,52.3708,-1.2651,2.0794415416798357,391.0,393.0,61.65714285714285,3.8857142857142857,0.0,27428.571428571428,11.714285714285714,2.5,3.757142857142857,65.0,16830.85714285714,0.6021428571428571,1.0,0.14285714285714285,0.14285714285714285,0.8571428571428571,0.0,259.45297428556614,2.327648437302032,108.09856612202135
Stafford,Swindon,52,54,1.0,140.9675290547368,164.76932303570436,1.2508000000000052,0.33699999999999974,52.8066,-2.1167,51.5558,-1.7797,0.6931471805599453,411.0,129.0,56.5,0.0,0.0,26000.0,12.0,2.5,3.8,65.0,15964.0,0.614,1.0,1.0,0.0,1.0,0.0,378.31053573055823,3.2350220544419765,152.9727577254856
Hull Port,Knutsford Services,22,23,2.0,146.85602694538392,183.7377650211114,0.43439999999999657,2.0977,53.7333,-0.3167,53.2989,-2.4144,1.0986122886681098,189.0,242.0,63.2,20.55,11.0,35000.0,14.25,2.525,3.9,82.5,19285.0,0.6015,1.0,0.0,0.0,1.0,0.5,366.4134093173955,3.1728623984982365,167.64727884358035
Knutsford Services,Edinburgh Hub,23,16,1.0,299.3256752263715,364.4114180199514,2.6543999999999954,0.7738999999999998,53.2989,-2.4144,55.9533,-3.1883,0.6931471805599453,242.0,153.0,57.7,41.1,0.0,26000.0,12.0,2.5,3.8,65.0,20759.0,0.798,2.0,0.0,0.0,1.0,0.0,746.3188776119946,7.3257965478237645,334.1623185381406
Tilbury Port,Milton Keynes,58,38,7.0,100.84036500709797,126.62288020091717,0.5860999999999947,1.1178,51.4545,0.3584,52.0406,-0.7594,2.0794415416798357,165.0,277.0,62.68571428571429,16.257142857142856,3.2857142857142856,34571.42857142857,13.642857142857142,2.5214285714285714,3.842857142857143,78.57142857142857,24548.428571428572,0.7011428571428572,0.8571428571428571,0.14285714285714285,0.2857142857142857,1.0,0.14285714285714285,258.9793839476203,2.2375492354839164,106.6173950107431
Glasgow Central,Edinburgh Hub,19,16,6.0,67.01960344897041,84.58333333333333,0.08910000000000196,1.0635000000000003,55.8642,-4.2518,55.9533,-3.1883,1.9459101490553132,155.0,153.0,61.73333333333334,14.866666666666667,6.666666666666667,33333.333333333336,13.5,2.516666666666667,3.8666666666666667,76.66666666666667,21269.333333333332,0.6361666666666667,0.0,0.0,0.16666666666666666,1.0,0.3333333333333333,170.12,1.3716666666666664,71.30833333333332
M1/M6 Junction,Magna Park DC,30,36,8.0,16.58364693908574,20.77827440048247,0.1489000000000047,0.013899999999999801,52.5861,-1.2125,52.4372,-1.1986,2.1972245773362196,498.0,153.0,61.525,3.1374999999999997,0.0,25250.0,11.875,2.5125,3.6625,62.5,17839.5,0.71525,0.25,0.75,0.0,1.0,0.0,41.4794533702956,0.3490950404510997,17.862317566740316
Woodall Services,Teesport,65,56,6.0,144.289672959638,179.38848015192897,1.2974999999999994,0.03080000000000016,53.3258,-1.2031,54.6233,-1.1723,1.9459101490553132,391.0,157.0,61.86666666666667,23.5,4.333333333333333,34666.666666666664,14.25,2.525,3.9,80.0,21326.833333333332,0.613,1.0,0.16666666666666666,0.5,0.8333333333333334,0.16666666666666666,372.2096122691425,3.2799428632523004,150.08373123863217
Warrington,iPort Doncaster,61,67,1.0,106.12262669321122,137.52090122947752,0.10389999999999588,1.5928,53.39,-2.597,53.4939,-1.0042,0.6931471805599453,292.0,175.0,66.8,8.3,0.0,26000.0,12.0,2.5,3.8,65.0,15784.0,0.607,1.0,0.0,0.0,1.0,0.0,259.81608513352904,2.2567396835079707,106.6302886331832
Tamworth,Chester,55,9,14.0,101.88325132994919,130.12380908479716,0.559899999999999,1.2028,52.6336,-1.691,53.1935,-2.8938,2.70805020110221,449.0,179.0,61.29285714285714,4.392857142857143,11.0,34428.57142857143,14.285714285714286,2.5285714285714285,3.871428571428571,80.35714285714286,21387.214285714286,0.6278571428571427,1.9285714285714286,0.14285714285714285,0.6428571428571429,0.8571428571428571,0.21428571428571427,256.7250740433602,2.4064823851937205,110.74798449447738
M6 J10 Walsall,Hull Port,33,22,5.0,166.6962105435837,204.56838258018624,1.1199999999999974,1.6627,52.6133,-1.9794,53.7333,-0.3167,1.791759469228055,302.0,151.0,57.620000000000005,9.1,5.4,32000.0,13.9,2.53,3.8,76.0,21125.8,0.6584000000000001,1.8,0.2,0.0,0.8,0.2,413.54025078651614,4.0963200541167195,170.4076144923773
Stafford,Teesport,52,56,5.0,211.34643104346574,263.08754018102456,1.8166999999999973,0.9443999999999999,52.8066,-2.1167,54.6233,-1.1723,1.791759469228055,411.0,157.0,63.17999999999999,4.66,7.6,27600.0,12.1,2.5100000000000002,3.72,67.0,20719.8,0.6912,1.6,0.2,0.0,1.0,0.4,508.095443877971,4.692799977493181,208.51940364843253
Wolverhampton,Wetherby Services,64,63,2.0,158.936815702516,197.69478013713302,1.3582999999999998,0.7441999999999998,52.5861,-2.1289,53.9444,-1.3847,1.0986122886681098,363.0,280.0,65.19999999999999,0.0,27.5,29000.0,12.0,2.5,3.8,67.5,19461.0,0.656,1.0,0.0,0.0,1.0,0.5,389.95159195996325,3.3916248371435787,177.3639787390601
Tamworth,Southampton Port,55,51,2.0,194.31033166255494,251.28954500054772,1.7379000000000033,0.29520000000000013,52.6336,-1.691,50.8957,-1.3958,1.0986122886681098,449.0,166.0,64.95,0.0,0.0,38000.0,14.25,2.525,3.9,85.0,23183.0,0.641,2.0,0.5,1.0,1.0,0.0,492.890493233186,4.375386493028733,216.69126907726113
Frankley Services,Liverpool Port,18,27,5.0,127.37862603552503,158.78009670069454,0.9824999999999946,0.9769000000000001,52.4228,-2.0208,53.4053,-2.9977,1.791759469228055,300.0,161.0,62.98,6.3,10.2,36000.0,13.8,2.5200000000000005,3.88,80.0,24128.2,0.6666,0.8,0.2,0.0,1.0,0.4,328.22158610905984,2.7823404384340398,135.1235197181635
Watford Gap,Tilbury Port,62,58,11.0,138.9485195410634,168.1547165158648,0.8521999999999963,1.4806000000000001,52.3067,-1.1222,51.4545,0.3584,2.4849066497880004,391.0,183.0,62.536363636363646,2.381818181818182,10.636363636363637,33454.545454545456,13.681818181818182,2.522727272727273,3.836363636363636,78.18181818181819,19123.81818181818,0.5796363636363636,1.4545454545454546,0.36363636363636365,0.36363636363636365,0.9090909090909091,0.2727272727272727,339.63018489241995,3.04312740610757,143.13834575469028
Portsmouth Port,Rugby,45,49,11.0,174.7211449986161,223.63513567157125,1.5683000000000007,0.15629999999999988,50.8025,-1.1088,52.3708,-1.2651,2.4849066497880004,168.0,393.0,61.627272727272725,5.590909090909091,11.909090909090908,33454.545454545456,14.090909090909092,2.5272727272727273,3.8545454545454545,78.18181818181819,20078.545454545456,0.6080000000000001,2.1818181818181817,0.18181818181818182,0.7272727272727273,0.8181818181818182,0.18181818181818182,441.8857974380351,4.143289627204457,192.8595213364498
A1/A14 Junction,ProLogis Park DC,1,47,2.0,105.22179908403272,125.49723546077473,0.16980000000000217,1.5264,52.3333,-0.25,52.5031,-1.7764,1.0986122886681098,259.0,156.0,62.349999999999994,13.85,13.5,38000.0,14.25,2.525,3.9,85.0,27474.5,0.7284999999999999,1.0,0.0,0.0,1.0,0.5,246.0372379789726,2.305389743927007,96.98669610961987
Coventry,A1/A14 Junction,10,1,12.0,86.58686809866889,106.82654333171587,0.07349999999999568,1.2697,52.4068,-1.5197,52.3333,-0.25,2.5649493574615367,520.0,259.0,62.341666666666676,7.883333333333334,10.833333333333334,33000.0,13.708333333333334,2.5208333333333335,3.858333333333333,76.25,23864.416666666668,0.7031666666666667,0.8333333333333334,0.16666666666666666,0.5,1.0,0.16666666666666666,214.5204031761859,1.8914868167518006,88.99234627692977
Dover Port,London Central,14,28,6.0,108.68337321275101,136.56666666666663,0.37950000000000017,1.4411999999999998,51.1279,1.3134,51.5074,-0.1278,1.9459101490553132,168.0,156.0,65.75,7.016666666666667,5.5,27333.333333333332,12.5,2.5166666666666666,3.716666666666667,67.5,17664.166666666668,0.6548333333333333,0.0,0.16666666666666666,0.3333333333333333,1.0,0.16666666666666666,367.1333333333334,2.08,116.51166666666666
Northampton,Derby,40,12,8.0,85.12129994561973,107.31521345501486,0.6821000000000055,0.5719,52.2405,-0.9027,52.9226,-1.4746,2.1972245773362196,363.0,391.0,67.175,11.5,12.375,28750.0,12.0625,2.50625,3.7500000000000004,66.875,16233.25,0.5856250000000001,1.0,0.0,0.25,1.0,0.25,210.2420156764406,1.7980957137901,90.70930556881254
Derby,Cardiff Bay,12,6,7.0,197.8954266309882,251.0906597589233,1.4410000000000025,1.7045000000000001,52.9226,-1.4746,51.4816,-3.1791,2.0794415416798357,391.0,183.0,66.88571428571429,7.071428571428571,14.142857142857142,27142.85714285714,11.428571428571429,2.5,3.7142857142857144,63.57142857142857,16815.0,0.6258571428571429,1.0,0.0,0.2857142857142857,1.0,0.2857142857142857,491.51030548438365,4.232606549023507,210.04377800787412
Warrington,M62 J26 Chain Bar,61,34,5.0,72.20428909868811,93.17842683462405,0.33970000000000056,0.9317,53.39,-2.597,53.7297,-1.6653,1.791759469228055,292.0,309.0,60.739999999999995,2.1399999999999997,9.2,33600.0,13.9,2.53,3.8,80.0,21562.8,0.6326,0.2,0.2,0.4,1.0,0.2,181.90490326304166,1.5977699152029476,78.49114740116696
Portsmouth Port,Coventry,45,10,7.0,180.63237973654105,213.19204601941988,1.604299999999995,0.41090000000000004,50.8025,-1.1088,52.4068,-1.5197,2.0794415416798357,168.0,520.0,61.4,8.714285714285714,5.714285714285714,25142.85714285714,11.785714285714286,2.507142857142857,3.7,63.57142857142857,15675.285714285714,0.6264285714285714,1.4285714285714286,0.0,0.0,1.0,0.2857142857142857,415.76339969797397,3.897695983394022,172.83709868623345
Peterborough,M1/M6 Junction,44,30,5.0,65.7048611655402,83.79873091401808,0.016600000000003945,0.972,52.5695,-0.2405,52.5861,-1.2125,1.791759469228055,291.0,498.0,61.379999999999995,21.16,4.6,39200.0,15.6,2.54,3.96,88.0,26015.0,0.6544000000000001,1.4,0.2,0.4,0.8,0.2,165.61845601363956,1.5335969899992243,71.97119750442313
Stoke-on-Trent,Wolverhampton,53,64,14.0,46.448142022616146,58.248499433888945,0.4165999999999954,0.05049999999999999,53.0027,-2.1794,52.5861,-2.1289,2.70805020110221,375.0,363.0,64.96428571428571,7.050000000000002,1.5714285714285714,32142.85714285714,13.5,2.5214285714285714,3.8214285714285707,75.0,18994.214285714286,0.5875,0.7142857142857143,0.21428571428571427,0.42857142857142855,0.9285714285714286,0.07142857142857142,115.28085111034218,0.9792839214127296,47.869269764900295
Woodall Services,Tamworth,65,55,17.0,83.6133005138984,104.54364825602744,0.6921999999999997,0.4879,53.3258,-1.2031,52.6336,-1.691,2.8903717578961645,391.0,449.0,62.52352941176471,2.105882352941176,8.647058823529411,32000.0,13.117647058823529,2.5176470588235293,3.8,74.70588235294117,22925.764705882353,0.710235294117647,1.0,0.23529411764705882,0.29411764705882354,1.0,0.11764705882352941,207.798239653994,1.864375210555794,91.39100963466737
M6 J10 Walsall,Oxford,33,43,2.0,107.67146984403185,126.0725014350359,0.8613,0.7217,52.6133,-1.9794,51.752,-1.2577,1.0986122886681098,302.0,210.0,68.65,33.099999999999994,0.0,40000.0,16.5,2.55,4.0,90.0,17991.0,0.45,1.0,0.0,0.5,1.0,0.0,261.12193322960013,2.1232859233615,109.1169306618634
Hopwood Park,Knutsford Services,21,23,1.0,107.67812078190795,134.61604389410627,0.9450000000000003,0.3500000000000001,52.3539,-2.0644,53.2989,-2.4144,0.6931471805599453,295.0,242.0,62.7,0.0,0.0,18000.0,10.0,2.5,3.5,50.0,6393.0,0.355,1.0,0.0,1.0,1.0,0.0,260.5319082092134,2.3673958038092993,106.00902484982566
Knutsford Services,Newcastle Hub,23,39,5.0,193.81328824986988,242.7551862759787,1.679399999999994,0.7966000000000002,53.2989,-2.4144,54.9783,-1.6178,1.791759469228055,242.0,156.0,60.94,15.2,3.0,35600.0,14.3,2.53,3.8600000000000003,82.0,20715.0,0.5506,1.8,0.2,0.8,1.0,0.2,480.2284127198859,4.538628659255055,207.82247185511795
Peterborough,London Central,44,28,16.0,118.35156422803722,150.46824748179748,1.062100000000001,0.1127,52.5695,-0.2405,51.5074,-0.1278,2.833213344056216,291.0,156.0,62.974999999999994,7.99375,0.0,34375.0,13.71875,2.5218749999999996,3.8499999999999996,78.4375,21172.125,0.6328125,0.9375,0.125,0.4375,0.9375,0.0,339.41759592578103,2.640412056702541,127.69676339983714
Southampton Port,Northampton,51,40,6.0,153.3688535601149,192.21838489367397,1.3447999999999993,0.4931,50.8957,-1.3958,52.2405,-0.9027,1.9459101490553132,171.0,363.0,64.83333333333333,11.316666666666668,15.5,32333.333333333332,13.5,2.516666666666667,3.8666666666666667,75.83333333333333,21510.5,0.6705,2.1666666666666665,0.3333333333333333,0.0,0.8333333333333334,0.3333333333333333,371.22856533820453,3.389980461962688,159.0346150666533
Northampton,Cambridge,40,5,6.0,69.89508762832658,87.60006053414672,0.03519999999999612,1.0245,52.2405,-0.9027,52.2053,0.1218,1.9459101490553132,363.0,115.0,64.83333333333333,11.316666666666668,15.5,32333.333333333332,13.5,2.516666666666667,3.8666666666666667,75.83333333333333,21510.5,0.6705,2.1666666666666665,0.3333333333333333,0.0,0.8333333333333334,0.3333333333333333,169.18072021892945,1.544922426862402,72.47715620214869
Cambridge,Stafford,5,52,6.0,165.5945181671132,207.54090606051477,0.6013000000000019,2.2384999999999997,52.2053,0.1218,52.8066,-2.1167,1.9459101490553132,115.0,411.0,64.83333333333333,11.316666666666668,15.5,32333.333333333332,13.5,2.516666666666667,3.8666666666666667,75.83333333333333,21510.5,0.6705,2.1666666666666665,0.3333333333333333,0.0,0.8333333333333334,0.3333333333333333,400.8207271560088,3.66020980247209,171.7119209183651
M62 J26 Chain Bar,Omega Warrington,34,42,7.0,73.3481596452441,94.4425885051933,0.3006999999999991,0.9888999999999999,53.7297,-1.6653,53.429,-2.6542,2.0794415416798357,309.0,178.0,63.385714285714286,8.257142857142858,0.0,34285.71428571428,14.0,2.5285714285714285,3.8285714285714287,80.0,19665.85714285714,0.5705714285714285,1.4285714285714286,0.2857142857142857,0.42857142857142855,1.0,0.0,183.51360724666264,1.6502396661838492,79.11984054497445
Wetherby Services,Carlisle,63,7,4.0,145.86025130356452,183.50722531932857,0.9506999999999977,1.5535,53.9444,-1.3847,54.8951,-2.9382,1.6094379124341003,280.0,15.0,61.199999999999996,0.8,0.0,30500.0,12.625,2.5125,3.775,70.0,22771.25,0.74775,1.5,0.0,0.25,1.0,0.0,362.96431332813086,3.362950363017652,156.85637563662726
Carlisle,Glasgow Central,7,19,2.0,136.00437499143533,167.5006450497271,0.9690999999999974,1.3136,54.8951,-2.9382,55.8642,-4.2518,1.0986122886681098,15.0,169.0,62.05,0.0,0.0,36000.0,14.25,2.525,3.9,80.0,29028.0,0.81,1.0,0.0,0.5,1.0,0.0,330.45015743649316,2.996162336449324,140.3569313257172
Felixstowe Port,Northampton,17,40,9.0,157.1458072800332,203.42903401342733,0.2837999999999994,2.2538,51.9567,1.3511,52.2405,-0.9027,2.302585092994046,160.0,363.0,62.044444444444444,7.944444444444445,21.22222222222222,34000.0,13.777777777777779,2.5222222222222226,3.855555555555556,78.88888888888889,19031.555555555555,0.5857777777777778,1.3333333333333333,0.1111111111111111,0.2222222222222222,1.0,0.3333333333333333,401.37180324005556,3.6999199586693337,171.66715203542174
Hopwood Park,M62 J26 Chain Bar,21,34,4.0,155.29080374805068,198.6109349095605,1.3757999999999981,0.3991,52.3539,-2.0644,53.7297,-1.6653,1.6094379124341003,295.0,309.0,61.875,17.475,6.25,30000.0,12.625,2.5125,3.7750000000000004,71.25,18690.0,0.6789999999999999,1.5,0.25,0.0,1.0,0.25,394.1760677468999,3.5901598909289874,175.1245355470852
Rugby,Tibshelf Services,49,57,12.0,85.86402607914054,105.45448502447812,0.7708999999999975,0.07380000000000009,52.3708,-1.2651,53.1417,-1.3389,2.5649493574615367,393.0,547.0,62.57500000000001,1.875,13.25,35500.0,14.291666666666666,2.529166666666667,3.866666666666667,82.08333333333333,23473.666666666668,0.6721666666666666,0.75,0.16666666666666666,0.4166666666666667,0.9166666666666666,0.4166666666666667,211.5063862735096,1.8574674996130442,87.72196179114518
Derby,Magna Park DC,12,36,3.0,57.0909976745833,71.82119074625165,0.4854000000000056,0.2759999999999998,52.9226,-1.4746,52.4372,-1.1986,1.3862943611198906,391.0,153.0,64.33333333333333,0.0,28.666666666666668,25333.333333333332,11.333333333333334,2.5,3.6999999999999997,61.666666666666664,16558.0,0.6563333333333333,0.0,0.6666666666666666,0.0,1.0,0.6666666666666666,138.48683970646476,1.120096240332974,60.403292707442404
Bristol Port,Reading,4,48,9.0,120.35806133178968,146.7882476690463,0.055999999999997385,1.7358000000000002,51.5103,-2.7139,51.4543,-0.9781,2.302585092994046,171.0,130.0,63.5,2.211111111111111,16.555555555555557,29111.11111111111,12.555555555555555,2.511111111111111,3.7777777777777777,69.44444444444444,19243.666666666668,0.6623333333333332,1.2222222222222223,0.1111111111111111,0.1111111111111111,1.0,0.4444444444444444,300.32377342891874,2.609839097757597,124.2713613082821
Reading,Watford Gap,48,62,7.0,95.29733778257636,115.36562748833471,0.8523999999999958,0.14410000000000012,51.4543,-0.9781,52.3067,-1.1222,2.0794415416798357,130.0,391.0,62.714285714285715,0.0,18.285714285714285,34857.142857142855,13.928571428571429,2.521428571428572,3.8857142857142857,80.0,23988.85714285714,0.6812857142857143,1.2857142857142858,0.0,0.14285714285714285,1.0,0.42857142857142855,227.667888662045,2.0485286223757493,98.9938187768821
Bristol DC,Swindon,3,54,10.0,57.060259649605754,72.98555808462811,0.10129999999999484,0.8081999999999998,51.4545,-2.5879,51.5558,-1.7797,2.3978952727983707,160.0,129.0,60.089999999999996,7.5,6.1,35400.0,14.5,2.5300000000000002,3.8900000000000006,82.0,24605.3,0.6892,0.1,0.2,0.4,0.9,0.2,147.9398987093162,1.2276200357634468,63.66137291849085
Peterborough,Cardiff Bay,44,6,4.0,234.61649879505637,300.3512862557051,1.0878999999999976,2.9386,52.5695,-0.2405,51.4816,-3.1791,1.6094379124341003,291.0,183.0,57.224999999999994,7.825,11.25,27000.0,11.5,2.5,3.7249999999999996,63.75,18364.75,0.6565,2.5,0.0,0.5,1.0,0.25,594.644772154438,5.966677174326903,254.21308114289
M1/M6 Junction,Felixstowe Port,30,17,3.0,187.93714298509872,230.9218602783025,0.629400000000004,2.5636,52.5861,-1.2125,51.9567,1.3511,1.3862943611198906,498.0,160.0,58.06666666666666,0.0,0.0,36666.666666666664,15.0,2.533333333333333,3.9333333333333336,85.0,20425.666666666668,0.5933333333333334,1.0,0.0,0.6666666666666666,1.0,0.0,466.1050029680946,4.350089194129677,204.94770930947269
Northampton,ProLogis Park DC,40,47,7.0,66.11143209806102,83.29094868100572,0.26260000000000616,0.8737,52.2405,-0.9027,52.5031,-1.7764,2.0794415416798357,363.0,156.0,61.81428571428571,8.814285714285715,0.0,33714.28571428572,14.285714285714286,2.5285714285714285,3.8714285714285714,77.85714285714286,23091.14285714286,0.6685714285714285,1.1428571428571428,0.14285714285714285,0.14285714285714285,1.0,0.0,165.8625121295012,1.5305054077133688,73.06661450653935
Milton Keynes,M1/M6 Junction,38,30,1.0,68.02877870166259,90.18993144352088,0.5455000000000041,0.45309999999999995,52.0406,-0.7594,52.5861,-1.2125,0.6931471805599453,277.0,498.0,56.9,0.0,27.0,26000.0,12.0,2.5,3.8,65.0,20797.0,0.8,2.0,1.0,0.0,1.0,1.0,177.22820209157464,1.7980994230919958,70.76561334921566
Grimsby Port,M1/M6 Junction,20,30,10.0,133.6526483213979,164.2750267378717,0.988900000000001,1.1375,53.575,-0.075,52.5861,-1.2125,2.3978952727983707,143.0,498.0,61.14,4.45,0.0,32600.0,13.65,2.525,3.81,76.0,20790.2,0.6249,0.7,0.2,0.3,0.9,0.0,326.4626533686446,2.938457849824106,143.3803729348212
Northampton,Birmingham Central,40,2,1.0,72.41679967992664,94.4235347381491,0.24569999999999936,0.9877000000000001,52.2405,-0.9027,52.4862,-1.8904,0.6931471805599453,363.0,180.0,62.0,0.0,0.0,32000.0,12.0,2.5,3.8,70.0,21662.0,0.677,1.0,0.0,0.0,1.0,0.0,195.29847488842586,1.7389232916786206,86.5983799255953
Portsmouth Port,Southampton Port,45,51,4.0,22.65768109991909,28.575000000000003,0.09319999999999595,0.2869999999999999,50.8025,-1.1088,50.8957,-1.3958,1.6094379124341003,168.0,166.0,62.75,5.6,11.75,30000.0,13.25,2.525,3.75,72.5,19904.75,0.711,0.0,0.0,0.25,0.5,0.25,63.957499999999996,0.45749999999999996,23.952499999999997
Leicester Forest East,Derby,26,12,10.0,39.825337635253526,49.68024856406773,0.30590000000000117,0.30789999999999984,52.6167,-1.1667,52.9226,-1.4746,2.3978952727983707,425.0,391.0,64.00000000000001,3.56,2.4,29800.0,12.7,2.5100000000000002,3.81,70.0,19962.5,0.6473,1.1,0.3,0.3,1.0,0.1,101.90402375368595,0.8645838059566296,42.65360338057195
Leicester Forest East,Knutsford Services,26,23,5.0,112.86552007003533,144.78826265956883,0.6822000000000017,1.2477,52.6167,-1.1667,53.2989,-2.4144,1.791759469228055,425.0,242.0,62.620000000000005,13.719999999999999,7.2,39200.0,14.7,2.53,3.9200000000000004,88.0,20267.4,0.504,0.8,0.2,0.2,1.0,0.2,289.4582453453014,2.5521954967025833,127.16474954335752
Magna Park DC,Frankley Services,36,18,9.0,55.76703078561894,69.55001212891995,0.014399999999994861,0.8221999999999998,52.4372,-1.1986,52.4228,-2.0208,2.302585092994046,149.0,300.0,62.888888888888886,8.077777777777776,6.111111111111111,28222.222222222223,12.61111111111111,2.516666666666667,3.7333333333333334,68.33333333333333,19307.666666666668,0.7154444444444444,0.4444444444444444,0.1111111111111111,0.5555555555555556,1.0,0.2222222222222222,135.67875526990417,1.1511716956675258,59.7741122839102
Frankley Services,Stoke-on-Trent,18,53,8.0,65.36107062550262,81.68118529256427,0.579899999999995,0.15859999999999985,52.4228,-2.0208,53.0027,-2.1794,2.1972245773362196,300.0,375.0,62.8125,4.6125,3.5,32750.0,13.75,2.525,3.825,76.875,22530.25,0.7116250000000001,0.25,0.125,0.375,1.0,0.125,161.244399303797,1.3450607696278007,73.23860098406418
Cardiff Bay,Oxford,6,43,10.0,136.01952619722962,176.44472175720207,0.2704000000000022,1.9214,51.4816,-3.1791,51.752,-1.2577,2.3978952727983707,186.0,210.0,62.61,19.45,0.0,31800.0,12.7,2.5100000000000002,3.81,73.0,19009.1,0.5938000000000001,1.1,0.2,0.3,0.8,0.0,359.09834997593487,3.158057383993875,145.2395869354535
iPort Doncaster,Stafford,67,52,2.0,106.50822809136218,134.1713332877566,0.6872999999999934,1.1124999999999998,53.4939,-1.0042,52.8066,-2.1167,1.0986122886681098,171.0,411.0,58.0,6.55,0.0,42000.0,16.5,2.55,4.0,95.0,18890.0,0.4505,0.0,0.0,0.0,1.0,0.0,264.9549968600265,2.3120083113157213,115.64058609710783
Cambridge,Grimsby Port,5,20,3.0,152.87494477279859,187.9664122354994,1.3697000000000017,0.1968,52.2053,0.1218,53.575,-0.075,1.3862943611198906,115.0,166.0,60.833333333333336,10.533333333333333,10.0,38666.666666666664,15.0,2.533333333333333,3.9333333333333336,86.66666666666667,27583.666666666668,0.7303333333333333,1.6666666666666667,0.0,0.6666666666666666,1.0,0.3333333333333333,386.3288991994115,3.5137600833117215,159.93213739274162
Toddington Services,Tibshelf Services,59,57,2.0,143.10202273787172,172.46671828110772,1.1888999999999967,0.8103,51.9528,-0.5286,53.1417,-1.3389,1.0986122886681098,111.0,547.0,64.15,4.25,5.5,33000.0,14.25,2.525,3.9,77.5,22894.0,0.6719999999999999,1.0,0.0,1.0,0.5,0.5,335.4892144421753,2.919606209868226,146.3182343857519
Preston,Wetherby Services,46,63,10.0,88.78634975821444,108.90890955967537,0.18120000000000402,1.3184,53.7632,-2.7031,53.9444,-1.3847,2.3978952727983707,176.0,280.0,63.65,2.12,8.0,28000.0,12.3,2.5100000000000002,3.75,67.5,17048.8,0.6127,1.3,0.3,0.4,1.0,0.4,213.98867982544252,1.9350785755349769,92.1940204204829
Oxford,Milton Keynes,43,38,5.0,46.89231925945222,59.59771151012451,0.2885999999999953,0.4983000000000001,51.752,-1.2577,52.0406,-0.7594,1.791759469228055,210.0,277.0,61.2,7.88,0.0,33200.0,12.9,2.5100000000000002,3.84,75.0,20278.2,0.6092,1.0,0.8,0.2,0.6,0.0,122.67420694514212,1.109967635828052,49.98600402602267
Milton Keynes,Rugby,38,49,6.0,50.35463045699472,63.31084958044239,0.33020000000000493,0.5056999999999999,52.0406,-0.7594,52.3708,-1.2651,1.9459101490553132,277.0,393.0,62.53333333333333,6.566666666666666,0.0,33000.0,12.75,2.5083333333333333,3.8333333333333335,74.16666666666667,20207.833333333332,0.6111666666666666,1.0,0.6666666666666666,0.3333333333333333,0.6666666666666666,0.0,132.03748601635547,1.1556238466627826,53.73387831961721
Watford Gap,Cardiff Bay,62,6,7.0,168.333316592531,203.45422954755836,0.8250999999999991,2.0568999999999997,52.3067,-1.1222,51.4816,-3.1791,2.0794415416798357,391.0,183.0,63.87142857142857,16.87142857142857,2.5714285714285716,34571.42857142857,13.285714285714286,2.5142857142857147,3.857142857142857,77.85714285714286,20410.0,0.5914285714285714,1.0,0.2857142857142857,0.42857142857142855,1.0,0.14285714285714285,396.14173320317576,3.5093676630261137,170.45719363689415
Grimsby Port,Woodall Services,20,65,9.0,79.67402857513922,98.19469393218449,0.24920000000000186,1.1281,53.575,-0.075,53.3258,-1.2031,2.302585092994046,143.0,391.0,64.5,3.7666666666666666,9.222222222222221,30888.88888888889,12.833333333333334,2.516666666666667,3.7666666666666675,72.22222222222223,17908.444444444445,0.6214444444444446,0.5555555555555556,0.2222222222222222,0.1111111111111111,1.0,0.2222222222222222,193.45854047087636,1.6533236244126879,85.20593732983231
Woodall Services,Wetherby Services,65,63,10.0,69.81945987494427,85.66683338365331,0.6186000000000007,0.18159999999999998,53.3258,-1.2031,53.9444,-1.3847,2.3978952727983707,391.0,280.0,63.589999999999996,3.3899999999999997,8.3,29600.0,12.55,2.515,3.7400000000000007,70.0,17106.4,0.6142000000000001,0.7,0.2,0.1,1.0,0.2,168.8359624331518,1.471574916151423,73.833419500542
Wolverhampton,Leeds Central,64,25,3.0,140.481705196529,175.84402444099365,1.2147000000000006,0.5797999999999999,52.5861,-2.1289,53.8008,-1.5491,1.3862943611198906,363.0,160.0,67.2,6.3,7.333333333333333,20666.666666666668,10.666666666666666,2.5,3.6,55.0,12987.0,0.6223333333333333,1.0,0.6666666666666666,0.3333333333333333,0.6666666666666666,0.3333333333333333,341.9117664222403,2.887116296632284,152.25714469640423
M62 J26 Chain Bar,Charnock Richard,34,8,4.0,68.82463741078146,83.00948986605408,0.09890000000000043,1.0315999999999999,53.7297,-1.6653,53.6308,-2.6969,1.6094379124341003,309.0,172.0,61.725,2.5,0.0,39000.0,15.375,2.5374999999999996,3.95,87.5,26926.0,0.6785,1.0,0.0,0.0,1.0,0.0,165.70379592991628,1.4951654497755476,72.23708337697177
Charnock Richard,Sheffield Hub,8,50,7.0,85.74906115983165,106.90758892216935,0.24969999999999715,1.2268,53.6308,-2.6969,53.3811,-1.4701,2.0794415416798357,172.0,164.0,60.60000000000001,5.128571428571428,13.285714285714286,27428.571428571428,12.071428571428571,2.507142857142857,3.742857142857143,65.71428571428571,16336.0,0.588,0.14285714285714285,0.14285714285714285,0.14285714285714285,1.0,0.14285714285714285,212.0717279423043,1.8023533564432888,91.91788045003166
Leicester Forest East,Hopwood Park,26,21,7.0,67.44534176184278,82.70068959229695,0.2627999999999986,0.8976999999999999,52.6167,-1.1667,52.3539,-2.0644,2.0794415416798357,425.0,295.0,61.98571428571428,0.0,3.0,35714.28571428572,14.285714285714286,2.5285714285714285,3.8714285714285714,81.42857142857143,20495.285714285714,0.5945714285714285,1.0,0.14285714285714285,0.14285714285714285,1.0,0.14285714285714285,163.3685723902113,1.4727413180287137,69.18851604876275
Stoke-on-Trent,Teesport,53,56,4.0,191.94439167047545,244.87704043235317,1.6206000000000031,1.0070999999999999,53.0027,-2.1794,54.6233,-1.1723,1.6094379124341003,375.0,157.0,65.92500000000001,7.325,11.5,35500.0,14.875,2.5374999999999996,3.875,82.5,22691.75,0.6447499999999999,1.5,0.25,0.0,1.0,0.25,479.1426372579283,4.230979152382674,207.42040546561248
Trafford Park DC,Omega Warrington,60,42,7.0,22.911136319914622,29.0,0.03779999999999717,0.34010000000000007,53.4668,-2.3141,53.429,-2.6542,2.0794415416798357,141.0,178.0,60.50000000000001,4.685714285714285,0.0,30000.0,12.714285714285714,2.5142857142857147,3.7714285714285714,70.71428571428571,16115.714285714286,0.547142857142857,0.0,0.0,0.14285714285714285,1.0,0.0,65.21000000000001,0.47857142857142854,24.715714285714288
Tilbury Port,Felixstowe Port,58,17,2.0,88.3024428452565,106.15,0.5021999999999949,0.9926999999999999,51.4545,0.3584,51.9567,1.3511,1.0986122886681098,165.0,160.0,68.1,0.0,12.0,36000.0,14.25,2.525,3.9,80.0,21066.0,0.6045,0.0,0.0,0.5,1.0,0.5,204.86,1.56,83.345
Hopwood Park,Birmingham Central,21,2,6.0,18.85865742791213,23.934510277652777,0.13229999999999364,0.17399999999999993,52.3539,-2.0644,52.4862,-1.8904,1.9459101490553132,295.0,180.0,63.51666666666667,22.816666666666666,2.8333333333333335,32666.666666666668,13.583333333333334,2.525,3.8000000000000003,76.66666666666667,19787.166666666668,0.5943333333333333,1.0,0.16666666666666666,0.16666666666666666,0.8333333333333334,0.16666666666666666,50.550071664288794,0.42425245788761673,19.81272453869727
Grimsby Port,Peterborough,20,44,3.0,112.35192351997482,144.36832594374167,1.005500000000005,0.16549999999999998,53.575,-0.075,52.5695,-0.2405,1.3862943611198906,143.0,291.0,60.76666666666667,9.733333333333333,0.0,35333.333333333336,15.0,2.533333333333333,3.9333333333333336,81.66666666666667,27908.333333333332,0.7936666666666667,1.3333333333333333,0.0,0.3333333333333333,1.0,0.0,296.12081246698,2.6865320000049415,123.38664226829705
Stoke-on-Trent,Northampton,53,40,2.0,120.87002173443027,154.67925855523964,0.7622,1.2767,53.0027,-2.1794,52.2405,-0.9027,1.0986122886681098,375.0,363.0,61.75,14.6,0.0,40000.0,16.5,2.55,4.0,90.0,31167.5,0.779,1.5,0.0,0.5,1.0,0.0,306.01388041134874,2.8256881942288636,133.33580316123496
Tilbury Port,Reading,58,48,14.0,92.60453793025202,115.18582243345043,0.00019999999999953388,1.3365,51.4545,0.3584,51.4543,-0.9781,2.70805020110221,165.0,130.0,63.58571428571428,10.828571428571427,8.071428571428571,33714.28571428572,13.964285714285714,2.525,3.857142857142857,77.85714285714286,23875.85714285714,0.7074285714285714,0.21428571428571427,0.07142857142857142,0.35714285714285715,0.9285714285714286,0.35714285714285715,222.2579026016522,1.8864222552100343,94.60248424707557
Coventry,M25 J15 (M4),10,31,1.0,124.79496359087358,156.71207677809795,0.9331999999999994,1.0114,52.4068,-1.5197,51.4736,-0.5083,0.6931471805599453,520.0,96.0,69.6,0.0,0.0,40000.0,16.5,2.55,4.0,90.0,23356.0,0.584,2.0,0.0,0.0,1.0,0.0,297.0823354507992,2.5406555056578783,121.52035756812943
M25 J15 (M4),Leicester Forest East,31,26,1.0,134.84542128252534,169.33300355357832,1.143100000000004,0.6584000000000001,51.4736,-0.5083,52.6167,-1.1667,0.6931471805599453,96.0,425.0,69.6,0.0,0.0,40000.0,16.5,2.55,4.0,90.0,23356.0,0.584,2.0,0.0,0.0,1.0,0.0,321.0080882013189,2.745269136961057,131.30709236310796
M62 J26 Chain Bar,Wetherby Services,34,63,16.0,30.14837781139096,37.876378310246764,0.21470000000000056,0.28059999999999996,53.7297,-1.6653,53.9444,-1.3847,2.833213344056216,309.0,280.0,63.54375,7.0875,3.5,32000.0,13.3125,2.51875,3.8187499999999996,74.6875,21716.25,0.6938125,0.625,0.1875,0.375,1.0,0.125,73.77499512810512,0.6361996369310053,32.28180241556688
A1/A14 Junction,Hull Port,1,22,5.0,155.73696951198696,190.43249823767232,1.3999999999999986,0.06669999999999998,52.3333,-0.25,53.7333,-0.3167,1.791759469228055,259.0,151.0,62.61999999999999,8.72,12.8,34400.0,13.8,2.5200000000000005,3.88,80.0,23495.4,0.7022,1.2,0.4,0.2,1.0,0.4,374.4465290594436,3.4243324086171363,158.87516479512414
Leicester Forest East,Chester,26,9,2.0,132.39601634262112,167.9585162242971,0.5767999999999986,1.7271,52.6167,-1.1667,53.1935,-2.8938,1.0986122886681098,425.0,179.0,60.85,8.85,0.0,33000.0,14.25,2.525,3.9,77.5,21128.5,0.677,1.0,1.0,0.0,1.0,0.0,332.05495164884206,3.0256838472838368,144.03005725720715
Chester,Teesport,9,56,8.0,194.90302081800994,247.09937697858805,1.4298000000000002,1.7215000000000003,53.1935,-2.8938,54.6233,-1.1723,2.1972245773362196,179.0,157.0,62.52499999999999,4.5625,0.0,30500.0,13.1875,2.5187500000000003,3.8000000000000003,72.5,17753.625,0.602875,1.625,0.375,0.125,0.75,0.0,502.038536629903,4.4570638156155225,208.0958481174978
Newcastle Hub,Woodall Services,39,65,8.0,185.72278505860004,230.62971655123866,1.6524999999999963,0.41469999999999985,54.9783,-1.6178,53.3258,-1.2031,2.1972245773362196,174.0,391.0,61.52500000000001,4.475,6.75,31250.0,12.875,2.5125,3.8125,72.5,23222.125,0.7356250000000001,1.0,0.25,0.125,1.0,0.125,459.7679668372682,4.201158808347478,203.03802514762418
Rugby,Birmingham Central,49,2,7.0,44.29534278902774,55.78126042331902,0.11539999999999395,0.6253000000000002,52.3708,-1.2651,52.4862,-1.8904,2.0794415416798357,393.0,180.0,60.34285714285715,17.88571428571429,3.7142857142857144,30857.14285714286,12.357142857142858,2.507142857142857,3.7857142857142856,70.71428571428571,17392.571428571428,0.5552857142857143,0.7142857142857143,0.14285714285714285,0.5714285714285714,1.0,0.14285714285714285,123.49147236816394,1.0253893858763752,47.37720487437598
DIRFT Daventry,Derby,11,12,1.0,76.94809480670231,98.09456968230671,0.6652000000000058,0.31399999999999983,52.2574,-1.1606,52.9226,-1.4746,0.6931471805599453,163.0,391.0,63.5,8.2,0.0,18000.0,10.0,2.5,3.5,50.0,8688.0,0.483,1.0,0.0,0.0,1.0,0.0,191.53648943695043,1.7602285484842704,77.51343588464448
Derby,Teesport,12,56,1.0,190.14952707529645,242.4054303176933,1.7006999999999977,0.3023,52.9226,-1.4746,54.6233,-1.1723,0.6931471805599453,391.0,157.0,63.5,8.2,0.0,18000.0,10.0,2.5,3.5,50.0,8688.0,0.483,1.0,0.0,0.0,1.0,0.0,473.31351056304965,4.34977145151573,191.54656411535555
Leeds Central,Sheffield Hub,25,50,3.0,46.95892261238967,57.36666666666667,0.41969999999999885,0.07899999999999996,53.8008,-1.5491,53.3811,-1.4701,1.3862943611198906,177.0,164.0,64.2,0.0,0.0,36000.0,13.5,2.5166666666666666,3.8666666666666667,80.0,21109.333333333332,0.596,0.0,0.0,0.6666666666666666,0.6666666666666666,0.0,118.92333333333333,0.9,49.85999999999999
Watford Gap,Swindon,62,54,5.0,94.88793305871073,120.1723221409537,0.7509000000000015,0.6575,52.3067,-1.1222,51.5558,-1.7797,1.791759469228055,391.0,129.0,63.260000000000005,0.42000000000000004,13.0,23200.0,11.3,2.5100000000000002,3.6,60.0,12708.2,0.5236000000000001,1.0,0.4,0.8,0.8,0.4,272.30642718929755,2.167387308588989,106.09459412571182
Swindon,London Central,54,28,3.0,114.39037825316687,147.22321824154682,0.04840000000000089,1.6519000000000001,51.5558,-1.7797,51.5074,-0.1278,1.3862943611198906,129.0,156.0,60.6,0.0,5.0,18000.0,10.0,2.5,3.5,50.0,8921.666666666666,0.4956666666666667,1.0,0.3333333333333333,0.6666666666666666,1.0,0.3333333333333333,334.60920657079345,2.7658289241744285,128.1026099638688
Tibshelf Services,M6 J10 Walsall,57,33,6.0,72.79872896926572,92.93128199439481,0.5283999999999978,0.6405000000000001,53.1417,-1.3389,52.6133,-1.9794,1.9459101490553132,547.0,302.0,60.38333333333333,13.166666666666666,5.833333333333333,27666.666666666668,12.416666666666666,2.5083333333333333,3.783333333333333,68.33333333333333,18720.0,0.6756666666666667,1.0,0.3333333333333333,0.16666666666666666,1.0,0.3333333333333333,184.74620891547977,1.7310184826429682,80.11269954218596
M6 J10 Walsall,Chester,33,9,6.0,89.0114466165693,108.8746606086675,0.5801999999999978,0.9144000000000001,52.6133,-1.9794,53.1935,-2.8938,1.9459101490553132,302.0,179.0,61.96666666666667,5.766666666666667,4.333333333333333,26000.0,11.75,2.5083333333333333,3.6833333333333336,64.16666666666667,16323.166666666666,0.6088333333333332,2.0,0.5,0.3333333333333333,0.8333333333333334,0.16666666666666666,219.95382674012885,2.0283781214727976,88.67523420731054
Chester,Liverpool Port,9,27,5.0,24.542366810403244,29.523843755911393,0.21179999999999666,0.10389999999999988,53.1935,-2.8938,53.4053,-2.9977,1.791759469228055,179.0,161.0,63.540000000000006,11.760000000000002,5.2,32800.0,13.4,2.52,3.8200000000000003,77.0,20312.4,0.5786,1.0,0.2,0.4,0.8,0.2,58.03156429260965,0.5315327488771758,23.520498278635948
Stafford,Milton Keynes,52,38,4.0,125.39792511258788,164.08692084298372,0.7660000000000053,1.3573,52.8066,-2.1167,52.0406,-0.7594,1.6094379124341003,411.0,277.0,60.575,3.525,0.0,30500.0,13.125,2.5125,3.8499999999999996,73.75,18927.75,0.6372499999999999,1.0,0.25,0.5,1.0,0.0,348.97312000152573,3.0306190400038138,143.24833229077743
ProLogis Park DC,Frankley Services,47,18,6.0,18.81177430419437,23.19770594544141,0.08030000000000115,0.24439999999999995,52.5031,-1.7764,52.4228,-2.0208,1.9459101490553132,162.0,300.0,61.28333333333334,5.15,11.5,24666.666666666668,11.416666666666666,2.5083333333333333,3.6333333333333333,61.666666666666664,16435.5,0.6451666666666666,0.8333333333333334,0.5,0.3333333333333333,1.0,0.16666666666666666,46.414312251023325,0.42458718085652025,18.77388294665921
Teesport,Newcastle Hub,56,39,3.0,48.719084992337535,62.9,0.3549999999999969,0.4455,54.6233,-1.1723,54.9783,-1.6178,1.3862943611198906,166.0,156.0,62.23333333333333,0.0,7.0,32666.666666666668,14.333333333333334,2.533333333333333,3.8333333333333335,76.66666666666667,20069.0,0.6506666666666666,0.0,0.3333333333333333,0.3333333333333333,1.0,0.3333333333333333,129.67999999999998,1.0166666666666666,54.22
Milton Keynes,Portsmouth Port,38,45,10.0,139.78566171938502,176.90672805513037,1.2380999999999958,0.34940000000000004,52.0406,-0.7594,50.8025,-1.1088,2.3978952727983707,277.0,154.0,62.95,5.970000000000001,0.0,31200.0,13.15,2.515,3.8300000000000005,74.5,18741.3,0.6194,1.0,0.1,0.3,1.0,0.0,366.057253283888,3.1691607304585228,150.5393808288789
Stoke-on-Trent,Tamworth,53,55,10.0,52.551149613315246,65.7752492977891,0.369099999999996,0.4883999999999997,53.0027,-2.1794,52.6336,-1.691,2.3978952727983707,375.0,449.0,62.10999999999999,13.12,0.0,33000.0,13.4,2.52,3.8200000000000003,76.5,20001.9,0.6147,0.7,0.2,0.2,0.9,0.0,134.5717171959977,1.1736400583390938,55.56763423030666
Tibshelf Services,Wolverhampton,57,64,7.0,81.4188984816649,103.66279055771304,0.5555999999999983,0.7899999999999998,53.1417,-1.3389,52.5861,-2.1289,2.0794415416798357,547.0,363.0,62.385714285714286,5.028571428571429,13.285714285714286,30000.0,12.714285714285714,2.5142857142857147,3.771428571428572,70.71428571428571,18163.14285714286,0.606,0.14285714285714285,0.2857142857142857,0.2857142857142857,1.0,0.2857142857142857,225.3910421923318,1.6998228938921967,90.09688795737496
Stoke-on-Trent,Toddington Services,53,59,2.0,161.6352477974147,194.2019897046863,1.0498999999999938,1.6507999999999998,53.0027,-2.1794,51.9528,-0.5286,1.0986122886681098,375.0,111.0,58.0,0.0,0.0,38000.0,14.25,2.525,3.9,85.0,31767.5,0.837,1.0,0.0,0.5,1.0,0.0,421.3806312737097,3.6770840502137183,153.44746405029096
Toddington Services,Dover Port,59,14,5.0,156.96984397394888,197.10441344279002,0.8249000000000066,1.8419999999999999,51.9528,-0.5286,51.1279,1.3134,1.791759469228055,111.0,180.0,60.08,7.18,10.4,32800.0,13.4,2.5200000000000005,3.8200000000000003,77.0,23688.2,0.6719999999999999,1.0,0.0,0.2,0.8,0.4,401.1856419651667,3.5863520695085334,161.703614770608
Dover Port,A1/A14 Junction,14,1,3.0,171.91675413709677,206.3739497985916,1.2054000000000045,1.5634,51.1279,1.3134,52.3333,-0.25,1.3862943611198906,168.0,259.0,61.5,0.0,21.0,28000.0,12.0,2.5,3.7999999999999994,66.66666666666667,16387.333333333332,0.5903333333333334,1.0,0.0,0.0,1.0,0.6666666666666666,422.20012424177736,3.660343877360417,180.27100790163684
A1/A14 Junction,Northampton,1,40,7.0,45.579202229527105,56.77023641054259,0.09280000000000399,0.6527,52.3333,-0.25,52.2405,-0.9027,2.0794415416798357,259.0,363.0,61.800000000000004,0.0,9.0,30857.14285714286,13.285714285714286,2.5142857142857147,3.857142857142857,72.85714285714286,21762.85714285714,0.6890000000000001,1.0,0.14285714285714285,0.14285714285714285,0.8571428571428571,0.2857142857142857,115.03935097539032,1.006911544228622,48.378358535551044
Reading,Southampton Port,48,51,14.0,68.60014916144087,83.12518862991396,0.5586000000000055,0.41769999999999996,51.4543,-0.9781,50.8957,-1.3958,2.70805020110221,130.0,166.0,62.69285714285714,6.628571428571428,1.9285714285714286,34428.57142857143,14.285714285714286,2.5285714285714285,3.871428571428571,80.35714285714286,22739.214285714286,0.6399285714285714,0.14285714285714285,0.14285714285714285,0.21428571428571427,0.8571428571428571,0.07142857142857142,183.34033659022904,1.3654787766584089,69.74645868024338
Chester,Derby,9,12,4.0,99.51017007299642,123.3347739539801,0.2708999999999975,1.4192000000000002,53.1935,-2.8938,52.9226,-1.4746,1.6094379124341003,179.0,391.0,62.1,0.0,11.0,39000.0,15.375,2.5374999999999996,3.95,87.5,26257.75,0.658,0.25,0.5,0.75,1.0,0.25,245.17351709781576,2.0829107433666576,103.22054828754767
Preston,Sheffield Hub,46,50,2.0,91.83150370809554,107.7689966526918,0.3820999999999941,1.233,53.7632,-2.7031,53.3811,-1.4701,1.0986122886681098,176.0,164.0,62.949999999999996,13.0,0.0,42000.0,16.5,2.55,4.0,95.0,33307.5,0.7969999999999999,0.0,1.0,0.0,1.0,0.0,210.97762762543243,1.7168832330585329,92.14502192670531
Felixstowe Port,Woodall Services,17,65,3.0,229.92564209524923,274.32026798743385,1.369100000000003,2.5542,51.9567,1.3511,53.3258,-1.2031,1.3862943611198906,160.0,391.0,61.833333333333336,16.5,18.666666666666668,38666.666666666664,15.0,2.533333333333333,3.9333333333333336,86.66666666666667,25129.333333333332,0.6456666666666667,1.0,0.3333333333333333,0.3333333333333333,1.0,0.3333333333333333,548.8373270188591,4.8853046535156635,243.3690515173469
Rugby,Northampton,49,40,12.0,28.583754480873548,36.50501699832575,0.1303000000000054,0.36239999999999994,52.3708,-1.2651,52.2405,-0.9027,2.5649493574615367,393.0,363.0,62.633333333333326,9.566666666666668,3.9166666666666665,28666.666666666668,12.041666666666666,2.504166666666667,3.7666666666666657,67.5,17451.5,0.5964166666666667,0.75,0.3333333333333333,0.25,1.0,0.08333333333333333,78.13648374280656,0.6418327962162821,31.005516228606968
Liverpool Port,Hopwood Park,27,21,10.0,132.62642172585723,164.42209628081778,1.051399999999994,0.9333,53.4053,-2.9977,52.3539,-2.0644,2.3978952727983707,167.0,295.0,61.99000000000001,0.67,8.5,26400.0,11.65,2.505,3.7,64.0,16193.1,0.5958,1.0,0.0,0.3,1.0,0.2,333.32883732945703,2.98582289170601,139.07559629983118
Wolverhampton,Portsmouth Port,64,45,9.0,210.41619678665523,263.8792677156703,1.7835999999999999,1.0200999999999998,52.5861,-2.1289,50.8025,-1.1088,2.302585092994046,363.0,154.0,64.54444444444445,8.411111111111111,4.555555555555555,30666.666666666668,13.055555555555555,2.516666666666667,3.8000000000000003,72.22222222222223,20210.88888888889,0.6583333333333333,1.0,0.5555555555555556,0.1111111111111111,1.0,0.2222222222222222,515.3386765941647,4.56886182666152,216.51387246651234
iPort Doncaster,Leeds Central,67,25,4.0,49.54223210740596,59.375,0.30690000000000595,0.5448999999999999,53.4939,-1.0042,53.8008,-1.5491,1.6094379124341003,171.0,160.0,57.075,14.075,2.5,35000.0,13.125,2.5125,3.8499999999999996,77.5,26838.25,0.7595000000000001,0.0,0.0,0.75,1.0,0.25,124.01249999999999,1.04,50.645
Wolverhampton,Nottingham Hub,64,41,8.0,77.11036335386054,96.71029190198347,0.3686999999999969,0.9707999999999999,52.5861,-2.1289,52.9548,-1.1581,2.1972245773362196,363.0,178.0,62.074999999999996,4.175,8.5,32250.0,13.4375,2.5187500000000003,3.8375,75.0,22456.375,0.6971250000000001,1.5,0.25,0.5,1.0,0.375,191.04247373323656,1.755331416306891,82.50584503643347
Bristol Port,Bristol DC,4,3,5.0,10.706375049914183,13.26,0.05579999999999785,0.12600000000000033,51.5103,-2.7139,51.4545,-2.5879,1.791759469228055,171.0,175.0,61.7,0.0,0.0,40000.0,15.6,2.54,3.96,90.0,24964.0,0.6268,0.0,0.2,0.2,1.0,0.0,85.29,0.21600000000000003,11.552
Hopwood Park,DIRFT Daventry,21,11,9.0,62.378867695574954,78.22829844927274,0.09650000000000603,0.9037999999999999,52.3539,-2.0644,52.2574,-1.1606,2.302585092994046,295.0,168.0,61.67777777777778,8.91111111111111,6.666666666666667,30444.444444444445,13.055555555555555,2.516666666666667,3.8000000000000003,72.77777777777777,17435.88888888889,0.5945555555555555,1.0,0.3333333333333333,0.1111111111111111,1.0,0.1111111111111111,157.1249025129964,1.4344829239660581,68.08191341017908
Bristol DC,M25 J15 (M4),3,31,6.0,144.07542028280895,178.00400793938812,0.019099999999994566,2.0796,51.4545,-2.5879,51.4736,-0.5083,1.9459101490553132,160.0,96.0,62.76666666666667,1.0166666666666666,0.0,32666.666666666668,13.583333333333334,2.525,3.8000000000000003,76.66666666666667,19837.666666666668,0.6286666666666666,2.1666666666666665,0.0,0.5,1.0,0.0,364.6845874292267,3.227509839552372,151.3161624757321
M25 J15 (M4),Cambridge,31,5,6.0,92.16056330985877,113.86362511318679,0.7317000000000036,0.6301,51.4736,-0.5083,52.2053,0.1218,1.9459101490553132,96.0,115.0,62.76666666666667,1.0166666666666666,0.0,32666.666666666668,13.583333333333334,2.525,3.8000000000000003,76.66666666666667,19837.666666666668,0.6286666666666666,2.1666666666666665,0.0,0.5,1.0,0.0,233.27738306734105,2.0645376172936976,96.79224078802527
Teesport,Stoke-on-Trent,56,53,4.0,191.94439167047545,226.82282698029934,1.6206000000000031,1.0070999999999999,54.6233,-1.1723,53.0027,-2.1794,1.6094379124341003,166.0,375.0,61.975,0.0,10.0,33500.0,13.75,2.525,3.825,77.5,23946.5,0.68925,1.0,0.5,0.75,1.0,0.5,516.972645369605,4.040900903552249,190.0302249054719
Stoke-on-Trent,Watford Gap,53,62,7.0,105.23445399063509,128.2633138599169,0.695999999999998,1.0571999999999997,53.0027,-2.1794,52.3067,-1.1222,2.0794415416798357,375.0,391.0,62.285714285714285,12.771428571428572,5.714285714285714,34285.71428571428,14.285714285714286,2.5285714285714285,3.8714285714285714,79.28571428571429,24177.428571428572,0.6935714285714286,1.0,0.42857142857142855,0.5714285714285714,1.0,0.2857142857142857,281.04606179589916,2.287569098196673,111.97510786879505
Watford Gap,Knutsford Services,62,23,6.0,140.41622922774627,178.00430192123375,0.992200000000004,1.2922,52.3067,-1.1222,53.2989,-2.4144,1.9459101490553132,391.0,242.0,61.949999999999996,10.433333333333334,14.333333333333334,34000.0,13.5,2.516666666666667,3.8666666666666667,78.33333333333333,21053.5,0.6353333333333334,1.1666666666666667,0.16666666666666666,0.16666666666666666,0.8333333333333334,0.16666666666666666,361.22525079335315,3.206123210742705,148.2470982304233
Charnock Richard,Teesport,8,56,4.0,148.47998142151536,180.43359522374823,0.9924999999999997,1.5246,53.6308,-2.6969,54.6233,-1.1723,1.6094379124341003,172.0,157.0,60.5,4.4,4.0,31000.0,13.125,2.5125,3.8499999999999996,72.5,17972.25,0.5549999999999999,1.25,0.0,0.25,1.0,0.25,352.3493764790828,3.3129126755054035,146.8103439639753
Charnock Richard,Rugby,8,49,3.0,169.72646335346852,212.3730846936257,1.259999999999998,1.4318,53.6308,-2.6969,52.3708,-1.2651,1.3862943611198906,172.0,393.0,68.36666666666667,7.3999999999999995,0.0,29333.333333333332,12.833333333333334,2.5166666666666666,3.766666666666667,71.66666666666667,23199.666666666668,0.751,1.0,0.3333333333333333,0.3333333333333333,1.0,0.0,408.01562316700347,3.411069154458476,176.66265427652328
Rugby,Cardiff Bay,49,6,14.0,164.31238683813487,209.77869210882656,0.8892000000000024,1.9140000000000001,52.3708,-1.2651,51.4816,-3.1791,2.70805020110221,393.0,183.0,64.42142857142858,7.528571428571428,1.2142857142857142,32571.428571428572,13.464285714285714,2.517857142857143,3.849999999999999,76.07142857142857,22409.14285714286,0.686642857142857,1.1428571428571428,0.21428571428571427,0.42857142857142855,1.0,0.07142857142857142,416.2368703869271,3.638905167513296,175.02663210224821
Frankley Services,Dover Port,18,14,8.0,270.80139058721346,338.9364613001494,1.2949000000000055,3.3342,52.4228,-2.0208,51.1279,1.3134,2.1972245773362196,300.0,180.0,62.912499999999994,19.712500000000002,0.0,29750.0,12.375,2.5125,3.7375000000000003,70.0,18992.5,0.6643749999999999,1.375,0.25,0.25,0.875,0.0,663.5966338427818,6.002525604856779,287.64749109855416
Wetherby Services,A1 Scotch Corner,63,0,7.0,54.12942106202422,67.81309359464208,0.45889999999999986,0.27749999999999986,53.9444,-1.3847,54.4033,-1.6622,2.0794415416798357,280.0,49.0,63.81428571428571,10.071428571428571,6.428571428571429,39428.57142857143,15.214285714285714,2.5357142857142856,3.942857142857143,88.57142857142857,28105.571428571428,0.71,0.14285714285714285,0.42857142857142855,0.14285714285714285,0.8571428571428571,0.2857142857142857,132.4193438430824,1.09498396772197,59.158161935870694
A1 Scotch Corner,Teesport,0,56,9.0,39.98059503351977,50.09941448869899,0.21999999999999886,0.4899,54.4033,-1.6622,54.6233,-1.1723,2.302585092994046,49.0,157.0,63.333333333333336,9.78888888888889,5.0,37111.11111111111,14.777777777777779,2.533333333333333,3.9000000000000004,84.44444444444444,26134.222222222223,0.687111111111111,0.3333333333333333,0.3333333333333333,0.1111111111111111,0.8888888888888888,0.2222222222222222,98.11810312037777,0.8379858551716741,43.52440227163145
Frankley Services,Nottingham Hub,18,41,3.0,82.94693072870027,100.35353349887788,0.5319999999999965,0.8627,52.4228,-2.0208,52.9548,-1.1581,1.3862943611198906,300.0,178.0,63.29999999999999,0.0,0.0,25333.333333333332,11.333333333333334,2.5,3.6999999999999997,61.666666666666664,14343.0,0.6013333333333334,1.6666666666666667,0.0,0.0,1.0,0.0,193.84455309540283,1.8047137713604613,80.46913431529997
Tilbury Port,Dover Port,58,14,7.0,75.68867199023397,95.97142857142856,0.3266000000000062,0.9549999999999998,51.4545,0.3584,51.1279,1.3134,2.0794415416798357,165.0,180.0,62.34285714285714,1.6285714285714286,5.285714285714286,29428.571428571428,13.071428571428571,2.521428571428572,3.757142857142857,70.0,21697.714285714286,0.7155714285714286,0.0,0.14285714285714285,0.2857142857142857,1.0,0.2857142857142857,192.13285714285715,1.55,81.90285714285714
Trafford Park DC,Frankley Services,60,18,5.0,117.73909553626918,151.28632356691782,1.043999999999997,0.2932999999999999,53.4668,-2.3141,52.4228,-2.0208,1.791759469228055,141.0,300.0,64.17999999999999,8.92,0.0,33600.0,14.3,2.53,3.8600000000000003,79.0,21758.8,0.6746000000000001,1.0,0.0,0.4,1.0,0.0,306.13673293718193,2.6341408938786413,130.6822935287949
Hopwood Park,Bristol DC,21,3,8.0,106.26134964483104,130.1405874379741,0.8994,0.5234999999999999,52.3539,-2.0644,51.4545,-2.5879,2.1972245773362196,295.0,175.0,59.7375,1.9,2.125,32750.0,13.4375,2.51875,3.8375000000000004,76.25,19636.375,0.5876250000000001,0.625,0.125,0.125,1.0,0.125,281.82475935939647,2.35486318343166,104.28635670801151
Knutsford Services,Lancaster,23,24,14.0,86.98476262056853,109.36930478344576,0.7479999999999976,0.38660000000000005,53.2989,-2.4144,54.0469,-2.801,2.70805020110221,242.0,125.0,64.02857142857142,3.0714285714285716,1.8571428571428572,30000.0,12.857142857142858,2.5142857142857147,3.7928571428571423,70.35714285714286,21365.35714285714,0.7105,1.2857142857142858,0.35714285714285715,0.21428571428571427,1.0,0.14285714285714285,215.61814339837332,1.9243544397383794,94.06512315926764
Northampton,Oxford,40,43,3.0,59.50826223418284,77.3107942385176,0.4884999999999948,0.3550000000000001,52.2405,-0.9027,51.752,-1.2577,1.3862943611198906,363.0,210.0,60.1,11.833333333333334,0.0,36666.666666666664,15.0,2.533333333333333,3.9333333333333336,85.0,24600.666666666668,0.6983333333333334,1.0,0.0,0.6666666666666666,1.0,0.0,152.10470264359924,1.4426814578752187,62.9658634558353
Leeds Central,M1/M6 Junction,25,30,8.0,136.91695250347536,171.7494184896379,1.2147000000000006,0.3366,53.8008,-1.5491,52.5861,-1.2125,2.1972245773362196,177.0,498.0,60.637499999999996,5.949999999999999,4.0,32750.0,14.0,2.525,3.8625000000000003,76.25,23007.25,0.6961250000000001,1.0,0.625,0.125,1.0,0.25,363.4537459707207,3.163765761585485,147.1844258702331
Stafford,Grimsby Port,52,20,10.0,160.62322333304792,204.1270269225551,0.7683999999999997,2.0416999999999996,52.8066,-2.1167,53.575,-0.075,2.3978952727983707,411.0,166.0,64.52000000000001,3.6399999999999997,6.6,34200.0,14.3,2.5300000000000002,3.8600000000000003,79.5,24223.4,0.7,1.0,0.4,0.3,1.0,0.3,398.3089960940596,3.4908249072941095,169.97311674551943
Coventry,Oxford,10,43,4.0,74.97944721835213,94.20822617282641,0.6547999999999945,0.262,52.4068,-1.5197,51.752,-1.2577,1.6094379124341003,520.0,210.0,61.825,10.75,8.25,30000.0,13.25,2.525,3.75,72.5,19093.0,0.64575,0.25,0.25,0.25,1.0,0.5,181.26510465149997,1.563042965837587,76.88238319733391
Derby,Hopwood Park,12,21,3.0,74.71758131932532,92.14821200502338,0.5686999999999998,0.5898000000000001,52.9226,-1.4746,52.3539,-2.0644,1.3862943611198906,391.0,295.0,59.199999999999996,0.0,23.666666666666668,27333.333333333332,11.333333333333334,2.5,3.6999999999999997,63.333333333333336,19521.0,0.7080000000000001,1.0,0.0,0.0,1.0,0.3333333333333333,185.44311641510635,1.7374036084796405,79.99367763997073
Northampton,Portsmouth Port,40,45,3.0,160.53290594620495,196.24814596006786,1.4379999999999953,0.20610000000000006,52.2405,-0.9027,50.8025,-1.1088,1.3862943611198906,363.0,154.0,60.4,0.0,31.0,29333.333333333332,12.833333333333334,2.5166666666666666,3.766666666666667,71.66666666666667,20140.666666666668,0.6506666666666666,1.0,0.0,0.6666666666666666,1.0,0.3333333333333333,395.8000640033372,3.5788036135758268,180.41631944116702
M1/M6 Junction,Portsmouth Port,30,45,7.0,198.45623785344947,250.8172246021977,1.7835999999999999,0.1036999999999999,52.5861,-1.2125,50.8025,-1.1088,2.0794415416798357,498.0,154.0,62.771428571428565,6.799999999999999,0.0,32857.142857142855,13.928571428571429,2.5214285714285714,3.885714285714286,76.42857142857143,21727.14285714286,0.6668571428571429,1.0,0.42857142857142855,0.2857142857142857,1.0,0.0,496.48655684977496,4.394822864412825,217.71170568778712
DIRFT Daventry,Leicester Forest East,11,26,9.0,39.95453213328798,49.761790926406015,0.3593000000000046,0.006099999999999994,52.2574,-1.1606,52.6167,-1.1667,2.302585092994046,163.0,425.0,64.14444444444445,10.8,1.8888888888888888,30000.0,12.777777777777779,2.511111111111111,3.811111111111111,71.11111111111111,19694.777777777777,0.6532222222222221,0.7777777777777778,0.2222222222222222,0.0,1.0,0.1111111111111111,98.11333937254562,0.8446238233474085,42.78998459075916
Peterborough,Woodall Services,44,65,3.0,105.97800338685823,128.14493304022758,0.7563000000000031,0.9626000000000001,52.5695,-0.2405,53.3258,-1.2031,1.3862943611198906,291.0,391.0,57.63333333333333,5.233333333333333,5.666666666666667,30000.0,12.833333333333334,2.5166666666666666,3.766666666666667,70.0,16929.333333333332,0.5593333333333333,1.3333333333333333,0.0,0.0,1.0,0.3333333333333333,259.95817771827427,2.5198138815415994,110.71119169095122
Sheffield Hub,Stoke-on-Trent,50,53,10.0,63.27170839344048,79.5121865157054,0.3784000000000063,0.7092999999999998,53.3811,-1.4701,53.0027,-2.1794,2.3978952727983707,179.0,375.0,61.19,5.25,8.8,36000.0,14.3,2.5300000000000002,3.8600000000000003,83.0,24535.6,0.6599,0.5,0.3,0.3,1.0,0.3,154.49033280317119,1.3874710472505238,64.79780042483738
London Central,M5 J15 Almondsbury,28,32,2.0,168.3954888536551,218.20833854441094,0.04820000000000135,2.4333,51.5074,-0.1278,51.5556,-2.5611,1.0986122886681098,178.0,83.0,64.55,0.0,0.0,38000.0,14.25,2.525,3.9,85.0,29416.0,0.7675000000000001,2.0,0.0,0.5,1.0,0.0,417.6487187786388,3.859941597031522,176.0652227119278
Preston,M6 J10 Walsall,46,33,3.0,136.65079976087364,166.86667028202285,1.1498999999999953,0.7237,53.7632,-2.7031,52.6133,-1.9794,1.3862943611198906,176.0,302.0,62.73333333333333,0.0,0.0,31333.333333333332,12.833333333333334,2.5166666666666666,3.766666666666667,73.33333333333333,19010.666666666668,0.6143333333333333,1.0,0.0,1.0,1.0,0.0,337.39833411375565,3.0377532589049703,136.6508204063566
Birmingham Central,Northampton,2,40,2.0,72.41679967992664,88.39622072369434,0.24569999999999936,0.9877000000000001,52.4862,-1.8904,52.2405,-0.9027,1.0986122886681098,161.0,363.0,63.2,0.0,19.5,29000.0,12.0,2.5,3.8,67.5,22152.0,0.761,1.0,1.0,1.0,1.0,0.5,182.54874848833413,1.5695123422641162,69.18174710014014
Northampton,Teesport,40,56,4.0,265.5563677628041,328.47607627446996,2.382800000000003,0.26959999999999995,52.2405,-0.9027,54.6233,-1.1723,1.6094379124341003,363.0,157.0,62.150000000000006,10.325,9.75,33500.0,13.125,2.5125,3.8499999999999996,76.25,23172.5,0.6869999999999999,1.0,0.75,0.75,1.0,0.25,667.4444471243924,5.916285454200907,273.51530926483264
Stafford,Bristol Port,52,4,1.0,149.78707294101017,190.17115783406288,1.2963000000000022,0.5972000000000004,52.8066,-2.1167,51.5103,-2.7139,0.6931471805599453,411.0,167.0,59.8,0.0,0.0,44000.0,16.5,2.55,4.0,100.0,32345.0,0.735,1.0,0.0,0.0,1.0,0.0,386.31140275873054,3.541883528297441,174.35331831668
Frankley Services,Toddington Services,18,59,3.0,114.36121060381767,146.8358981876134,0.46999999999999886,1.4922,52.4228,-2.0208,51.9528,-0.5286,1.3862943611198906,300.0,111.0,66.63333333333334,0.0,10.0,28000.0,12.0,2.5,3.7999999999999994,66.66666666666667,20381.333333333332,0.7236666666666666,1.0,0.3333333333333333,0.3333333333333333,1.0,0.3333333333333333,287.03306438321346,2.4850986798591186,123.99493303994775
Tamworth,London Central,55,28,1.0,164.60685699971674,208.69169801918846,1.1262000000000043,1.5632000000000001,52.6336,-1.691,51.5074,-0.1278,0.6931471805599453,449.0,156.0,55.3,0.0,0.0,26000.0,12.0,2.5,3.8,65.0,17959.0,0.691,2.0,0.0,0.0,1.0,0.0,420.39655945187945,4.224455105730612,157.92592082849703
Birmingham Central,Rugby,2,49,10.0,44.29534278902774,56.39326292255926,0.11539999999999395,0.6253000000000002,52.4862,-1.8904,52.3708,-1.2651,2.3978952727983707,161.0,393.0,62.44000000000001,7.090000000000001,3.1,29400.0,13.25,2.525,3.75,71.0,17483.5,0.5923,0.8,0.1,0.4,1.0,0.1,133.54835641387518,1.0152118572097248,48.34867863742882
Rugby,Oxford,49,43,6.0,68.80937528920525,88.36333606316605,0.6188000000000002,0.007399999999999851,52.3708,-1.2651,51.752,-1.2577,1.9459101490553132,393.0,210.0,62.56666666666667,9.35,0.0,29000.0,13.25,2.525,3.75,70.0,17094.833333333332,0.5916666666666667,0.6666666666666666,0.16666666666666666,0.3333333333333333,1.0,0.0,220.32223636515232,1.5688933938259522,76.13043649269333
Chester,Grimsby Port,9,20,2.0,191.68642622202304,226.87641983269202,0.3815000000000026,2.8188,53.1935,-2.8938,53.575,-0.075,1.0986122886681098,179.0,166.0,57.05,14.1,13.0,31000.0,13.25,2.525,3.75,75.0,18993.0,0.671,2.0,0.0,0.5,1.0,0.5,477.4202497805363,4.523687805943225,193.1126630202172
Southampton Port,Wolverhampton,51,64,1.0,194.62103747800882,232.25099439646917,1.690400000000004,0.7330999999999999,50.8957,-1.3958,52.5861,-2.1289,0.6931471805599453,171.0,363.0,66.8,0.0,0.0,44000.0,16.5,2.55,4.0,100.0,32954.0,0.749,1.0,1.0,0.0,1.0,0.0,434.9259476376327,3.793741342731169,176.36270729867337
Wolverhampton,Newcastle Hub,64,39,1.0,268.10997116472663,319.94900560353085,2.3921999999999954,0.5110999999999999,52.5861,-2.1289,54.9783,-1.6178,0.6931471805599453,363.0,156.0,66.8,0.0,0.0,44000.0,16.5,2.55,4.0,100.0,32954.0,0.749,1.0,1.0,0.0,1.0,0.0,599.1540523623671,5.22625865726883,242.9572927013266
Frankley Services,Derby,18,12,3.0,66.66951808582333,84.55192318905712,0.49980000000000047,0.5462,52.4228,-2.0208,52.9226,-1.4746,1.3862943611198906,300.0,391.0,57.833333333333336,4.533333333333333,0.0,41333.333333333336,16.5,2.55,4.0,93.33333333333333,30677.666666666668,0.7436666666666666,1.0,0.3333333333333333,0.0,1.0,0.0,167.55956049581968,1.6114316761640322,68.11666639980628
Derby,Woodall Services,12,65,10.0,48.35557046177882,60.55308583970501,0.4031999999999982,0.27149999999999985,52.9226,-1.4746,53.3258,-1.2031,2.3978952727983707,391.0,391.0,60.330000000000005,1.3599999999999999,8.7,32600.0,13.85,2.525,3.84,77.5,22218.7,0.667,0.8,0.1,0.4,0.9,0.3,124.07512989000934,1.097795389234652,50.89175972883642
Wolverhampton,Manchester Central,64,37,2.0,99.77628202949292,132.08136810265825,0.8947000000000003,0.11370000000000013,52.5861,-2.1289,53.4808,-2.2426,1.0986122886681098,363.0,188.0,61.150000000000006,0.0,0.0,35000.0,14.25,2.525,3.9,82.5,18214.0,0.5525,1.0,0.0,0.0,1.0,0.0,261.7021045009624,2.3867559257014723,118.66154877279153
iPort Doncaster,Peterborough,67,44,1.0,114.77423582688833,138.3509726156938,0.9243999999999986,0.7637,53.4939,-1.0042,52.5695,-0.2405,0.6931471805599453,171.0,291.0,69.0,0.0,0.0,40000.0,16.5,2.55,4.0,90.0,32675.0,0.817,0.0,0.0,0.0,1.0,0.0,263.4862593646458,2.0048124534878387,118.03806153035472
Tamworth,Hopwood Park,55,21,4.0,40.079088901294696,51.189215485337606,0.2796999999999983,0.37339999999999995,52.6336,-1.691,52.3539,-2.0644,1.6094379124341003,449.0,295.0,59.925,0.0,0.0,35500.0,14.25,2.525,3.9,81.25,17870.0,0.49775,1.0,0.75,0.25,1.0,0.0,103.13434077108603,0.9780761572765209,45.58095637112736
Grimsby Port,Wetherby Services,20,63,5.0,95.38848833396048,122.7721183805298,0.36939999999999884,1.3097,53.575,-0.075,53.9444,-1.3847,1.791759469228055,143.0,280.0,66.2,8.08,5.4,40800.0,15.6,2.54,3.96,92.0,23248.6,0.5604,0.4,0.6,0.2,0.8,0.2,240.41601007738936,1.9669831785353225,103.72647009038675
Trafford Park DC,M62 J26 Chain Bar,60,34,5.0,51.84109791290969,64.34981535203418,0.2629000000000019,0.6487999999999998,53.4668,-2.3141,53.7297,-1.6653,1.791759469228055,141.0,309.0,61.44,0.0,0.0,35600.0,13.8,2.52,3.8800000000000003,81.0,19386.8,0.561,1.0,0.4,0.4,1.0,0.0,131.5920935084699,1.1697940857858797,55.94431491809907
iPort Doncaster,Sheffield Hub,67,50,5.0,33.31212470226402,41.08,0.1127999999999929,0.4659,53.4939,-1.0042,53.3811,-1.4701,1.791759469228055,171.0,164.0,61.96,11.419999999999998,11.4,30400.0,12.5,2.5100000000000002,3.78,71.0,18723.0,0.6245999999999999,0.0,0.2,0.4,1.0,0.2,88.35,0.664,35.682
Stafford,Magna Park DC,52,36,3.0,74.35017734228872,94.19551982071441,0.36940000000000595,0.9180999999999997,52.8066,-2.1167,52.4372,-1.1986,1.3862943611198906,411.0,153.0,63.36666666666667,0.0,5.333333333333333,25333.333333333332,12.166666666666666,2.5166666666666666,3.6666666666666665,63.333333333333336,14124.666666666666,0.5996666666666667,1.0,0.0,0.0,1.0,0.3333333333333333,186.28838779530338,1.6871737631023942,79.43769095241845
Chester,Leicester Forest East,9,26,4.0,132.39601634262112,165.59038480317915,0.5767999999999986,1.7271,53.1935,-2.8938,52.6167,-1.1667,1.6094379124341003,179.0,425.0,61.65,0.0,35.75,30000.0,12.625,2.5125,3.7750000000000004,71.25,17340.5,0.562,1.0,0.5,0.5,1.0,0.5,325.0261918695933,2.954619425902719,141.16920833708667
Preston,Leeds Central,46,25,3.0,75.93287538015413,97.44755275292016,0.03760000000000474,1.1540000000000001,53.7632,-2.7031,53.8008,-1.5491,1.3862943611198906,176.0,160.0,62.166666666666664,0.0,0.0,31333.333333333332,12.833333333333334,2.5166666666666666,3.766666666666667,73.33333333333333,18984.666666666668,0.634,0.0,0.3333333333333333,1.0,1.0,0.0,189.63949311557494,1.5722277457031766,82.01940345880546
Derby,London Gateway DC,12,29,1.0,204.13398576262648,266.39603958774,1.4140000000000015,1.9112999999999998,52.9226,-1.4746,51.5086,0.4367,0.6931471805599453,391.0,172.0,65.3,0.0,0.0,44000.0,16.5,2.55,4.0,100.0,20428.0,0.464,1.0,0.0,0.0,1.0,0.0,534.6971950835895,4.682742883378243,247.91321340360264
A1/A14 Junction,Stafford,1,52,2.0,136.69021189346387,164.37810778272845,0.47330000000000183,1.8666999999999998,52.3333,-0.25,52.8066,-2.1167,1.0986122886681098,259.0,411.0,61.05,11.4,0.0,22000.0,11.0,2.5,3.65,57.5,12278.0,0.5235,2.0,0.0,0.0,1.0,0.0,322.6748379763211,3.108918297751932,133.86864650833644
Northampton,Nottingham Hub,40,41,3.0,81.27809128972044,102.98752322549484,0.7143000000000015,0.25539999999999996,52.2405,-0.9027,52.9548,-1.1581,1.3862943611198906,363.0,178.0,64.96666666666665,0.0,11.0,36666.666666666664,15.0,2.533333333333333,3.9333333333333336,85.0,17393.666666666668,0.47866666666666663,1.0,0.3333333333333333,0.3333333333333333,1.0,0.6666666666666666,205.24256051055227,1.822843583202723,88.4225635041408
Northampton,A1/A14 Junction,40,1,2.0,45.57920222952711,58.888571802818305,0.09280000000000399,0.6527,52.2405,-0.9027,52.3333,-0.25,1.0986122886681098,363.0,259.0,60.550000000000004,21.4,0.0,38000.0,14.25,2.525,3.9,85.0,19247.0,0.509,1.5,0.0,0.5,0.5,0.0,116.093386610799,1.0858360805546194,47.15642466958714
Birmingham Central,M1/M6 Junction,2,30,7.0,47.176436636918076,59.348275161956494,0.0999000000000052,0.6779000000000002,52.4862,-1.8904,52.5861,-1.2125,2.0794415416798357,161.0,498.0,65.82857142857144,9.985714285714286,10.285714285714286,36285.71428571428,14.285714285714286,2.5285714285714285,3.8714285714285714,82.85714285714286,21356.14285714286,0.5885714285714286,0.8571428571428571,0.42857142857142855,0.42857142857142855,1.0,0.42857142857142855,123.96820224504172,0.9816185464793697,50.153600424124136
Oxford,Charnock Richard,43,8,1.0,230.32065932190415,282.649664940568,1.8787999999999982,1.4391999999999998,51.752,-1.2577,53.6308,-2.6969,0.6931471805599453,210.0,172.0,64.4,36.0,20.0,44000.0,16.5,2.55,4.0,100.0,17774.0,0.404,2.0,1.0,0.0,1.0,1.0,565.1568542842292,4.935500805670252,234.2444941965778
Oxford,Felixstowe Port,43,17,6.0,180.6050539005423,230.45868327221976,0.20469999999999544,2.6088,51.752,-1.2577,51.9567,1.3511,1.9459101490553132,210.0,160.0,61.81666666666666,19.55,4.666666666666667,33333.333333333336,13.5,2.516666666666667,3.8666666666666667,76.66666666666667,21754.833333333332,0.6646666666666667,1.0,0.3333333333333333,0.0,1.0,0.16666666666666666,472.3229936014406,4.1814353454845845,206.77420567952004
Wolverhampton,Omega Warrington,64,42,4.0,100.09867540200258,122.61819242674751,0.8429000000000002,0.5253000000000001,52.5861,-2.1289,53.429,-2.6542,1.6094379124341003,363.0,178.0,63.875,0.0,0.0,35500.0,14.25,2.525,3.9,81.25,22643.25,0.661,0.5,0.25,0.0,1.0,0.0,235.4252175590687,2.0327882860222313,97.30070064295506
Reading,M1/M6 Junction,48,30,4.0,126.86837755503166,156.63522918021366,1.1317999999999984,0.23439999999999994,51.4543,-0.9781,52.5861,-1.2125,1.6094379124341003,130.0,498.0,59.7,8.15,21.75,27500.0,12.625,2.5125,3.775,67.5,15457.0,0.5465,1.75,0.0,0.0,0.75,0.5,319.260886295492,3.00605388151818,137.15374055763948
Charnock Richard,Chester,8,9,1.0,50.3463229511167,62.39788606872905,0.43730000000000047,0.1969000000000003,53.6308,-2.6969,53.1935,-2.8938,0.6931471805599453,172.0,179.0,67.3,33.8,0.0,18000.0,10.0,2.5,3.5,50.0,7478.0,0.415,1.0,0.0,0.0,1.0,0.0,120.66927507033074,1.050082752668593,48.869866856615694
Trafford Park DC,Lancaster,60,24,4.0,72.00904423431739,90.44554948003909,0.5801000000000016,0.48690000000000033,53.4668,-2.3141,54.0469,-2.801,1.6094379124341003,141.0,125.0,62.5,1.325,0.0,23500.0,11.0,2.5,3.6500000000000004,58.75,12228.5,0.51175,0.25,0.0,0.0,1.0,0.0,173.8959669913581,1.5026273201183156,72.80696579830288
Northampton,Rugby,40,49,5.0,28.583754480873544,36.07213979667069,0.1303000000000054,0.36239999999999994,52.2405,-0.9027,52.3708,-1.2651,1.791759469228055,363.0,393.0,61.1,4.16,0.0,34800.0,13.8,2.52,3.8800000000000003,79.0,23293.2,0.6736000000000001,0.8,0.0,0.2,1.0,0.0,73.37790988038158,0.6602234211022415,31.492013537956677
Coventry,Nottingham Hub,10,41,4.0,65.62957753525293,86.34510491519566,0.5480000000000018,0.36160000000000014,52.4068,-1.5197,52.9548,-1.1581,1.6094379124341003,520.0,178.0,60.75000000000001,9.525,41.5,30000.0,12.625,2.5125,3.775,71.25,15725.0,0.50775,1.0,0.0,0.25,1.0,0.5,173.45508963406647,1.564240019208945,72.0489781951282
Carlisle,Newcastle Hub,7,39,4.0,84.85100531839517,106.16202336439943,0.08319999999999794,1.3204000000000002,54.8951,-2.9382,54.9783,-1.6178,1.6094379124341003,15.0,156.0,60.575,10.525,0.0,32000.0,13.75,2.525,3.825,76.25,19187.25,0.582,0.75,0.25,0.5,0.75,0.0,209.64814518991156,1.9718685783688774,90.7991213132498
Oxford,Swindon,43,54,8.0,42.10388373720331,53.227586711070316,0.1962000000000046,0.522,51.752,-1.2577,51.5558,-1.7797,2.1972245773362196,210.0,129.0,64.0,6.8375,2.25,36500.0,14.25,2.525,3.9000000000000004,81.25,26602.0,0.7261249999999999,1.375,0.25,0.375,1.0,0.125,108.39306266007434,0.9367542010364063,44.848893880473035
Rugby,Warrington,49,61,3.0,144.326752990281,179.9065488388823,1.0191999999999979,1.3319,52.3708,-1.2651,53.39,-2.597,1.3862943611198906,393.0,292.0,61.46666666666667,0.0,0.0,35333.333333333336,15.0,2.533333333333333,3.9333333333333336,81.66666666666667,23571.0,0.6663333333333333,1.0,0.0,0.6666666666666666,1.0,0.0,349.18041297656356,3.212046435795631,141.56597007465302
Chester,East Midlands Gateway,9,15,2.0,112.20546070466706,147.74452347366122,0.3622000000000014,1.5655000000000001,53.1935,-2.8938,52.8313,-1.3283,1.0986122886681098,179.0,178.0,58.5,19.85,11.0,25000.0,11.0,2.5,3.65,60.0,19575.5,0.7625,1.0,0.0,0.0,1.0,0.5,294.1336083244082,2.7879881662218375,122.93537001910698
Leeds Central,Leicester Forest East,25,26,2.0,134.1056416895348,172.30556630448015,1.1841000000000008,0.38239999999999985,53.8008,-1.5491,52.6167,-1.1667,1.0986122886681098,177.0,425.0,57.0,13.2,0.0,33000.0,14.25,2.525,3.9,77.5,18573.0,0.5905,0.0,0.0,0.0,1.0,0.0,344.6459242427421,3.0268721390186313,155.9143578390186
Newcastle Hub,Leicester Forest East,39,26,10.0,264.26271127697606,337.1583493282949,2.3615999999999957,0.45109999999999983,54.9783,-1.6178,52.6167,-1.1667,2.3978952727983707,174.0,425.0,61.15999999999999,0.27999999999999997,6.1,29800.0,12.75,2.515,3.7700000000000005,71.0,19356.2,0.6352,1.7,0.3,0.2,1.0,0.3,679.379885414043,6.283964353974488,285.109793491565
Leicester Forest East,Tilbury Port,26,58,1.0,166.07624247049938,223.3702719794488,1.1621999999999986,1.5251000000000001,52.6167,-1.1667,51.4545,0.3584,0.6931471805599453,425.0,183.0,64.7,0.0,0.0,40000.0,16.5,2.55,4.0,90.0,26325.0,0.658,1.0,0.0,1.0,1.0,0.0,437.8103641150752,3.7434202456818477,192.62405641517327
Charnock Richard,Newcastle Hub,8,39,3.0,165.38030635707923,202.71173300313498,1.3474999999999966,1.0791,53.6308,-2.6969,54.9783,-1.6178,1.3862943611198906,172.0,156.0,63.666666666666664,0.6333333333333333,38.0,28000.0,12.833333333333334,2.5166666666666666,3.766666666666667,68.33333333333333,20569.666666666668,0.751,1.3333333333333333,0.0,0.3333333333333333,1.0,0.6666666666666666,410.72769013793595,3.5295153255678318,176.06892048570668
Knutsford Services,M1/M6 Junction,23,30,3.0,112.99396197687763,142.81000995136307,0.7128000000000014,1.2019000000000002,53.2989,-2.4144,52.5861,-1.2125,1.3862943611198906,242.0,498.0,66.66666666666666,18.733333333333334,35.333333333333336,34000.0,13.5,2.5166666666666666,3.8666666666666667,78.33333333333333,21302.0,0.6103333333333333,1.3333333333333333,0.0,0.0,1.0,0.3333333333333333,277.41889734921546,2.396059693358815,117.40079379285596
Hopwood Park,Cambridge,21,5,1.0,149.63665491635854,201.96302050150163,0.14860000000000184,2.1862,52.3539,-2.0644,52.2053,0.1218,0.6931471805599453,295.0,115.0,65.1,36.5,106.0,26000.0,12.0,2.5,3.8,65.0,11813.0,0.454,2.0,0.0,0.0,1.0,1.0,395.1041599637563,3.5748180319981464,167.21818716667056
Cambridge,Tilbury Port,5,58,2.0,85.05359903323445,106.45032376863367,0.7507999999999981,0.23659999999999998,52.2053,0.1218,51.4545,0.3584,1.0986122886681098,115.0,183.0,61.699999999999996,18.25,53.0,29000.0,12.0,2.5,3.8,67.5,20301.0,0.677,2.0,0.0,0.5,1.0,0.5,210.00161705556008,1.9834187366108407,87.83601805729663
Teesport,Carlisle,56,7,4.0,117.2601586608411,150.1776266267283,0.27179999999999893,1.7659000000000002,54.6233,-1.1723,54.8951,-2.9382,1.6094379124341003,166.0,15.0,66.6,0.0,0.0,23500.0,11.625,2.5125,3.625,60.0,12657.5,0.51125,0.25,0.0,0.25,1.0,0.0,289.1835484287882,2.3503686787804616,127.90254164828622
Carlisle,Edinburgh Hub,7,16,4.0,118.72007519488123,152.04737337327168,1.0581999999999994,0.25009999999999977,54.8951,-2.9382,55.9533,-3.1883,1.6094379124341003,15.0,153.0,66.6,0.0,0.0,23500.0,11.625,2.5125,3.625,60.0,12657.5,0.51125,0.25,0.0,0.25,1.0,0.0,292.7839515712118,2.379631321219539,129.4949583517138
Nottingham Hub,Knutsford Services,41,23,1.0,92.14105840901746,116.8344531861185,0.3441000000000045,1.2563000000000002,52.9548,-1.1581,53.2989,-2.4144,0.6931471805599453,154.0,242.0,69.3,12.3,28.0,40000.0,16.5,2.55,4.0,90.0,28549.0,0.714,1.0,0.0,0.0,1.0,1.0,224.76386292430377,1.9501903576356037,96.30967299749986
Knutsford Services,Teesport,23,56,1.0,168.1910829360021,213.26554681388157,1.3243999999999971,1.2421000000000002,53.2989,-2.4144,54.6233,-1.1723,0.6931471805599453,242.0,157.0,69.3,12.3,28.0,40000.0,16.5,2.55,4.0,90.0,28549.0,0.714,1.0,0.0,0.0,1.0,1.0,410.2761370756963,3.559809642364397,175.80032700250018
Wolverhampton,iPort Doncaster,64,67,3.0,125.8679086855834,167.87598038386884,0.9077999999999946,1.1246999999999998,52.5861,-2.1289,53.4939,-1.0042,1.3862943611198906,363.0,175.0,66.8,0.0,0.0,30666.666666666668,13.5,2.5166666666666666,3.8666666666666667,73.33333333333333,21452.666666666668,0.7356666666666666,1.0,0.3333333333333333,0.3333333333333333,0.6666666666666666,0.0,332.4841492096282,2.768808887590452,150.0337172264506
Milton Keynes,London Central,38,28,7.0,73.50901665387367,92.84369210005971,0.5332000000000008,0.6315999999999999,52.0406,-0.7594,51.5074,-0.1278,2.0794415416798357,277.0,156.0,58.699999999999996,12.442857142857141,3.0,30857.14285714286,13.357142857142858,2.5214285714285714,3.8000000000000003,74.28571428571429,20273.85714285714,0.6634285714285715,1.2857142857142858,0.14285714285714285,0.0,1.0,0.14285714285714285,213.85954397677733,1.800757364165123,79.34779567249531
Derby,Leicester Forest East,12,26,4.0,39.82533763525353,50.122308562228326,0.30590000000000117,0.30789999999999984,52.9226,-1.4746,52.6167,-1.1667,1.6094379124341003,391.0,425.0,61.74999999999999,8.95,0.0,42000.0,16.5,2.55,4.0,95.0,27939.25,0.6755,0.75,0.25,0.5,1.0,0.0,102.12467414364122,0.8810077967950477,43.78862479094197
Southampton Port,Leicester Forest East,51,26,4.0,192.01505837379852,236.22314153714086,1.7210000000000036,0.22909999999999986,50.8957,-1.3958,52.6167,-1.1667,1.6094379124341003,171.0,425.0,60.224999999999994,8.825,0.0,25500.0,11.5,2.5,3.7249999999999996,62.5,18473.75,0.70275,1.0,0.25,0.25,0.75,0.0,470.7195203553905,4.404683638846838,207.21727697876324
Warrington,Newcastle Hub,61,39,11.0,187.7482157623413,231.89954150151814,1.5882999999999967,0.9792000000000001,53.39,-2.597,54.9783,-1.6178,2.4849066497880004,292.0,156.0,61.07272727272728,7.0,5.818181818181818,33272.72727272727,13.909090909090908,2.5272727272727273,3.8272727272727276,79.0909090909091,23198.18181818182,0.6922727272727273,1.7272727272727273,0.09090909090909091,0.5454545454545454,0.9090909090909091,0.18181818181818182,462.9359760665054,4.329292917545716,191.0324997434389
DIRFT Daventry,A1/A14 Junction,11,1,5.0,62.49823929425266,78.72906020966927,0.0759000000000043,0.9106000000000001,52.2574,-1.1606,52.3333,-0.25,1.791759469228055,163.0,259.0,56.4,13.040000000000001,0.0,32000.0,13.9,2.53,3.8,76.0,23433.6,0.7444000000000001,1.8,0.0,0.0,1.0,0.0,158.1296398050803,1.5841797456721474,68.46592897484568
A1/A14 Junction,Woodall Services,1,65,5.0,127.58903239385822,159.85996757085059,0.9924999999999997,0.9531000000000001,52.3333,-0.25,53.3258,-1.2031,1.791759469228055,259.0,391.0,56.36,21.599999999999998,0.0,37200.0,15.2,2.54,3.9,86.0,24815.0,0.6786,2.0,0.0,0.0,0.8,0.0,321.2372150639848,3.1921892991385485,136.68232397695928
Rugby,Chester,49,9,3.0,142.70888673007394,178.26830797521544,0.8226999999999975,1.6287000000000003,52.3708,-1.2651,53.1935,-2.8938,1.3862943611198906,393.0,179.0,64.1,4.933333333333334,10.333333333333334,34000.0,14.333333333333334,2.533333333333333,3.8333333333333335,80.0,19730.0,0.5489999999999999,1.0,0.0,0.6666666666666666,1.0,0.3333333333333333,386.8070301501712,3.166241367414708,148.94712911500176
Chester,Leeds Central,9,25,4.0,111.67300730301018,137.81464784446604,0.6073000000000022,1.3447000000000002,53.1935,-2.8938,53.8008,-1.5491,1.6094379124341003,179.0,160.0,63.05,3.7,7.75,35500.0,14.875,2.5374999999999996,3.875,82.5,19429.25,0.5275,1.0,0.0,0.75,1.0,0.25,292.6001272282999,2.4610533122166776,114.99564791977748
Lancaster,A1 Scotch Corner,24,0,3.0,83.96651301754046,104.64071677432241,0.3564000000000007,1.1388000000000003,54.0469,-2.801,54.4033,-1.6622,1.3862943611198906,125.0,49.0,63.06666666666666,0.0,4.0,30000.0,12.833333333333334,2.5166666666666666,3.766666666666667,70.0,24356.0,0.7696666666666667,1.6666666666666667,0.0,0.3333333333333333,1.0,0.3333333333333333,208.85528343924366,1.9031332778894894,93.69232612982593
A1 Scotch Corner,Glasgow Central,0,19,8.0,231.23880205302046,297.9157959802784,1.4608999999999952,2.5896000000000003,54.4033,-1.6622,55.8642,-4.2518,2.1972245773362196,49.0,169.0,60.725,0.0,8.0,30250.0,12.9375,2.5187500000000003,3.7625,71.25,20446.5,0.641,1.875,0.125,0.25,1.0,0.375,594.1125055941773,5.62619245138807,261.1630545447973
Stoke-on-Trent,Hopwood Park,53,21,4.0,72.55872703438986,90.95960447324066,0.6487999999999943,0.11499999999999977,53.0027,-2.1794,52.3539,-2.0644,1.6094379124341003,375.0,295.0,62.375,0.85,0.0,34500.0,13.75,2.525,3.825,80.0,23174.5,0.6385,1.0,0.25,0.25,1.0,0.0,180.16517763354847,1.6173152130343071,76.80795712621918
Glasgow Central,Lancaster,19,24,7.0,222.2828609716848,268.89897150263863,1.817299999999996,1.4508,55.8642,-4.2518,54.0469,-2.801,2.0794415416798357,155.0,125.0,61.98571428571429,4.528571428571429,7.0,30000.0,13.071428571428571,2.521428571428572,3.757142857142857,71.42857142857143,20666.85714285714,0.6658571428571428,1.2857142857142858,0.2857142857142857,0.14285714285714285,1.0,0.2857142857142857,530.7633858177936,4.851772237089653,232.61786795428625
Northampton,East Midlands Gateway,40,15,15.0,71.72369270648197,90.17411922138972,0.5908000000000015,0.4256000000000001,52.2405,-0.9027,52.8313,-1.3283,2.772588722239781,363.0,178.0,62.966666666666676,8.580000000000002,1.8,31200.0,13.266666666666667,2.52,3.8,74.66666666666667,19631.666666666668,0.5985999999999999,1.0,0.2,0.3333333333333333,0.8666666666666667,0.13333333333333333,185.94840872830338,1.6270683341702428,75.34015657467758
M25 J15 (M4),Watford Gap,31,62,4.0,101.76573443852004,129.419472190179,0.8331000000000017,0.6139000000000001,51.4736,-0.5083,52.3067,-1.1222,1.6094379124341003,96.0,391.0,61.14999999999999,10.15,0.0,34500.0,13.75,2.525,3.825,80.0,23236.0,0.6705,1.25,0.25,0.25,0.75,0.0,268.193304750714,2.4370903927313035,116.1886406645616
Knutsford Services,Nottingham Hub,23,41,1.0,92.14105840901746,110.20025519484295,0.3441000000000045,1.2563000000000002,53.2989,-2.4144,52.9548,-1.1581,0.6931471805599453,242.0,178.0,65.9,0.0,0.0,18000.0,10.0,2.5,3.5,50.0,15107.0,0.839,1.0,1.0,0.0,1.0,0.0,221.14484544670367,1.9140044323314829,100.52712168329563
Stafford,M62 J26 Chain Bar,52,34,1.0,106.94323100031073,141.4964272190537,0.923099999999998,0.4513999999999998,52.8066,-2.1167,53.7297,-1.6653,0.6931471805599453,411.0,309.0,60.3,0.0,0.0,44000.0,16.5,2.55,4.0,100.0,37154.0,0.844,1.0,0.0,0.0,1.0,0.0,280.5001937257619,2.6703982587909647,121.74588425306078
Peterborough,ProLogis Park DC,44,47,1.0,104.14123324457316,138.12003602908342,0.06639999999999446,1.5359,52.5695,-0.2405,52.5031,-1.7764,0.6931471805599453,291.0,156.0,55.6,0.0,25.0,44000.0,16.5,2.55,4.0,100.0,31824.0,0.723,2.0,1.0,1.0,1.0,1.0,281.4585252783315,2.8133124593149823,124.44847860199114
M62 J26 Chain Bar,Lancaster,34,24,3.0,82.36032710336899,99.27389122403518,0.3171999999999997,1.1357000000000002,53.7297,-1.6653,54.0469,-2.801,1.3862943611198906,309.0,125.0,65.0,12.633333333333333,0.0,32000.0,13.5,2.5166666666666666,3.8666666666666667,76.66666666666667,19485.666666666668,0.6333333333333333,1.0,0.3333333333333333,0.6666666666666666,1.0,0.0,191.78621131406803,1.6970999153726514,78.9308665363818
Cardiff Bay,Leicester Forest East,6,26,3.0,186.7184155872715,226.87700407975555,1.1351000000000013,2.0124,51.4816,-3.1791,52.6167,-1.1667,1.3862943611198906,186.0,425.0,62.06666666666666,0.0,3.3333333333333335,36000.0,13.5,2.5166666666666666,3.8666666666666667,80.0,20342.666666666668,0.5703333333333334,1.0,0.3333333333333333,0.3333333333333333,1.0,0.3333333333333333,447.9255993875823,4.03251789229527,190.23523953218628
Leicester Forest East,Teesport,26,56,2.0,223.12435348308838,274.35769622788837,2.006599999999999,0.005599999999999827,52.6167,-1.1667,54.6233,-1.1723,1.0986122886681098,425.0,157.0,63.6,0.0,0.0,38000.0,14.25,2.525,3.9,85.0,18920.0,0.493,1.0,0.5,0.5,1.0,0.0,543.7394437634007,4.7255180142039315,237.89553390054868
Chester,M6 J10 Walsall,9,33,2.0,89.01144661656932,109.57940802451475,0.5801999999999978,0.9144000000000001,53.1935,-2.8938,52.6133,-1.9794,1.0986122886681098,179.0,302.0,59.55,15.5,0.0,25000.0,11.0,2.5,3.65,60.0,21006.0,0.8089999999999999,0.5,1.0,0.0,1.0,0.0,214.0522778029238,1.9944342858363093,90.597763561334
M1/M6 Junction,DIRFT Daventry,30,11,2.0,36.718874039040955,46.11893087189209,0.3287000000000049,0.051899999999999835,52.5861,-1.2125,52.2574,-1.1606,1.0986122886681098,498.0,168.0,61.95,11.100000000000001,10.5,22000.0,11.0,2.5,3.65,57.5,12009.0,0.5695,0.5,0.5,0.5,1.0,0.5,90.92478484297902,0.8107495915388131,40.328543842512005
Doncaster iPort,Derby,13,12,9.0,70.5279302278977,88.93991806241411,0.5805000000000007,0.42679999999999985,53.5031,-1.0478,52.9226,-1.4746,2.302585092994046,200.0,391.0,60.099999999999994,6.6000000000000005,5.777777777777778,36222.22222222222,14.277777777777779,2.527777777777778,3.8777777777777778,82.22222222222223,23930.777777777777,0.6494444444444443,1.3333333333333333,0.1111111111111111,0.0,1.0,0.2222222222222222,175.7721966557075,1.6500292335300821,75.97461891185378
Watford Gap,Hopwood Park,62,21,1.0,64.23891821919044,78.80543379800768,0.04720000000000368,0.9421999999999999,52.3067,-1.1222,52.3539,-2.0644,0.6931471805599453,391.0,295.0,61.0,0.0,28.0,44000.0,16.5,2.55,4.0,100.0,18846.0,0.428,1.0,0.0,0.0,1.0,1.0,154.41638865499203,1.4241090109509273,65.11125837100823
Trafford Park DC,M6 J10 Walsall,60,33,1.0,97.50706893481707,130.14423868136254,0.8534999999999968,0.3346999999999998,53.4668,-2.3141,52.6133,-1.9794,0.6931471805599453,141.0,302.0,56.0,0.0,0.0,18000.0,10.0,2.5,3.5,50.0,11699.0,0.65,0.0,0.0,0.0,1.0,0.0,260.9867302270143,2.321901090889209,114.44616826252462
iPort Doncaster,Hull Port,67,22,4.0,52.585553292368786,63.150000000000006,0.2394000000000034,0.6875,53.4939,-1.0042,53.7333,-0.3167,1.6094379124341003,171.0,151.0,63.875,0.0,0.0,24000.0,11.5,2.5,3.7249999999999996,61.25,13599.5,0.5542500000000001,0.0,0.25,0.25,0.75,0.0,129.33,0.9925,53.7625
Derby,A1 Scotch Corner,12,0,4.0,165.10969514992206,219.95992217038017,1.4806999999999988,0.1876,52.9226,-1.4746,54.4033,-1.6622,1.6094379124341003,391.0,49.0,60.349999999999994,0.0,13.0,33500.0,13.75,2.525,3.825,77.5,20724.25,0.599,2.0,0.25,0.0,1.0,0.5,436.8846644186939,4.186302630639295,189.88131566626626
London Gateway DC,Peterborough,29,44,8.0,126.73323290164045,157.3047239644108,1.0608999999999966,0.6772,51.5086,0.4367,52.5695,-0.2405,2.1972245773362196,153.0,291.0,59.3375,7.05,8.375,27750.0,12.6875,2.51875,3.725,68.125,18173.25,0.699625,1.5,0.25,0.0,1.0,0.25,330.026311743132,2.9686691969652443,133.2772614005156
Preston,Stafford,46,52,4.0,113.28616991485858,146.35964938742677,0.9565999999999946,0.5864000000000003,53.7632,-2.7031,52.8066,-2.1167,1.6094379124341003,176.0,411.0,59.275000000000006,0.0,13.5,37500.0,15.375,2.5374999999999996,3.95,86.25,26078.0,0.68625,1.0,0.5,0.25,1.0,0.5,292.39966808473974,2.7469768932478895,122.99052996707991
Cambridge,Coventry,5,10,7.0,113.8289759366305,141.41165570042006,0.2014999999999958,1.6415,52.2053,0.1218,52.4068,-1.5197,2.0794415416798357,115.0,520.0,65.27142857142857,6.9142857142857155,7.714285714285714,36000.0,14.285714285714286,2.5285714285714285,3.8714285714285714,83.57142857142857,26732.714285714286,0.7430000000000001,1.7142857142857142,0.14285714285714285,0.5714285714285714,1.0,0.2857142857142857,287.5398667407233,2.4796170755799616,118.7968189671996
Magna Park DC,Tibshelf Services,36,57,1.0,78.90295867944697,91.37107235454874,0.704500000000003,0.14029999999999987,52.4372,-1.1986,53.1417,-1.3389,0.6931471805599453,149.0,547.0,65.8,12.8,0.0,44000.0,16.5,2.55,4.0,100.0,28420.0,0.646,1.0,1.0,0.0,1.0,0.0,179.1217472588587,1.5246641240114185,79.08492637544603
Tibshelf Services,Peterborough,57,44,1.0,97.40028391842218,126.04976485527003,0.5722000000000023,1.0984,53.1417,-1.3389,52.5695,-0.2405,0.6931471805599453,547.0,291.0,61.1,0.0,0.0,40000.0,16.5,2.55,4.0,90.0,19320.0,0.483,2.0,0.0,0.0,1.0,0.0,248.69174574243198,2.381624581202726,108.53069590201609
Milton Keynes,London Gateway DC,38,29,2.0,101.34803171439528,119.26744060901936,0.5319999999999965,1.1961,52.0406,-0.7594,51.5086,0.4367,1.0986122886681098,277.0,172.0,66.4,7.55,0.0,38000.0,14.25,2.525,3.9,85.0,20877.5,0.5505,1.0,0.0,0.5,1.0,0.0,244.5569253974638,2.045376304513792,90.8016696650848
Wolverhampton,Bristol DC,64,3,3.0,129.68830708021295,161.65261461256785,1.1315999999999988,0.4590000000000001,52.5861,-2.1289,51.4545,-2.5879,1.3862943611198906,363.0,175.0,62.800000000000004,15.266666666666666,0.0,25333.333333333332,11.333333333333334,2.5,3.6999999999999997,61.666666666666664,19018.666666666668,0.7513333333333333,1.0,0.0,0.0,1.0,0.0,337.239979969172,2.9587368189615226,127.00331114231967
Milton Keynes,DIRFT Daventry,38,11,3.0,36.475789459537744,45.039587980993986,0.21679999999999922,0.4012000000000001,52.0406,-0.7594,52.2574,-1.1606,1.3862943611198906,277.0,168.0,61.76666666666667,23.46666666666667,7.666666666666667,30000.0,12.0,2.5,3.7999999999999994,68.33333333333333,15687.0,0.5163333333333333,0.3333333333333333,0.3333333333333333,0.0,1.0,0.3333333333333333,87.55366447412791,0.7570224590525073,37.34078842323269
Chester,Newcastle Hub,9,39,8.0,215.19600888960397,271.3690417714707,1.784799999999997,1.2760000000000002,53.1935,-2.8938,54.9783,-1.6178,2.1972245773362196,179.0,156.0,62.599999999999994,17.4125,15.5,33250.0,14.0,2.525,3.8625000000000003,77.5,19790.0,0.5986250000000001,2.0,0.0,0.375,1.0,0.25,538.4548902455492,4.939800305394664,226.70948807607914
Manchester Central,Leeds Central,37,25,6.0,57.93152479062815,73.5,0.3200000000000003,0.6935,53.4808,-2.2426,53.8008,-1.5491,1.9459101490553132,163.0,160.0,63.43333333333333,0.0,0.0,33333.333333333336,13.5,2.516666666666667,3.8666666666666667,76.66666666666667,18685.666666666668,0.5741666666666667,0.0,0.16666666666666666,0.6666666666666666,0.8333333333333334,0.0,147.57333333333335,1.1600000000000001,60.123333333333335
Charnock Richard,Hopwood Park,8,21,3.0,148.1600587546739,176.5950349405151,1.2768999999999977,0.6324999999999998,53.6308,-2.6969,52.3539,-2.0644,1.3862943611198906,172.0,295.0,58.4,0.0,0.0,32000.0,13.5,2.5166666666666666,3.8666666666666667,76.66666666666667,18058.333333333332,0.5743333333333333,1.0,0.0,0.0,1.0,0.0,363.82480264459537,3.3592739047737723,145.68567913134177
Tamworth,M62 J26 Chain Bar,55,34,1.0,121.8929563363852,147.37253765907056,1.0960999999999999,0.025700000000000056,52.6336,-1.691,53.7297,-1.6653,0.6931471805599453,449.0,309.0,59.2,0.0,0.0,40000.0,16.5,2.55,4.0,90.0,27487.0,0.687,1.0,0.0,0.0,1.0,0.0,296.42650695586207,2.715467136854137,133.81917960956238
Frankley Services,Southampton Port,18,51,6.0,175.1914203046234,215.6221872252518,1.5271000000000043,0.625,52.4228,-2.0208,50.8957,-1.3958,1.9459101490553132,300.0,166.0,62.449999999999996,4.716666666666666,5.166666666666667,30666.666666666668,13.166666666666666,2.5166666666666666,3.816666666666667,74.16666666666667,18099.333333333332,0.6161666666666666,1.0,0.0,0.16666666666666666,1.0,0.3333333333333333,427.8659771015082,3.903815543625633,183.55850799205567
Chester,Bristol DC,9,3,5.0,194.48208896308623,248.2610301021178,1.7389999999999972,0.3059000000000003,53.1935,-2.8938,51.4545,-2.5879,1.791759469228055,179.0,175.0,61.379999999999995,3.96,22.8,28400.0,13.0,2.5200000000000005,3.7600000000000002,69.0,17589.2,0.628,2.6,0.6,0.2,1.0,0.2,513.5053480689767,4.685926377506209,212.54074235202498
Stoke-on-Trent,Sheffield Hub,53,50,4.0,63.27170839344048,79.44328410888262,0.3784000000000063,0.7092999999999998,53.0027,-2.1794,53.3811,-1.4701,1.6094379124341003,375.0,164.0,61.64999999999999,0.0,16.5,30000.0,12.625,2.5125,3.7750000000000004,71.25,20061.5,0.64875,1.0,0.25,0.25,1.0,0.5,162.49903451374098,1.4406744768735957,66.71889290748908
Teesport,Chester,56,9,3.0,194.90302081800994,245.62135867695983,1.4298000000000002,1.7215000000000003,54.6233,-1.1723,53.1935,-2.8938,1.3862943611198906,166.0,179.0,62.300000000000004,6.3,0.0,37333.333333333336,15.0,2.533333333333333,3.9333333333333336,83.33333333333333,29101.666666666668,0.7866666666666666,1.0,0.6666666666666666,0.3333333333333333,1.0,0.0,523.9814884550972,4.43967260127197,207.7327017063955
Chester,ProLogis Park DC,9,47,1.0,107.34802110948624,141.10577920531898,0.6903999999999968,1.1174000000000002,53.1935,-2.8938,52.5031,-1.7764,0.6931471805599453,179.0,156.0,67.3,18.9,0.0,40000.0,16.5,2.55,4.0,90.0,35351.0,0.884,1.0,1.0,0.0,1.0,0.0,283.6641701321324,2.3653775220423467,126.56545551877036
Stoke-on-Trent,Wetherby Services,53,63,4.0,117.17732555233225,145.90117219551564,0.9417000000000044,0.7946999999999997,53.0027,-2.1794,53.9444,-1.3847,1.6094379124341003,375.0,280.0,61.825,6.05,6.75,28500.0,12.625,2.5125,3.7750000000000004,70.0,18588.5,0.647,1.5,0.25,0.25,1.0,0.25,290.13310522778653,2.6727562829134195,127.02717684711715
Wetherby Services,Edinburgh Hub,63,16,8.0,251.3049405071836,315.45687860248887,2.008899999999997,1.8035999999999999,53.9444,-1.3847,55.9533,-3.1883,2.1972245773362196,280.0,153.0,60.91250000000001,5.9,7.5,26000.0,11.8125,2.50625,3.7125000000000004,64.375,17613.125,0.664375,1.875,0.25,0.375,1.0,0.25,625.9757434146195,5.858745870123964,271.6099791190212
A1/A14 Junction,Edinburgh Hub,1,16,3.0,445.6085821321082,562.0044810291034,3.6199999999999974,2.9383,52.3333,-0.25,55.9533,-3.1883,1.3862943611198906,259.0,153.0,64.06666666666666,4.233333333333333,17.666666666666668,34000.0,13.5,2.5166666666666666,3.8666666666666667,78.33333333333333,21953.333333333332,0.6176666666666667,2.6666666666666665,0.0,0.6666666666666666,1.0,0.3333333333333333,1103.4150000153934,10.15909964725818,480.4338600828773
Stoke-on-Trent,iPort Doncaster,53,67,3.0,95.37580714174062,115.07372489551226,0.4911999999999992,1.1751999999999998,53.0027,-2.1794,53.4939,-1.0042,1.3862943611198906,375.0,175.0,63.26666666666667,1.1333333333333333,13.333333333333334,32666.666666666668,13.5,2.5166666666666666,3.8666666666666667,75.0,23711.0,0.7276666666666666,0.6666666666666666,0.6666666666666666,0.3333333333333333,1.0,0.6666666666666666,246.5529554382886,2.0096239329656256,98.75364454649183
Tamworth,Hull Port,55,22,1.0,152.76404773963657,197.18912961941027,1.0996999999999986,1.3743,52.6336,-1.691,53.7333,-0.3167,0.6931471805599453,449.0,151.0,55.7,9.8,0.0,32000.0,12.0,2.5,3.8,70.0,21765.0,0.68,1.0,0.0,0.0,1.0,0.0,444.6597140082304,3.870191325488875,180.43160016883988
Wolverhampton,Toddington Services,64,59,1.0,129.67477819359627,171.13476477370162,0.6332999999999984,1.6002999999999998,52.5861,-2.1289,51.9528,-0.5286,0.6931471805599453,363.0,111.0,64.3,0.0,0.0,40000.0,16.5,2.55,4.0,90.0,22103.0,0.553,2.0,1.0,1.0,1.0,0.0,340.0092159474942,3.0053714700509837,153.93444105993456
Toddington Services,Chester,59,9,1.0,211.12157674926186,278.6219639542992,1.2406999999999968,2.3652,51.9528,-0.5286,53.1935,-2.8938,0.6931471805599453,111.0,179.0,64.3,0.0,0.0,40000.0,16.5,2.55,4.0,90.0,22103.0,0.553,2.0,1.0,1.0,1.0,0.0,553.5639449712213,4.893000568908967,250.61837286562323
Chester,Sheffield Hub,9,50,1.0,96.90720624965971,127.89065211781545,0.18760000000000332,1.4237000000000002,53.1935,-2.8938,53.3811,-1.4701,0.6931471805599453,179.0,164.0,64.3,0.0,0.0,40000.0,16.5,2.55,4.0,90.0,22103.0,0.553,2.0,1.0,1.0,1.0,0.0,254.0921501898975,2.2459429425070425,115.03668513279035
Bristol DC,Cardiff Bay,3,6,3.0,41.06248565177571,51.366666666666674,0.027099999999997237,0.5912000000000002,51.4545,-2.5879,51.4816,-3.1791,1.3862943611198906,160.0,183.0,63.1,0.0,0.0,36666.666666666664,15.0,2.533333333333333,3.9333333333333336,85.0,24577.666666666668,0.694,0.0,0.0,0.6666666666666666,1.0,0.0,157.83666666666667,0.8233333333333333,44.666666666666664
Chester,Manchester Central,9,37,3.0,53.75805175245606,70.05505792462039,0.2873000000000019,0.6512000000000002,53.1935,-2.8938,53.4808,-2.2426,1.3862943611198906,179.0,188.0,63.300000000000004,0.0,7.666666666666667,38000.0,15.0,2.533333333333333,3.9333333333333336,88.33333333333333,26502.666666666668,0.7080000000000001,1.0,0.3333333333333333,0.6666666666666666,1.0,0.3333333333333333,136.86928979604792,1.2239469435844992,58.467418824228425
Doncaster iPort,M1/M6 Junction,13,30,2.0,102.55851727067548,131.50464761313916,0.9170000000000016,0.16469999999999985,53.5031,-1.0478,52.5861,-1.2125,1.0986122886681098,200.0,498.0,66.55000000000001,23.15,0.0,25000.0,11.0,2.5,3.65,60.0,17056.0,0.7025,1.0,0.5,0.0,1.0,0.0,255.75887160776324,2.1558529039627987,111.6082192947231
Dover Port,Coventry,14,10,5.0,241.28178011743407,303.612138289002,1.2789000000000001,2.8331,51.1279,1.3134,52.4068,-1.5197,1.791759469228055,168.0,520.0,61.25999999999999,5.5600000000000005,0.0,33600.0,13.8,2.52,3.88,78.0,24432.8,0.7448,1.0,0.2,0.4,0.8,0.0,595.0913276523183,5.452759650019793,247.86640037521823
Coventry,Hull Port,10,22,1.0,167.97063355346276,208.7051030336044,1.326500000000003,1.203,52.4068,-1.5197,53.7333,-0.3167,0.6931471805599453,520.0,151.0,59.8,0.0,0.0,44000.0,16.5,2.55,4.0,100.0,31665.0,0.72,1.0,1.0,1.0,0.0,0.0,410.3056134742655,3.800608169304182,165.38802029188048
A1/A14 Junction,Bristol DC,1,3,4.0,187.8321184204238,235.7690845033019,0.8787999999999982,2.3379,52.3333,-0.25,51.4545,-2.5879,1.6094379124341003,259.0,175.0,59.825,4.35,0.0,37000.0,14.25,2.525,3.9000000000000004,82.5,27948.5,0.75075,2.0,0.5,0.5,1.0,0.0,501.19445721707154,4.523807842478476,198.61689014957688
Southampton Port,Toddington Services,51,59,3.0,132.02799016437808,172.07977256900426,1.0571000000000055,0.8672,50.8957,-1.3958,51.9528,-0.5286,1.3862943611198906,171.0,111.0,59.36666666666667,0.0,0.0,29333.333333333332,12.833333333333334,2.5166666666666666,3.766666666666667,71.66666666666667,18646.0,0.5766666666666667,1.0,0.0,0.3333333333333333,1.0,0.0,331.68932801449904,3.1525268081803604,133.0298235805387
Toddington Services,Coventry,59,10,3.0,84.3495353783593,109.93766432510184,0.4539999999999935,0.9911000000000001,51.9528,-0.5286,52.4068,-1.5197,1.3862943611198906,111.0,520.0,59.36666666666667,0.0,0.0,29333.333333333332,12.833333333333334,2.5166666666666666,3.766666666666667,71.66666666666667,18646.0,0.5766666666666667,1.0,0.0,0.3333333333333333,1.0,0.0,211.90840421906077,2.0140742217371166,84.9895828643087
Peterborough,East Midlands Gateway,44,15,2.0,78.86665951010156,101.29516261110413,0.2618000000000009,1.0878,52.5695,-0.2405,52.8313,-1.3283,1.0986122886681098,291.0,178.0,58.8,0.0,0.0,22000.0,11.0,2.5,3.65,57.5,10449.0,0.46699999999999997,1.0,0.0,0.0,1.0,0.0,196.39950320845128,1.8737379260463927,78.58064307672639
Doncaster iPort,iPort Doncaster,13,67,7.0,3.059934467590765,3.7571428571428567,0.00920000000000698,0.04360000000000008,53.5031,-1.0478,53.4939,-1.0042,2.0794415416798357,200.0,175.0,59.40000000000001,0.0,3.857142857142857,28571.428571428572,12.428571428571429,2.5142857142857147,3.7285714285714286,69.28571428571429,16850.571428571428,0.6081428571428571,0.0,0.2857142857142857,0.2857142857142857,1.0,0.14285714285714285,17.22142857142857,0.06142857142857143,3.2914285714285714
Trafford Park DC,Leeds Central,60,25,7.0,62.63601231376999,75.34285714285716,0.3340000000000032,0.7649999999999999,53.4668,-2.3141,53.8008,-1.5491,2.0794415416798357,141.0,160.0,63.24285714285714,2.4285714285714284,0.0,33714.28571428572,13.285714285714286,2.5142857142857147,3.857142857142857,77.14285714285714,22519.0,0.6817142857142857,0.0,0.14285714285714285,0.14285714285714285,1.0,0.0,152.26285714285714,1.2014285714285715,63.42714285714286
Stafford,iPort Doncaster,52,67,1.0,106.50822809136218,141.43960021155036,0.6872999999999934,1.1124999999999998,52.8066,-2.1167,53.4939,-1.0042,0.6931471805599453,411.0,175.0,60.9,0.0,0.0,40000.0,16.5,2.55,4.0,90.0,25810.0,0.645,0.0,0.0,0.0,1.0,0.0,278.6425554977201,2.322793742872801,128.18440868825513
iPort Doncaster,Doncaster iPort,67,13,5.0,3.059934467590765,3.7,0.00920000000000698,0.04360000000000008,53.4939,-1.0042,53.5031,-1.0478,1.791759469228055,171.0,169.0,58.65999999999999,4.9399999999999995,0.0,24800.0,11.7,2.5100000000000002,3.66,63.0,14498.0,0.5833999999999999,0.0,0.2,0.0,1.0,0.0,17.072000000000003,0.062,3.1799999999999997
Derby,Leeds Central,12,25,3.0,97.77655788961471,123.91647413215172,0.8781999999999996,0.07450000000000001,52.9226,-1.4746,53.8008,-1.5491,1.3862943611198906,391.0,160.0,59.06666666666666,23.599999999999998,3.6666666666666665,35333.333333333336,15.0,2.533333333333333,3.9333333333333336,81.66666666666667,19868.0,0.5573333333333333,0.0,0.3333333333333333,1.0,1.0,0.3333333333333333,275.675217303314,2.1045727112654067,106.83563966133478
M1/M6 Junction,Southampton Port,30,51,3.0,188.3872284182411,238.9112389050572,1.690400000000004,0.18330000000000002,52.5861,-1.2125,50.8957,-1.3958,1.3862943611198906,498.0,166.0,66.86666666666667,16.099999999999998,0.0,20666.666666666668,10.666666666666666,2.5,3.6,55.0,9546.0,0.45999999999999996,0.6666666666666666,0.0,0.3333333333333333,1.0,0.0,459.4219147263786,3.9195480731704357,199.94204154812266
Dover Port,Swindon,14,54,2.0,220.03549602563248,263.13143327878515,0.42790000000000106,3.0930999999999997,51.1279,1.3134,51.5558,-1.7797,1.0986122886681098,168.0,129.0,63.699999999999996,0.0,5.0,25000.0,11.0,2.5,3.65,60.0,15241.0,0.6205,1.0,0.5,0.0,1.0,0.5,516.3584097676417,4.619302144046641,223.23538486587734
Leicester Forest East,Swindon,26,54,3.0,125.18049271324878,154.00550809052356,1.0609000000000037,0.613,52.6167,-1.1667,51.5558,-1.7797,1.3862943611198906,425.0,129.0,63.46666666666667,7.1000000000000005,0.0,36000.0,13.5,2.5166666666666666,3.8666666666666667,80.0,21701.0,0.6126666666666667,1.0,0.6666666666666666,0.0,1.0,0.0,307.23239441926165,2.7545581195242934,131.80744239131712
Swindon,Portsmouth Port,54,45,4.0,95.93318299921384,120.43080372710065,0.7532999999999959,0.6709,51.5558,-1.7797,50.8025,-1.1088,1.6094379124341003,129.0,154.0,63.325,5.325,0.0,31500.0,12.625,2.5125,3.775,72.5,19907.75,0.66125,0.75,0.5,0.0,1.0,0.0,237.59873685744623,2.0905040458652624,101.32222603844615
Knutsford Services,Warrington,23,61,8.0,15.797124924835206,19.622194864895032,0.0910999999999973,0.18259999999999987,53.2989,-2.4144,53.39,-2.597,2.1972245773362196,242.0,292.0,64.2625,14.675,0.0,37000.0,14.8125,2.53125,3.9250000000000003,85.0,24022.0,0.66725,0.25,0.125,0.375,1.0,0.0,38.335144790350526,0.31572690139480664,17.015112396876493
Warrington,Preston,61,46,3.0,42.085056851352896,53.601000814077764,0.3731999999999971,0.10610000000000008,53.39,-2.597,53.7632,-2.7031,1.3862943611198906,292.0,176.0,63.4,14.533333333333331,0.0,34000.0,14.333333333333334,2.533333333333333,3.8333333333333335,80.0,19469.666666666668,0.5503333333333333,1.0,0.0,0.6666666666666666,1.0,0.0,106.5954464978563,0.9233527582780324,48.06928552847517
Preston,Newcastle Hub,46,39,1.0,152.30359271245877,202.79170070142683,1.2150999999999996,1.0853000000000002,53.7632,-2.7031,54.9783,-1.6178,0.6931471805599453,176.0,156.0,67.4,35.8,0.0,44000.0,16.5,2.55,4.0,100.0,18365.0,0.417,1.0,0.0,1.0,1.0,0.0,409.0299082410657,3.365580572673915,190.05771480057433
Bristol DC,Watford Gap,3,62,4.0,138.2023504285449,163.0021451772784,0.8521999999999963,1.4656999999999998,51.4545,-2.5879,52.3067,-1.1222,1.6094379124341003,160.0,391.0,63.22500000000001,0.0,0.0,39000.0,15.375,2.5374999999999996,3.95,87.5,21016.25,0.5375000000000001,0.75,0.0,0.5,1.0,0.0,370.7688950547426,2.883628099686916,135.7171814563214
York,Coventry,66,10,4.0,175.0941620753238,211.7142475658119,1.553200000000004,0.4324000000000001,53.96,-1.0873,52.4068,-1.5197,1.6094379124341003,218.0,520.0,62.675,2.175,0.0,27000.0,11.5,2.5,3.7249999999999996,63.75,18524.5,0.65175,1.25,0.0,0.5,1.0,0.0,447.45391591586,3.768001118165956,184.10241607874306
Doncaster iPort,Coventry,13,10,3.0,125.9345188914347,160.5680483147199,1.0963000000000065,0.4719,53.5031,-1.0478,52.4068,-1.5197,1.3862943611198906,200.0,520.0,61.03333333333333,0.0,47.666666666666664,32666.666666666668,13.5,2.5166666666666666,3.8666666666666667,75.0,17809.333333333332,0.551,1.0,0.6666666666666666,0.0,1.0,0.6666666666666666,362.27222247849346,3.0037970040069344,136.35808018665765
Coventry,London Central,10,28,12.0,138.19367218062987,175.52808956156915,0.8994,1.3919000000000001,52.4068,-1.5197,51.5074,-0.1278,2.5649493574615367,520.0,156.0,63.26666666666666,2.1,23.75,30833.333333333332,13.0,2.516666666666667,3.7916666666666665,72.5,18611.666666666668,0.6161666666666666,1.5833333333333333,0.3333333333333333,0.4166666666666667,0.9166666666666666,0.3333333333333333,378.3174606902664,3.1539107225845195,148.2647521935556
Toddington Services,Cambridge,59,5,4.0,52.57172446038115,65.2647615839828,0.2524999999999977,0.6504,51.9528,-0.5286,52.2053,0.1218,1.6094379124341003,111.0,115.0,64.55,0.0,9.25,32500.0,13.125,2.5125,3.8499999999999996,73.75,19906.25,0.6340000000000001,1.0,0.25,0.25,1.0,0.25,129.32031930854197,1.121972521290528,55.54674518864356
Cambridge,M1/M6 Junction,5,30,4.0,99.94515597562348,124.0761425115281,0.3808000000000007,1.3342999999999998,52.2053,0.1218,52.5861,-1.2125,1.6094379124341003,115.0,498.0,64.55,0.0,9.25,32500.0,13.125,2.5125,3.8499999999999996,73.75,19906.25,0.6340000000000001,1.0,0.25,0.25,1.0,0.25,245.85344340093104,2.1330043819516047,105.60102733554012
Bristol Port,Hopwood Park,4,21,7.0,103.83654541572947,130.25339952898483,0.8436000000000021,0.6495000000000002,51.5103,-2.7139,52.3539,-2.0644,2.0794415416798357,171.0,295.0,63.785714285714285,6.3,2.2857142857142856,33714.28571428572,13.642857142857142,2.521428571428572,3.842857142857143,77.85714285714286,20874.571428571428,0.6312857142857142,0.5714285714285714,0.14285714285714285,0.2857142857142857,0.8571428571428571,0.14285714285714285,270.8215868893951,2.1606283437176694,109.59907963022589
Wolverhampton,M6 J10 Walsall,64,33,5.0,10.540142407402426,13.070559148191284,0.027200000000000557,0.14949999999999974,52.5861,-2.1289,52.6133,-1.9794,1.791759469228055,363.0,302.0,66.8,8.82,3.2,29600.0,12.5,2.5100000000000002,3.7800000000000002,69.0,18866.0,0.6483999999999999,0.0,0.2,0.4,0.8,0.2,27.075730595756504,0.19643143229327126,10.825080931696922
Leicester Forest East,London Gateway DC,26,29,4.0,164.9067557882691,208.59767974814153,1.1081000000000003,1.6034000000000002,52.6167,-1.1667,51.5086,0.4367,1.6094379124341003,425.0,172.0,60.225,0.7,0.0,32000.0,13.125,2.5125,3.8499999999999996,75.0,18737.75,0.60475,1.75,0.5,0.0,1.0,0.0,435.4605047080314,3.9683030856070576,185.27393273324455
Manchester Central,Frankley Services,37,18,3.0,118.57891507503304,154.19090082824175,1.0579999999999998,0.2218,53.4808,-2.2426,52.4228,-2.0208,1.3862943611198906,163.0,300.0,60.800000000000004,0.0,0.0,38666.666666666664,15.0,2.533333333333333,3.9333333333333336,86.66666666666667,20675.0,0.5336666666666666,1.0,0.3333333333333333,1.0,1.0,0.0,306.5761068944636,2.8198427317832535,125.66242140993158
Charnock Richard,Stoke-on-Trent,8,53,4.0,77.84263977718938,101.8605568446928,0.6281000000000034,0.5175000000000001,53.6308,-2.6969,53.0027,-2.1794,1.6094379124341003,172.0,375.0,62.675,5.925,0.0,23500.0,11.625,2.5125,3.625,60.0,15092.0,0.7055,1.0,0.25,0.0,1.0,0.0,212.1511114965621,1.8557628489417626,89.53189322428445
Wolverhampton,Derby,64,12,2.0,57.78377239191317,75.70343586355648,0.3365000000000009,0.6542999999999999,52.5861,-2.1289,52.9226,-1.4746,1.0986122886681098,363.0,391.0,66.8,0.0,35.5,36000.0,14.25,2.525,3.9,80.0,20396.5,0.583,1.0,0.0,0.0,1.0,0.5,157.19730682476077,1.2905648208696636,68.75784515714624
East Midlands Gateway,Rugby,15,49,10.0,51.38291178340704,63.35960730073875,0.46049999999999613,0.06320000000000014,52.8313,-1.3283,52.3708,-1.2651,2.3978952727983707,156.0,393.0,62.07000000000001,3.71,0.0,30000.0,12.75,2.515,3.7700000000000005,70.5,17896.9,0.6335,0.8,0.2,0.4,1.0,0.0,136.08502424713996,1.1512574091890913,54.79572039774054
Tamworth,Toddington Services,55,59,2.0,109.45173590120177,133.864644960163,0.6807999999999979,1.1624,52.6336,-1.691,51.9528,-0.5286,1.0986122886681098,449.0,111.0,63.9,0.0,0.0,25000.0,11.0,2.5,3.65,60.0,20437.5,0.8,1.0,0.5,0.5,1.0,0.0,262.45135383869655,2.40065356606367,113.26260179596991
Wetherby Services,Doncaster iPort,63,13,6.0,53.84407890721071,67.90704589354212,0.44129999999999825,0.3369,53.9444,-1.3847,53.5031,-1.0478,1.9459101490553132,280.0,169.0,61.333333333333336,4.533333333333333,5.0,30666.666666666668,12.833333333333334,2.5166666666666666,3.766666666666667,71.66666666666667,17335.833333333332,0.5705,0.0,0.0,0.16666666666666666,1.0,0.3333333333333333,131.75864596349996,1.1110418929104975,55.56900064952646
Omega Warrington,Tamworth,42,55,2.0,109.40998880789336,129.47849669701847,0.7954000000000008,0.9631999999999998,53.429,-2.6542,52.6336,-1.691,1.0986122886681098,183.0,449.0,61.199999999999996,0.0,0.0,33000.0,14.25,2.525,3.9,77.5,20643.5,0.633,1.0,0.0,0.0,1.0,0.0,260.3360944476568,2.451341212027759,112.48298826283947
Reading,Northampton,48,40,3.0,87.57485067758962,111.04250950621186,0.7861999999999938,0.07540000000000002,51.4543,-0.9781,52.2405,-0.9027,1.3862943611198906,130.0,363.0,64.86666666666666,6.633333333333333,0.0,30000.0,12.833333333333334,2.5166666666666666,3.766666666666667,70.0,18960.666666666668,0.6296666666666667,1.0,0.3333333333333333,0.3333333333333333,1.0,0.0,223.62892354834332,1.9126074512810147,90.22512811672664
Birmingham Central,M6 J10 Walsall,2,33,3.0,15.360708915988269,18.64394253161254,0.12710000000000576,0.08899999999999997,52.4862,-1.8904,52.6133,-1.9794,1.3862943611198906,161.0,302.0,63.70000000000001,13.799999999999999,0.0,25333.333333333332,12.166666666666666,2.5166666666666666,3.6666666666666665,63.333333333333336,17625.666666666668,0.6586666666666666,0.0,0.0,0.0,1.0,0.0,43.806682152789506,0.2958601315824745,16.086526091369972
M6 J10 Walsall,Hopwood Park,33,21,4.0,29.412695294325065,35.96798394307447,0.2593999999999994,0.08499999999999996,52.6133,-1.9794,52.3539,-2.0644,1.6094379124341003,302.0,295.0,64.425,14.25,4.5,25500.0,12.125,2.5125,3.7,63.75,16711.75,0.62825,0.25,0.25,0.0,1.0,0.25,81.17295071270459,0.5753766632783123,31.35110242416723
Woodall Services,Derby,65,12,5.0,48.35557046177881,57.95666744539481,0.4031999999999982,0.27149999999999985,53.3258,-1.2031,52.9226,-1.4746,1.791759469228055,391.0,391.0,61.5,0.66,18.6,30000.0,13.0,2.5200000000000005,3.7600000000000002,73.0,18504.6,0.5886,0.8,0.4,0.2,0.8,0.4,113.50268299003005,0.9973988895348507,49.499722222560635
Coventry,Doncaster iPort,10,13,4.0,125.9345188914347,155.69470020782182,1.0963000000000065,0.4719,52.4068,-1.5197,53.5031,-1.0478,1.6094379124341003,520.0,169.0,66.15,6.125,4.25,33500.0,13.75,2.525,3.825,77.5,22664.5,0.6809999999999999,1.0,0.25,0.0,1.0,0.25,315.4136323557744,2.663800658645271,128.44560014224095
Cardiff Bay,Hopwood Park,6,21,5.0,123.49929315224499,151.48839385838886,0.8723000000000027,1.1147,51.4816,-3.1791,52.3539,-2.0644,1.791759469228055,186.0,295.0,62.94,16.98,5.2,26800.0,11.6,2.5,3.7399999999999998,64.0,17861.4,0.6654,1.0,0.0,0.2,1.0,0.2,316.3498658956163,2.758171895353585,127.44264214679518
Stafford,ProLogis Park DC,52,47,3.0,40.81410210425123,50.04169914376291,0.30349999999999966,0.3402999999999998,52.8066,-2.1167,52.5031,-1.7764,1.3862943611198906,411.0,156.0,63.13333333333333,16.233333333333334,0.0,34000.0,13.5,2.5166666666666666,3.8666666666666667,78.33333333333333,20564.333333333332,0.6256666666666666,0.6666666666666666,0.0,0.3333333333333333,1.0,0.0,97.4924128706678,0.8656878421974432,41.570394898287
Edinburgh Hub,Stafford,16,52,1.0,356.7015079065559,471.8294171767468,3.1466999999999956,1.0716,55.9533,-3.1883,52.8066,-2.1167,0.6931471805599453,167.0,411.0,60.2,0.0,23.0,18000.0,10.0,2.5,3.5,50.0,14073.0,0.782,1.0,0.0,0.0,1.0,1.0,960.011859269216,8.505737725055862,375.9391756549346
M1/M6 Junction,M5 J15 Almondsbury,30,32,9.0,147.05462697166408,185.23950662575447,1.0305000000000035,1.3486000000000002,52.5861,-1.2125,51.5556,-2.5611,2.302585092994046,498.0,83.0,63.77777777777778,7.544444444444445,3.3333333333333335,39333.333333333336,15.5,2.538888888888889,3.9555555555555557,89.44444444444444,24002.777777777777,0.6099999999999999,2.0,0.1111111111111111,0.1111111111111111,0.8888888888888888,0.1111111111111111,376.24663643262045,3.3143012846801794,157.89561897075217
M5 J15 Almondsbury,ProLogis Park DC,32,47,2.0,118.24441876009944,144.20874617225996,0.9475000000000051,0.7847000000000002,51.5556,-2.5611,52.5031,-1.7764,1.0986122886681098,83.0,156.0,67.15,0.0,0.0,42000.0,16.5,2.55,4.0,95.0,19908.5,0.473,2.0,0.5,0.0,1.0,0.0,280.043074447913,2.4700281548274994,120.98832898689903
Stafford,Northampton,52,40,3.0,103.47829730055366,132.27011376552142,0.5661000000000058,1.214,52.8066,-2.1167,52.2405,-0.9027,1.3862943611198906,411.0,363.0,61.333333333333336,9.066666666666666,21.0,28000.0,12.833333333333334,2.5166666666666666,3.766666666666667,68.33333333333333,21975.333333333332,0.7709999999999999,1.0,0.0,0.3333333333333333,1.0,0.6666666666666666,287.8001379180339,2.423537772818744,115.61769634790885
Milton Keynes,Tilbury Port,38,58,4.0,100.84036500709799,123.18783704880417,0.5860999999999947,1.1178,52.0406,-0.7594,51.4545,0.3584,1.6094379124341003,277.0,183.0,63.875,1.3,5.0,25500.0,11.5,2.5,3.7249999999999996,62.5,16457.5,0.6745,1.0,0.0,0.5,1.0,0.25,253.99492391020897,2.1686945912725104,105.09154997431322
Cardiff Bay,Toddington Services,6,59,2.0,189.94959867015476,229.6462843839127,0.47120000000000317,2.6505,51.4816,-3.1791,51.9528,-0.5286,1.0986122886681098,186.0,111.0,62.45,0.0,0.0,26000.0,12.0,2.5,3.8,65.0,16153.0,0.621,2.0,0.0,0.5,1.0,0.0,455.56691452590644,4.0940381330342825,206.3297297180926
Toddington Services,Glasgow Central,59,19,1.0,498.46995977240573,575.9322220593951,3.9113999999999933,3.7232000000000003,51.9528,-0.5286,55.8642,-4.2518,0.6931471805599453,111.0,169.0,61.9,0.0,0.0,26000.0,12.0,2.5,3.8,65.0,18594.0,0.715,2.0,0.0,0.0,1.0,0.0,1154.6231840811315,10.383288992119343,525.818733137179
Preston,Cardiff Bay,46,6,3.0,255.72765653306226,335.45860835389607,2.2815999999999974,0.476,53.7632,-2.7031,51.4816,-3.1791,1.3862943611198906,176.0,183.0,62.800000000000004,4.466666666666667,14.666666666666666,36666.666666666664,15.0,2.533333333333333,3.9333333333333336,85.0,26302.0,0.7203333333333334,2.6666666666666665,0.0,0.3333333333333333,1.0,0.3333333333333333,664.5684853365152,6.1218536299652575,299.1902146227681
Tilbury Port,Frankley Services,58,18,5.0,195.4181897619275,250.98039758287672,0.9682999999999993,2.3792,51.4545,0.3584,52.4228,-2.0208,1.791759469228055,165.0,300.0,61.239999999999995,6.44,19.8,34000.0,13.8,2.5200000000000005,3.88,77.0,24026.2,0.7156,1.2,0.4,0.6,1.0,0.6,502.37294117884466,4.609785892575619,218.0989432187508
Frankley Services,Trafford Park DC,18,60,5.0,117.73909553626918,152.77769870365572,1.043999999999997,0.2932999999999999,52.4228,-2.0208,53.4668,-2.3141,1.791759469228055,300.0,144.0,60.11999999999999,5.76,17.0,31200.0,12.9,2.5100000000000002,3.84,72.0,18971.8,0.5938000000000001,1.0,0.2,0.6,1.0,0.4,327.41391650749154,2.841569120992952,128.88650510982012
Tamworth,Newcastle Hub,55,39,3.0,260.7633660176258,312.7824111708222,2.344699999999996,0.07320000000000015,52.6336,-1.691,54.9783,-1.6178,1.3862943611198906,449.0,156.0,62.53333333333333,5.466666666666666,4.333333333333333,44000.0,16.5,2.55,4.0,100.0,38227.333333333336,0.8690000000000001,1.6666666666666667,0.3333333333333333,0.0,0.6666666666666666,0.3333333333333333,611.4022812625786,5.72255755527651,261.5058453373763
M6 J10 Walsall,iPort Doncaster,33,67,5.0,117.62491492441595,149.9836779479105,0.880599999999994,0.9752000000000001,52.6133,-1.9794,53.4939,-1.0042,1.791759469228055,302.0,175.0,61.779999999999994,12.64,16.8,34400.0,14.3,2.53,3.8600000000000003,81.0,21703.0,0.638,1.2,0.0,0.2,1.0,0.4,330.048700838133,2.7204239827917354,123.58722851563103
Coventry,Derby,10,12,2.0,57.43500380442249,68.75185632257333,0.5158000000000058,0.04510000000000014,52.4068,-1.5197,52.9226,-1.4746,1.0986122886681098,520.0,391.0,61.400000000000006,0.0,29.5,26000.0,12.0,2.5,3.8,65.0,15751.0,0.606,0.0,0.0,0.5,0.5,1.0,155.33717018774556,1.1216771633981841,56.82307667786299
Charnock Richard,Trafford Park DC,8,60,4.0,31.17882614890037,39.441004735559225,0.16400000000000148,0.38280000000000003,53.6308,-2.6969,53.4668,-2.3141,1.6094379124341003,172.0,144.0,60.775,4.6,0.0,36000.0,14.25,2.525,3.9,80.0,20760.25,0.5695,0.0,0.5,0.5,1.0,0.0,81.07797407635132,0.6538546296479947,35.50677376584705
Stoke-on-Trent,Leeds Central,53,25,12.0,98.08908836702948,121.72142542389885,0.7981000000000051,0.6302999999999999,53.0027,-2.1794,53.8008,-1.5491,2.5649493574615367,375.0,160.0,61.11666666666665,8.658333333333333,4.666666666666667,30000.0,12.791666666666666,2.5125,3.7999999999999994,70.83333333333333,18696.416666666668,0.6349166666666667,1.0,0.16666666666666666,0.16666666666666666,1.0,0.16666666666666666,249.52047876986592,2.2138265191100284,104.29251844420988
Omega Warrington,Tibshelf Services,42,57,4.0,93.0872253691741,109.34358999403683,0.2873000000000019,1.3153,53.429,-2.6542,53.1417,-1.3389,1.6094379124341003,183.0,547.0,59.199999999999996,13.2,0.0,32000.0,13.75,2.525,3.825,76.25,23930.5,0.7500000000000001,1.25,0.0,0.0,1.0,0.0,217.8087919717592,2.0971400304204555,91.53916879490815
Leicester Forest East,Bristol Port,26,4,3.0,162.2343668608489,191.41866715927708,1.1064000000000007,1.5472000000000001,52.6167,-1.1667,51.5103,-2.7139,1.3862943611198906,425.0,167.0,59.56666666666666,7.133333333333333,0.0,36666.666666666664,15.0,2.533333333333333,3.9333333333333336,85.0,26398.0,0.6940000000000001,1.0,0.0,0.0,1.0,0.0,381.1059091884702,3.6191594733004018,161.78175327587644
Sheffield Hub,Leeds Central,50,25,6.0,46.95892261238967,58.18333333333333,0.41969999999999885,0.07899999999999996,53.3811,-1.4701,53.8008,-1.5491,1.9459101490553132,179.0,160.0,62.23333333333333,7.966666666666666,0.0,24333.333333333332,11.75,2.5083333333333333,3.6833333333333336,61.666666666666664,14393.5,0.57,0.0,0.5,0.3333333333333333,1.0,0.0,119.77999999999999,0.935,48.6
Rugby,M1/M6 Junction,49,30,1.0,24.203882636642987,31.025558989055707,0.21529999999999916,0.05259999999999998,52.3708,-1.2651,52.5861,-1.2125,0.6931471805599453,393.0,498.0,65.2,0.0,0.0,40000.0,16.5,2.55,4.0,90.0,28219.0,0.705,0.0,1.0,0.0,1.0,0.0,62.68266591800722,0.47519383827111017,28.57907716363412
Hopwood Park,London Central,21,28,5.0,162.75126489449204,208.99881014937847,0.846500000000006,1.9366,52.3539,-2.0644,51.5074,-0.1278,1.791759469228055,295.0,156.0,64.8,6.16,41.8,28000.0,12.5,2.5100000000000002,3.78,69.0,17062.0,0.583,1.0,0.0,0.4,1.0,0.6,475.3128865984628,3.682850503036415,177.85596240103624
Edinburgh Hub,York,16,66,3.0,259.0501825718597,339.99901442148126,1.9932999999999979,2.101,55.9533,-3.1883,53.96,-1.0873,1.3862943611198906,167.0,218.0,57.9,5.366666666666667,0.0,38666.666666666664,15.0,2.533333333333333,3.9333333333333336,86.66666666666667,19496.0,0.5003333333333333,1.6666666666666667,0.0,0.0,1.0,0.0,700.4425691726237,6.598428908304185,300.61580003515786
Woodall Services,Wolverhampton,65,64,2.0,103.00926000598862,133.93082637534872,0.7396999999999991,0.9257999999999997,53.3258,-1.2031,52.5861,-2.1289,1.0986122886681098,391.0,363.0,56.3,8.05,0.0,42000.0,16.5,2.55,4.0,95.0,21097.0,0.496,2.0,0.0,0.0,1.0,0.0,278.33237599903475,2.685390245503154,116.011175040489
Wetherby Services,Stoke-on-Trent,63,53,2.0,117.17732555233225,152.57175820675138,0.9417000000000044,0.7946999999999997,53.9444,-1.3847,53.0027,-2.1794,1.0986122886681098,280.0,375.0,63.5,13.05,0.0,33000.0,14.25,2.525,3.9,77.5,25823.0,0.8055,1.0,0.0,0.5,1.0,0.0,300.43267770392015,2.720403254813008,129.2403745978052
Warrington,Hull Port,61,22,2.0,155.3576860710471,190.92278567813213,0.3432999999999993,2.2803,53.39,-2.597,53.7333,-0.3167,1.0986122886681098,292.0,151.0,62.0,20.75,0.0,26000.0,12.0,2.5,3.8,65.0,13799.5,0.5309999999999999,2.0,0.0,0.0,1.0,0.0,371.8994342497315,3.472266350057982,162.75956783287097
Liverpool Port,York,27,66,3.0,140.11129415257565,165.91380668982708,0.554700000000004,1.9104,53.4053,-2.9977,53.96,-1.0873,1.3862943611198906,167.0,218.0,63.46666666666666,7.033333333333334,0.0,38666.666666666664,15.0,2.533333333333333,3.9333333333333336,86.66666666666667,32649.666666666668,0.844,1.6666666666666667,0.0,0.6666666666666666,1.0,0.0,331.38547887600515,2.976850044867584,152.08482193680527
York,Dover Port,66,14,3.0,354.2487186355998,419.4861933101729,2.832100000000004,2.4006999999999996,53.96,-1.0873,51.1279,1.3134,1.3862943611198906,218.0,180.0,63.46666666666666,7.033333333333334,0.0,38666.666666666664,15.0,2.533333333333333,3.9333333333333336,86.66666666666667,32649.666666666668,0.844,1.6666666666666667,0.0,0.6666666666666666,1.0,0.0,837.8545211239947,7.526483288465748,384.52184472986136
Preston,Bristol Port,46,4,3.0,250.51245551683687,295.39893093903476,2.252899999999997,0.010800000000000143,53.7632,-2.7031,51.5103,-2.7139,1.3862943611198906,176.0,167.0,59.800000000000004,9.1,0.0,35333.333333333336,14.333333333333334,2.533333333333333,3.8333333333333335,83.33333333333333,27620.0,0.783,2.0,0.0,0.0,1.0,0.0,579.1532641163195,5.515395831508134,246.3362071666447
Southampton Port,M6 J10 Walsall,51,33,3.0,195.16577398428004,246.25885579172646,1.7176000000000045,0.5836000000000001,50.8957,-1.3958,52.6133,-1.9794,1.3862943611198906,171.0,302.0,60.699999999999996,7.166666666666667,6.0,32666.666666666668,13.5,2.5166666666666666,3.8666666666666667,75.0,17990.0,0.5616666666666666,2.0,0.6666666666666666,0.3333333333333333,1.0,0.3333333333333333,486.8253293166744,4.559238255827336,213.99980109564603
Derby,M6 J10 Walsall,12,33,3.0,48.334706144261474,61.23985932836007,0.30930000000000035,0.5048000000000001,52.9226,-1.4746,52.6133,-1.9794,1.3862943611198906,391.0,302.0,59.0,7.666666666666667,11.0,35333.333333333336,14.333333333333334,2.533333333333333,3.8333333333333335,83.33333333333333,25040.333333333332,0.7080000000000001,3.0,1.0,0.3333333333333333,1.0,0.3333333333333333,122.96326761580592,1.1974091737752248,54.31458096153725
M6 J10 Walsall,Knutsford Services,33,23,1.0,81.61409642838993,102.91063886744418,0.6856000000000009,0.43500000000000005,52.6133,-1.9794,53.2989,-2.4144,0.6931471805599453,302.0,242.0,57.6,0.0,0.0,44000.0,16.5,2.55,4.0,100.0,28537.0,0.649,2.0,1.0,0.0,1.0,0.0,205.81458979735027,2.038148964734597,86.19748295974357
ProLogis Park DC,Birmingham Central,47,2,5.0,7.94323269022788,9.72,0.0169000000000068,0.1140000000000001,52.5031,-1.7764,52.4862,-1.8904,1.791759469228055,162.0,180.0,58.7,0.0,5.2,28400.0,12.5,2.5100000000000002,3.7800000000000002,68.0,15476.0,0.5317999999999999,0.0,0.2,0.4,1.0,0.2,88.598,0.16599999999999998,8.254000000000001
Peterborough,M6 J10 Walsall,44,33,1.0,117.56156652937301,150.36721605626366,0.0438000000000045,1.7389000000000001,52.5695,-0.2405,52.6133,-1.9794,0.6931471805599453,291.0,302.0,55.1,0.0,0.0,40000.0,16.5,2.55,4.0,90.0,29764.0,0.744,2.0,0.0,0.0,0.0,0.0,306.3710772828233,3.1541408117342904,139.55585289654547
Glasgow Central,Stafford,19,52,2.0,367.0437221168852,461.7621308658923,3.0575999999999937,2.1351000000000004,55.8642,-4.2518,52.8066,-2.1167,1.0986122886681098,155.0,411.0,62.55,0.0,0.0,38000.0,14.25,2.525,3.9,85.0,23955.5,0.6345000000000001,1.0,0.0,0.5,1.0,0.0,921.1743810914897,8.023466330376545,416.8561235308139
Knutsford Services,iPort Doncaster,23,67,6.0,95.97982099115198,124.45738673799923,0.19499999999999318,1.4102000000000001,53.2989,-2.4144,53.4939,-1.0042,1.9459101490553132,242.0,175.0,62.31666666666667,18.36666666666667,8.666666666666666,36333.333333333336,14.25,2.525,3.9000000000000004,82.5,20339.166666666668,0.5741666666666666,1.3333333333333333,0.5,0.16666666666666666,1.0,0.16666666666666666,246.45608901996317,2.256328661268054,104.99111354578766
Felixstowe Port,Derby,17,12,1.0,219.5727994174064,292.40488610072845,0.9659000000000049,2.8257,51.9567,1.3511,52.9226,-1.4746,0.6931471805599453,160.0,391.0,64.7,0.0,0.0,32000.0,12.0,2.5,3.8,70.0,22370.0,0.699,1.0,0.0,1.0,1.0,0.0,570.1124297443816,5.129056009316136,234.3946133877668
Sheffield Hub,iPort Doncaster,50,67,5.0,33.31212470226402,40.8,0.1127999999999929,0.4659,53.3811,-1.4701,53.4939,-1.0042,1.791759469228055,179.0,175.0,65.53999999999999,3.5200000000000005,7.8,34000.0,13.8,2.52,3.8800000000000003,77.0,22741.0,0.6508,0.0,0.4,0.0,1.0,0.4,86.846,0.626,34.796
Edinburgh Hub,Chester,16,9,4.0,307.46191231028405,376.8975288722798,2.7597999999999985,0.29449999999999976,55.9533,-3.1883,53.1935,-2.8938,1.6094379124341003,167.0,179.0,63.775000000000006,0.85,0.0,31000.0,13.125,2.5125,3.8499999999999996,72.5,21368.25,0.67975,1.0,0.5,0.25,1.0,0.0,746.4050003197112,6.461931115175628,317.5341606200117
Chester,Frankley Services,9,18,4.0,103.86080542666791,127.31619542030174,0.7706999999999979,0.8730000000000002,53.1935,-2.8938,52.4228,-2.0208,1.6094379124341003,179.0,300.0,63.775000000000006,0.85,0.0,31000.0,13.125,2.5125,3.8499999999999996,72.5,21368.25,0.67975,1.0,0.5,0.25,1.0,0.0,252.1360253216136,2.182843934036569,107.26321652222498
M5 J15 Almondsbury,Newcastle Hub,32,39,2.0,385.71328721250364,486.24969402255584,3.422699999999999,0.9433000000000002,51.5556,-2.5611,54.9783,-1.6178,1.0986122886681098,83.0,156.0,60.9,0.0,7.5,25000.0,11.0,2.5,3.65,60.0,15995.5,0.6065,2.0,0.5,0.0,1.0,0.5,947.2674775358926,8.939324423673913,408.7543576936549
Swindon,London Gateway DC,54,29,1.0,153.39596813410225,199.49184494524314,0.04719999999999658,2.2164,51.5558,-1.7797,51.5086,0.4367,0.6931471805599453,129.0,172.0,69.8,0.0,50.0,44000.0,16.5,2.55,4.0,100.0,27803.0,0.632,1.0,1.0,1.0,0.0,1.0,473.3681712408656,3.2332306601744847,182.73049473656948
Peterborough,Liverpool Port,44,27,1.0,206.6218975814425,257.46543673888834,0.835799999999999,2.7572,52.5695,-0.2405,53.4053,-2.9977,0.6931471805599453,291.0,161.0,58.3,0.4,0.0,18000.0,10.0,2.5,3.5,50.0,10252.0,0.57,1.0,1.0,1.0,1.0,0.0,509.07847447749845,4.794253165609218,215.59596008651243
Chester,Hull Port,9,22,1.0,180.83855890565516,236.64534390299056,0.5397999999999996,2.5771,53.1935,-2.8938,53.7333,-0.3167,0.6931471805599453,179.0,151.0,66.6,0.0,11.0,44000.0,16.5,2.55,4.0,100.0,35057.0,0.797,2.0,0.0,0.0,1.0,1.0,464.66690344254823,4.080334098727621,201.68709028328118
East Midlands Gateway,Frankley Services,15,18,5.0,65.17575480018775,83.0736628167983,0.40849999999999653,0.6924999999999999,52.8313,-1.3283,52.4228,-2.0208,1.791759469228055,156.0,300.0,61.5,14.719999999999999,20.8,33600.0,14.3,2.53,3.8600000000000003,79.0,18513.4,0.5559999999999999,1.0,0.0,0.0,1.0,0.4,168.55213470542867,1.5521034494960295,74.02797161542213
Preston,Stoke-on-Trent,46,53,3.0,91.4186148329141,116.32392986621848,0.7605000000000004,0.5237000000000003,53.7632,-2.7031,53.0027,-2.1794,1.3862943611198906,176.0,375.0,62.666666666666664,5.066666666666666,0.0,38666.666666666664,15.0,2.533333333333333,3.9333333333333336,86.66666666666667,21003.333333333332,0.5583333333333333,1.3333333333333333,0.3333333333333333,0.0,1.0,0.0,226.42802204381192,2.0522253905454,95.70101923774202
A1/A14 Junction,Newcastle Hub,1,39,2.0,307.59708745006304,383.05063838424843,2.644999999999996,1.3678,52.3333,-0.25,54.9783,-1.6178,1.0986122886681098,259.0,156.0,58.05,0.0,0.0,31000.0,13.25,2.525,3.75,75.0,18448.0,0.513,2.0,0.0,0.5,1.0,0.0,782.5144527720289,7.611306887723751,348.22026387723906
Felixstowe Port,Frankley Services,17,18,4.0,235.60234211847768,294.92986198620997,0.4661000000000044,3.3719,51.9567,1.3511,52.4228,-2.0208,1.6094379124341003,160.0,300.0,64.075,5.225,6.0,38000.0,14.25,2.525,3.9000000000000004,85.0,25016.75,0.657,2.25,0.25,0.25,0.75,0.25,562.5397880950596,5.245239147817183,232.0478773095389
Frankley Services,Glasgow Central,18,19,2.0,409.27371359313844,515.8791912766471,3.4413999999999945,2.2310000000000003,52.4228,-2.0208,55.8642,-4.2518,1.0986122886681098,300.0,169.0,59.85,0.0,0.0,44000.0,16.5,2.55,4.0,100.0,29281.0,0.6655,2.5,0.0,0.5,1.0,0.0,983.3437376538184,9.811763913559654,391.26471233567446
Manchester Central,Stafford,37,52,1.0,75.43649146996385,100.35267873327223,0.674199999999999,0.12590000000000012,53.4808,-2.2426,52.8066,-2.1167,0.6931471805599453,163.0,411.0,55.7,0.0,0.0,44000.0,16.5,2.55,4.0,100.0,30529.0,0.694,0.0,0.0,0.0,1.0,0.0,196.4782479137753,1.8061286270922627,81.11658539183973
Glasgow Central,Wolverhampton,19,64,1.0,389.70952430419294,504.69669508762456,3.278099999999995,2.1229000000000005,55.8642,-4.2518,52.5861,-2.1289,0.6931471805599453,155.0,363.0,58.2,0.0,0.0,26000.0,12.0,2.5,3.8,65.0,13167.0,0.506,2.0,0.0,0.0,1.0,0.0,1004.1099346279393,10.088303220885022,436.1713089305061
Oxford,London Central,43,28,2.0,82.59504508892346,103.90865973365516,0.24460000000000548,1.1299000000000001,51.752,-1.2577,51.5074,-0.1278,1.0986122886681098,210.0,156.0,66.55,0.0,0.0,29000.0,13.25,2.525,3.75,70.0,17002.5,0.6100000000000001,0.0,0.0,1.0,1.0,0.0,266.8051091816657,1.5658047425339587,95.81374464961166
Toddington Services,Swindon,59,54,1.0,96.77111616271243,124.68268942754463,0.39700000000000557,1.2511,51.9528,-0.5286,51.5558,-1.7797,0.6931471805599453,111.0,129.0,68.1,32.8,15.0,40000.0,16.5,2.55,4.0,90.0,29253.0,0.731,0.0,0.0,0.0,1.0,1.0,246.3480002187616,1.8293371841495998,113.15580973236378
Cambridge,Cardiff Bay,5,6,4.0,240.59284995673363,297.97510435318566,0.7237000000000009,3.3009,52.2053,0.1218,51.4816,-3.1791,1.6094379124341003,115.0,183.0,60.425,0.35,8.0,30000.0,13.25,2.525,3.75,72.5,20478.25,0.6812500000000001,2.0,0.0,0.5,1.0,0.25,587.1431191819037,5.636995401746406,249.61399000342024
Leeds Central,Preston,25,46,8.0,75.93287538015413,94.4520591962039,0.03760000000000474,1.1540000000000001,53.8008,-1.5491,53.7632,-2.7031,2.1972245773362196,177.0,176.0,64.58749999999999,5.9125,2.25,39750.0,15.375,2.5375,3.95,90.625,24606.75,0.62,0.5,0.375,0.125,1.0,0.125,184.75121470260189,1.5335503799405827,78.61282032420112
Watford Gap,Peterborough,62,44,4.0,66.52810173091316,85.06700291765672,0.2627999999999986,0.8817000000000002,52.3067,-1.1222,52.5695,-0.2405,1.6094379124341003,391.0,291.0,62.525,8.525,5.5,36500.0,14.25,2.525,3.9,83.75,16108.0,0.4415,1.0,0.25,0.5,0.75,0.25,172.13814326623023,1.5381263767406892,68.93512631081353
Hull Port,Stafford,22,52,1.0,157.93474779707253,208.0361214007926,0.9266999999999967,1.7999999999999998,53.7333,-0.3167,52.8066,-2.1167,0.6931471805599453,189.0,411.0,67.1,38.7,0.0,44000.0,16.5,2.55,4.0,100.0,28521.0,0.648,1.0,0.0,0.0,1.0,0.0,413.4494011726084,3.5760206599951743,187.01500532074942
Stafford,DIRFT Daventry,52,11,1.0,88.9472822935553,117.16387859920738,0.5492000000000061,0.9560999999999997,52.8066,-2.1167,52.2574,-1.1606,0.6931471805599453,411.0,168.0,67.1,38.7,0.0,44000.0,16.5,2.55,4.0,100.0,28521.0,0.648,1.0,0.0,0.0,1.0,0.0,232.85059882739154,2.0139793400048256,105.32499467925057
ProLogis Park DC,Tibshelf Services,47,57,1.0,76.8534060560831,102.0228348664177,0.6385999999999967,0.4375,52.5031,-1.7764,53.1417,-1.3389,0.6931471805599453,162.0,547.0,67.2,0.0,0.0,44000.0,16.5,2.55,4.0,100.0,18237.0,0.414,1.0,0.0,0.0,1.0,0.0,201.82090668497338,1.7231007919715657,92.96565000735197
Stoke-on-Trent,Lancaster,53,24,2.0,123.16467057185547,156.80936297948224,1.0442000000000036,0.6216000000000004,53.0027,-2.1794,54.0469,-2.801,1.0986122886681098,375.0,125.0,66.0,5.55,0.0,29000.0,13.25,2.525,3.75,70.0,18142.0,0.612,2.0,0.0,1.0,1.0,0.0,302.8029228576122,2.748460253121415,125.57236419625573
M1/M6 Junction,Manchester Central,30,37,1.0,121.00098157434556,143.46513332494817,0.8947000000000003,1.0301,52.5861,-1.2125,53.4808,-2.2426,0.6931471805599453,498.0,188.0,65.2,0.4,16.0,18000.0,10.0,2.5,3.5,50.0,10464.0,0.581,0.0,0.0,1.0,1.0,1.0,352.0076052117898,2.2016214040839586,127.02492120621665
Swindon,ProLogis Park DC,54,47,1.0,105.33534141254972,139.8872961017734,0.9473000000000056,0.0033000000000000806,51.5558,-1.7797,52.5031,-1.7764,0.6931471805599453,129.0,156.0,65.8,0.0,0.0,40000.0,16.5,2.55,4.0,90.0,23379.0,0.584,1.0,0.0,0.0,1.0,0.0,317.25836214560223,2.43459263879105,124.79119325120946
Frankley Services,Northampton,18,40,6.0,78.63192953023703,99.25536837317982,0.182300000000005,1.1181,52.4228,-2.0208,52.2405,-0.9027,1.9459101490553132,300.0,363.0,61.666666666666664,13.383333333333333,0.0,35000.0,13.916666666666666,2.525,3.85,80.0,23192.5,0.6453333333333333,1.5,0.16666666666666666,0.3333333333333333,1.0,0.0,202.90422582547697,1.8156426695395063,81.57952321087635
Rugby,Milton Keynes,49,38,8.0,50.35463045699471,61.78689235802871,0.33020000000000493,0.5056999999999999,52.3708,-1.2651,52.0406,-0.7594,2.1972245773362196,393.0,277.0,62.87500000000001,10.8625,3.875,39750.0,15.375,2.5375,3.95,90.625,24778.0,0.616875,0.875,0.25,0.0,0.875,0.125,121.61390221443895,1.0684822523420516,51.20025673125188
Trafford Park DC,Charnock Richard,60,8,5.0,31.178826148900374,39.312120611983275,0.16400000000000148,0.38280000000000003,53.4668,-2.3141,53.6308,-2.6969,1.791759469228055,141.0,172.0,61.94,4.32,2.6,25600.0,12.1,2.5100000000000002,3.72,64.0,13557.4,0.5332000000000001,1.0,0.2,0.2,1.0,0.2,77.66147979331585,0.7156235575341062,32.79132592865493
Tibshelf Services,Wetherby Services,57,63,2.0,89.30757171536848,115.32988667377693,0.8027000000000015,0.04580000000000006,53.1417,-1.3389,53.9444,-1.3847,1.0986122886681098,547.0,280.0,55.7,10.8,0.0,29000.0,13.25,2.525,3.75,70.0,19053.0,0.647,1.5,1.0,0.5,1.0,0.0,231.6730928131023,2.3217195316672616,100.19709270119719
Leicester Forest East,Bristol DC,26,3,2.0,161.7075561425156,189.3015055189371,1.1621999999999986,1.4211999999999998,52.6167,-1.1667,51.4545,-2.5879,1.0986122886681098,425.0,175.0,63.75,0.0,8.0,32000.0,12.0,2.5,3.8,70.0,19841.5,0.62,1.0,0.5,0.5,1.0,0.5,389.90848279115124,3.2543741550853413,144.04976065194202
Oxford,Tamworth,43,55,3.0,102.38173077747007,136.95363913624823,0.8815999999999988,0.4333,51.752,-1.2577,52.6336,-1.691,1.3862943611198906,210.0,449.0,62.93333333333334,0.0,0.0,31333.333333333332,12.833333333333334,2.5166666666666666,3.766666666666667,73.33333333333333,18568.0,0.5770000000000001,1.0,0.3333333333333333,0.3333333333333333,1.0,0.0,264.6933863852319,2.3847065978053132,108.90991460177702
Teesport,Knutsford Services,56,23,2.0,168.1910829360021,197.97071497380637,1.3243999999999971,1.2421000000000002,54.6233,-1.1723,53.2989,-2.4144,1.0986122886681098,166.0,242.0,65.0,18.1,0.0,42000.0,16.5,2.55,4.0,95.0,30886.0,0.726,1.0,0.0,0.5,1.0,0.0,393.41159185087366,3.32868589704115,178.16175286247642
Stoke-on-Trent,Preston,53,46,2.0,91.4186148329141,116.5304840246836,0.7605000000000004,0.5237000000000003,53.0027,-2.1794,53.7632,-2.7031,1.0986122886681098,375.0,176.0,58.650000000000006,0.0,0.0,29000.0,13.25,2.525,3.75,70.0,17512.5,0.5645,2.0,0.0,1.0,1.0,0.0,232.07222454855167,2.2590911632556616,102.24913011371834
Stafford,Glasgow Central,52,19,4.0,367.0437221168852,467.82067746790267,3.0575999999999937,2.1351000000000004,52.8066,-2.1167,55.8642,-4.2518,1.6094379124341003,411.0,169.0,63.225,15.225,0.0,36500.0,14.875,2.5374999999999996,3.875,85.0,26049.0,0.7047500000000001,2.25,0.25,0.5,1.0,0.0,917.500534771495,8.41714465819577,404.1991130037005
Toddington Services,Edinburgh Hub,59,16,1.0,477.5773955451403,602.9752091727794,4.000499999999995,2.6597,51.9528,-0.5286,55.9533,-3.1883,0.6931471805599453,111.0,153.0,63.0,0.0,0.0,26000.0,12.0,2.5,3.8,65.0,13712.0,0.527,2.0,0.0,1.0,1.0,0.0,1184.5729868670555,10.63863474181209,533.7418074266358
Wolverhampton,M1/M6 Junction,64,30,2.0,61.91031532042122,78.94636310876585,0.0,0.9163999999999999,52.5861,-2.1289,52.5861,-1.2125,1.0986122886681098,363.0,498.0,63.949999999999996,33.45,14.0,32000.0,12.0,2.5,3.8,70.0,25418.5,0.7945,1.0,0.5,0.5,1.0,0.5,154.6278094292217,1.366410275757503,64.56610061254379
Stoke-on-Trent,Leicester Forest East,53,26,4.0,80.46848865388567,100.64570983132243,0.3859999999999957,1.0126999999999997,53.0027,-2.1794,52.6167,-1.1667,1.6094379124341003,375.0,425.0,62.575,8.45,0.0,31500.0,12.625,2.5125,3.775,72.5,19087.0,0.5965,0.75,0.25,0.25,1.0,0.0,194.92640693251732,1.8071031406346802,78.70709766306572
Northampton,Chester,40,9,2.0,170.91588094791453,219.98317412052575,0.953000000000003,1.9911000000000003,52.2405,-0.9027,53.1935,-2.8938,1.0986122886681098,363.0,179.0,63.0,9.75,14.0,31000.0,13.25,2.525,3.75,75.0,22510.0,0.7164999999999999,1.5,0.5,0.5,1.0,0.5,428.9111677694449,3.9436477640484062,183.5362490326383
Chester,Trafford Park DC,9,60,1.0,49.04500932610437,63.67597615398126,0.273299999999999,0.5797000000000003,53.1935,-2.8938,53.4668,-2.3141,0.6931471805599453,179.0,144.0,58.5,19.5,28.0,18000.0,10.0,2.5,3.5,50.0,12500.0,0.694,2.0,0.0,0.0,1.0,1.0,126.48500761604237,1.2548468681767295,52.49572403087256
York,M5 J15 Almondsbury,66,32,1.0,285.1436163202247,349.8826291836652,2.4044000000000025,1.4738000000000002,53.96,-1.0873,51.5556,-2.5611,0.6931471805599453,218.0,83.0,64.3,0.0,0.0,26000.0,12.0,2.5,3.8,65.0,17266.0,0.664,3.0,0.0,0.0,1.0,0.0,675.0485595433066,6.210792665364593,283.04739033618375
M5 J15 Almondsbury,Dover Port,32,14,1.0,273.2607948070517,335.3019316151807,0.4277000000000015,3.8745000000000003,51.5556,-2.5611,51.1279,1.3134,0.6931471805599453,83.0,180.0,64.3,0.0,0.0,26000.0,12.0,2.5,3.8,65.0,17266.0,0.664,3.0,0.0,0.0,1.0,0.0,646.9171861347247,5.9519696145445815,271.25192508067863
Nottingham Hub,Peterborough,41,44,6.0,75.15023585607211,93.37900572102586,0.38530000000000086,0.9176,52.9548,-1.1581,52.5695,-0.2405,1.9459101490553132,154.0,291.0,62.21666666666667,4.783333333333332,13.833333333333334,28333.333333333332,12.5,2.516666666666667,3.716666666666667,68.33333333333333,15778.666666666666,0.6018333333333333,0.8333333333333334,0.16666666666666666,0.5,1.0,0.5,192.07652289164488,1.676348839720309,78.36202870633184
London Central,London Gateway DC,28,29,7.0,39.068280597573214,48.785714285714285,0.0012000000000043087,0.5645,51.5074,-0.1278,51.5086,0.4367,2.0794415416798357,178.0,172.0,62.67142857142857,5.242857142857143,4.285714285714286,34000.0,14.285714285714286,2.5285714285714285,3.8714285714285714,80.0,21659.14285714286,0.6294285714285716,0.0,0.2857142857142857,0.42857142857142855,0.5714285714285714,0.2857142857142857,209.20714285714288,0.7799999999999999,40.887142857142855
DIRFT Daventry,Oxford,11,43,4.0,56.58966691945556,70.43571628783894,0.5053999999999945,0.09709999999999996,52.2574,-1.1606,51.752,-1.2577,1.6094379124341003,163.0,210.0,64.875,13.675,0.0,39000.0,15.375,2.5374999999999996,3.95,87.5,28409.0,0.72425,2.0,0.5,0.25,1.0,0.0,137.2384291834412,1.2272029108270106,60.87564869957433
Swindon,Chester,54,9,4.0,197.1783822929776,245.4229075610335,1.6377000000000024,1.1141,51.5558,-1.7797,53.1935,-2.8938,1.6094379124341003,129.0,179.0,64.875,13.675,0.0,39000.0,15.375,2.5374999999999996,3.95,87.5,28409.0,0.72425,2.0,0.5,0.25,1.0,0.0,478.1871484300415,4.276008286928281,212.11225626583266
Southampton Port,Rugby,51,49,7.0,164.27164610146292,211.8859075859716,1.4751000000000047,0.13070000000000004,50.8957,-1.3958,52.3708,-1.2651,2.0794415416798357,171.0,393.0,62.61428571428571,10.857142857142858,4.142857142857143,39142.857142857145,15.214285714285714,2.5357142857142856,3.942857142857143,89.28571428571429,23311.14285714286,0.5915714285714285,1.8571428571428572,0.14285714285714285,0.5714285714285714,0.8571428571428571,0.2857142857142857,417.79361994428916,3.832249855616014,183.5011650343753
Rugby,Wolverhampton,49,64,7.0,63.20891774298947,81.53007059555532,0.21529999999999916,0.8637999999999999,52.3708,-1.2651,52.5861,-2.1289,2.0794415416798357,393.0,363.0,62.61428571428571,10.857142857142858,4.142857142857143,39142.857142857145,15.214285714285714,2.5357142857142856,3.942857142857143,89.28571428571429,23311.14285714286,0.5915714285714285,1.8571428571428572,0.14285714285714285,0.5714285714285714,0.8571428571428571,0.2857142857142857,160.75983399042107,1.4745841515741576,70.60810749553491
Wolverhampton,Knutsford Services,64,23,7.0,81.53576342033644,105.16896642261865,0.7128000000000014,0.2855000000000003,52.5861,-2.1289,53.2989,-2.4144,2.0794415416798357,363.0,242.0,62.61428571428571,10.857142857142858,4.142857142857143,39142.857142857145,15.214285714285714,2.5357142857142856,3.942857142857143,89.28571428571429,23311.14285714286,0.5915714285714285,1.8571428571428572,0.14285714285714285,0.5714285714285714,0.8571428571428571,0.2857142857142857,207.3706726799528,1.9021262951375708,91.0802803446534
M5 J15 Almondsbury,Woodall Services,32,65,1.0,217.28698202207414,274.76766027515436,1.7702000000000027,1.358,51.5556,-2.5611,53.3258,-1.2031,0.6931471805599453,83.0,391.0,63.2,0.0,30.0,26000.0,12.0,2.5,3.8,65.0,13194.0,0.507,2.0,0.0,0.0,1.0,1.0,524.4923939378181,4.854194955173872,217.3263533055969
Newcastle Hub,M6 J10 Walsall,39,33,1.0,264.04560033296815,345.4931903659269,2.364999999999995,0.36160000000000014,54.9783,-1.6178,52.6133,-1.9794,0.6931471805599453,174.0,302.0,64.9,0.0,21.0,26000.0,12.0,2.5,3.8,65.0,14258.0,0.548,2.0,0.0,0.0,1.0,1.0,665.6358376116868,6.1167389312768,276.3314389073801
M6 J10 Walsall,Felixstowe Port,33,17,1.0,237.99484415456766,311.40680963407306,0.6566000000000045,3.3305,52.6133,-1.9794,51.9567,1.3511,0.6931471805599453,302.0,160.0,64.9,0.0,21.0,26000.0,12.0,2.5,3.8,65.0,14258.0,0.548,2.0,0.0,0.0,1.0,1.0,599.9641623883131,5.5132610687232,249.06856109261986
M6 J10 Walsall,Sheffield Hub,33,50,3.0,91.92711475754095,111.9377264110097,0.7678000000000011,0.5093000000000001,52.6133,-1.9794,53.3811,-1.4701,1.3862943611198906,302.0,164.0,60.56666666666666,0.0,0.0,25333.333333333332,12.166666666666666,2.5166666666666666,3.6666666666666665,63.333333333333336,16979.666666666668,0.6496666666666666,0.6666666666666666,0.0,0.3333333333333333,1.0,0.0,242.60088228372453,1.9969657668721201,89.44983253846333
Sheffield Hub,Warrington,50,61,2.0,74.74154056333698,95.05424581220359,0.008899999999997021,1.1269,53.3811,-1.4701,53.39,-2.597,1.0986122886681098,179.0,292.0,67.85,35.6,7.5,25000.0,11.0,2.5,3.65,60.0,19597.5,0.766,1.0,0.5,0.5,1.0,0.5,184.15973594780405,1.5586214370291875,80.76980526952974
Cardiff Bay,Stoke-on-Trent,6,53,4.0,182.31669932160398,227.96530633054635,1.521099999999997,0.9997000000000003,51.4816,-3.1791,53.0027,-2.1794,1.6094379124341003,186.0,375.0,60.675000000000004,1.3,6.75,33500.0,13.125,2.5125,3.8499999999999996,76.25,20683.0,0.6285000000000001,1.0,0.25,0.0,1.0,0.25,455.49919903972653,4.261998243580217,198.2640195185944
Stoke-on-Trent,Doncaster iPort,53,13,7.0,93.61051985696797,120.47467796057019,0.5004000000000062,1.1315999999999997,53.0027,-2.1794,53.5031,-1.0478,2.0794415416798357,375.0,169.0,59.8,4.871428571428571,7.714285714285714,34857.142857142855,13.928571428571429,2.5214285714285714,3.885714285714286,80.0,20243.714285714286,0.5811428571428572,0.7142857142857143,0.42857142857142855,0.42857142857142855,0.8571428571428571,0.14285714285714285,248.0119126788242,2.2171737879092697,102.94841606961255
A1/A14 Junction,iPort Doncaster,1,67,1.0,138.6057385688579,183.19580598589653,1.1605999999999952,0.7542,52.3333,-0.25,53.4939,-1.0042,0.6931471805599453,259.0,175.0,56.4,0.0,0.0,18000.0,10.0,2.5,3.5,50.0,14818.0,0.823,1.0,0.0,0.0,1.0,0.0,374.655410744445,3.763164411899906,168.72209670935842
Manchester Central,Lancaster,37,24,2.0,72.86583917294013,94.05588146064906,0.5660999999999987,0.5584000000000002,53.4808,-2.2426,54.0469,-2.801,1.0986122886681098,163.0,125.0,59.55,0.0,0.0,36000.0,14.25,2.525,3.9,80.0,23526.0,0.668,2.0,0.5,1.0,1.0,0.0,185.01563610368424,1.7778695039467411,79.9290620763256
Lancaster,Frankley Services,24,18,2.0,187.9056754730355,242.55033824736898,1.6240999999999985,0.7802000000000002,54.0469,-2.801,52.4228,-2.0208,1.0986122886681098,125.0,300.0,59.55,0.0,0.0,36000.0,14.25,2.525,3.9,80.0,23526.0,0.668,2.0,0.5,1.0,1.0,0.0,477.1164165504708,4.5847515630628415,206.12024193849857
Woodall Services,M6 J10 Walsall,65,33,2.0,94.75817005230475,121.63970812480177,0.7124999999999986,0.7763,53.3258,-1.2031,52.6133,-1.9794,1.0986122886681098,391.0,302.0,62.3,4.15,0.0,38000.0,14.25,2.525,3.9,85.0,24987.0,0.649,2.0,0.0,0.0,1.0,0.0,237.8445169845396,2.227143695515621,103.4978193607414
East Midlands Gateway,Hopwood Park,15,21,2.0,72.7336838226263,91.89324613786813,0.4773999999999958,0.7361,52.8313,-1.3283,52.3539,-2.0644,1.0986122886681098,156.0,295.0,62.400000000000006,14.75,0.0,42000.0,16.5,2.55,4.0,95.0,34594.0,0.8180000000000001,2.0,0.0,0.0,1.0,0.0,181.71652931053293,1.6952989236426026,80.82687702162994
Hopwood Park,Glasgow Central,21,19,2.0,415.5042961337524,524.9567538621318,3.5102999999999938,2.1874000000000002,52.3539,-2.0644,55.8642,-4.2518,1.0986122886681098,295.0,169.0,62.400000000000006,14.75,0.0,42000.0,16.5,2.55,4.0,95.0,34594.0,0.8180000000000001,2.0,0.0,0.0,1.0,0.0,1038.088470689467,9.684701076357397,461.7381229783701
Leicester Forest East,Portsmouth Port,26,45,2.0,201.76953881804712,254.7052997951309,1.8141999999999996,0.05790000000000006,52.6167,-1.1667,50.8025,-1.1088,1.0986122886681098,425.0,154.0,56.400000000000006,12.9,0.0,22000.0,11.0,2.5,3.65,57.5,11264.5,0.519,1.5,0.0,0.0,1.0,0.0,559.1773163931492,5.14900122427696,219.6906164909469
Sheffield Hub,M6 J10 Walsall,50,33,2.0,91.92711475754095,109.75794789512105,0.7678000000000011,0.5093000000000001,53.3811,-1.4701,52.6133,-1.9794,1.0986122886681098,179.0,302.0,58.7,0.0,0.0,29000.0,13.25,2.525,3.75,70.0,16023.5,0.59,0.0,0.0,0.5,0.5,0.0,215.23812068263732,1.8690144933226214,92.90810755516642
Wetherby Services,Tamworth,63,55,2.0,147.16923002499976,186.7774800048749,1.3108000000000004,0.3063,53.9444,-1.3847,52.6336,-1.691,1.0986122886681098,280.0,449.0,64.6,0.0,0.0,22000.0,11.0,2.5,3.65,57.5,12618.5,0.5825,1.5,0.0,0.5,1.0,0.0,371.4519283009017,3.2272652525224386,166.33917203139802
Doncaster iPort,Knutsford Services,13,23,3.0,93.40003868271498,113.64852801237987,0.20420000000000016,1.3666,53.5031,-1.0478,53.2989,-2.4144,1.3862943611198906,200.0,242.0,63.13333333333333,0.0,0.0,36000.0,13.5,2.5166666666666666,3.8666666666666667,80.0,23105.0,0.6526666666666666,1.0,0.3333333333333333,0.0,0.6666666666666666,0.0,229.95286246046854,1.9841493488128759,92.62406527184332
Peterborough,Manchester Central,44,37,2.0,167.9104343019455,194.10933820161551,0.9113000000000042,2.0021,52.5695,-0.2405,53.4808,-2.2426,1.0986122886681098,291.0,188.0,58.75,19.8,0.0,35000.0,14.25,2.525,3.9,82.5,18757.5,0.5155,1.0,0.0,0.5,1.0,0.0,390.7150425879581,3.6500921782090368,164.38233979646023
Bristol DC,Leicester Forest East,3,26,1.0,161.7075561425156,190.12636501194442,1.1621999999999986,1.4211999999999998,51.4545,-2.5879,52.6167,-1.1667,0.6931471805599453,160.0,425.0,61.4,0.0,0.0,44000.0,16.5,2.55,4.0,100.0,23436.0,0.533,1.0,1.0,0.0,1.0,0.0,386.49552211255013,3.5040540532678657,170.92239950628138
York,Watford Gap,66,62,1.0,183.8535622738839,241.34422246608213,1.6533000000000015,0.03490000000000015,53.96,-1.0873,52.3067,-1.1222,0.6931471805599453,218.0,391.0,66.5,11.8,15.0,44000.0,16.5,2.55,4.0,100.0,14674.0,0.334,2.0,0.0,0.0,1.0,1.0,471.99617989116894,4.102661697211556,218.95541148987053
London Gateway DC,Coventry,29,10,1.0,167.16340237959776,204.9776626005881,0.8981999999999957,1.9564,51.5086,0.4367,52.4068,-1.5197,0.6931471805599453,153.0,520.0,69.5,0.0,0.0,18000.0,10.0,2.5,3.5,50.0,12431.0,0.691,1.0,0.0,0.0,1.0,0.0,454.0078423388207,3.3763710701042897,169.32044650212188
York,Liverpool Port,66,27,2.0,140.11129415257565,187.84524236076092,0.554700000000004,1.9104,53.96,-1.0873,53.4053,-2.9977,1.0986122886681098,218.0,161.0,58.45,13.6,0.0,44000.0,16.5,2.55,4.0,100.0,24425.0,0.5549999999999999,2.0,0.5,1.0,1.0,0.0,385.9076884566112,3.6243776410938016,161.22980892087077
Woodall Services,Felixstowe Port,65,17,2.0,229.92564209524923,279.3852805285364,1.369100000000003,2.5542,53.3258,-1.2031,51.9567,1.3511,1.0986122886681098,391.0,160.0,64.5,15.15,11.5,38000.0,14.25,2.525,3.9,85.0,29560.0,0.7865,1.0,0.0,0.5,1.0,0.5,586.2998948054119,4.8159021992863975,246.86377626512
Stafford,Bristol DC,52,3,1.0,153.7477854459585,201.39687273502096,1.3521,0.47120000000000006,52.8066,-2.1167,51.4545,-2.5879,0.6931471805599453,411.0,175.0,57.5,4.5,0.0,18000.0,10.0,2.5,3.5,50.0,9600.0,0.533,1.0,0.0,1.0,1.0,0.0,419.95013763989266,3.868502339324954,166.78575888495433
Woodall Services,Preston,65,46,1.0,110.39579601887827,146.0859896877615,0.4373999999999967,1.5,53.3258,-1.2031,53.7632,-2.7031,0.6931471805599453,391.0,176.0,59.4,0.0,0.0,18000.0,10.0,2.5,3.5,50.0,10059.0,0.559,2.0,1.0,1.0,1.0,0.0,288.65699701104717,2.7870662404892403,128.39740928145648
Woodall Services,Frankley Services,65,18,3.0,114.42575542453055,140.405096758807,0.9029999999999987,0.8176999999999999,53.3258,-1.2031,52.4228,-2.0208,1.3862943611198906,391.0,300.0,60.36666666666667,0.0,0.0,28000.0,12.833333333333334,2.5166666666666666,3.766666666666667,68.33333333333333,18132.0,0.6673333333333332,1.0,0.0,0.0,1.0,0.0,305.08540592257174,2.5261114664761313,119.98569304305643
Tamworth,Leeds Central,55,25,1.0,130.13025347146626,157.1659599979779,1.1672000000000011,0.14190000000000014,52.6336,-1.691,53.8008,-1.5491,0.6931471805599453,449.0,160.0,60.5,0.0,0.0,32000.0,12.0,2.5,3.8,70.0,25329.0,0.792,1.0,0.0,0.0,1.0,0.0,299.9141206739245,2.886643061267421,118.47954738248741
Swindon,Bristol DC,54,3,4.0,57.06025964960576,71.64063642617941,0.10129999999999484,0.8081999999999998,51.5558,-1.7797,51.4545,-2.5879,1.6094379124341003,129.0,175.0,64.95,0.0,4.5,36000.0,14.25,2.525,3.9000000000000004,80.0,25487.25,0.6960000000000001,1.0,0.25,0.75,1.0,0.25,152.00871395114868,1.2592149366032457,63.04832273800623
Stoke-on-Trent,A1/A14 Junction,53,1,1.0,149.88412471421134,194.76991066618137,0.669399999999996,1.9293999999999998,53.0027,-2.1794,52.3333,-0.25,0.6931471805599453,375.0,259.0,69.9,8.7,20.0,18000.0,10.0,2.5,3.5,50.0,14296.0,0.794,2.0,0.0,0.0,1.0,1.0,372.7754710988646,3.218387429125452,156.53719214429375
East Midlands Gateway,Stoke-on-Trent,15,53,1.0,60.162239872731675,73.70036929228537,0.17139999999999844,0.8510999999999997,52.8313,-1.3283,53.0027,-2.1794,0.6931471805599453,156.0,375.0,62.4,0.0,0.0,32000.0,12.0,2.5,3.8,70.0,20240.0,0.633,0.0,0.0,0.0,1.0,0.0,147.19818916240584,1.1784693653232392,68.11644999487488
Liverpool Port,Tamworth,27,55,2.0,122.4812580633536,158.03703420431827,0.7716999999999956,1.3067,53.4053,-2.9977,52.6336,-1.691,1.0986122886681098,167.0,449.0,62.099999999999994,0.0,0.0,25000.0,11.0,2.5,3.65,60.0,17781.0,0.6725000000000001,1.0,0.0,0.0,1.0,0.0,336.51815111506505,2.8989286314515548,128.11062254305335
Cardiff Bay,Frankley Services,6,18,4.0,131.35177321695554,164.66357384516076,0.941200000000002,1.1583,51.4816,-3.1791,52.4228,-2.0208,1.6094379124341003,186.0,300.0,62.074999999999996,15.275,0.0,32500.0,13.125,2.5125,3.8499999999999996,73.75,19842.5,0.62025,0.5,0.5,0.25,1.0,0.0,352.92921970393536,2.815316914749029,136.3029286688881
Frankley Services,Coventry,18,10,4.0,34.032262508060775,42.663101025350954,0.016000000000005343,0.5010999999999999,52.4228,-2.0208,52.4068,-1.5197,1.6094379124341003,300.0,520.0,62.074999999999996,15.275,0.0,32500.0,13.125,2.5125,3.8499999999999996,73.75,19842.5,0.62025,0.5,0.5,0.25,1.0,0.0,91.44132246993486,0.7294275664468524,35.31506987283136
Newcastle Hub,Derby,39,12,2.0,228.77557532829937,295.199794485215,2.0556999999999945,0.1432,54.9783,-1.6178,52.9226,-1.4746,1.0986122886681098,174.0,391.0,62.75,20.85,75.0,36000.0,14.25,2.525,3.9,80.0,24058.5,0.6865,1.0,0.0,1.0,1.0,1.0,593.9299375330492,5.31359630073387,241.971456031983
M5 J15 Almondsbury,Liverpool Port,32,27,1.0,207.79076476622686,268.0688713041719,1.8496999999999986,0.4365999999999999,51.5556,-2.5611,53.4053,-2.9977,0.6931471805599453,83.0,161.0,66.7,35.8,0.0,18000.0,10.0,2.5,3.5,50.0,9776.0,0.543,2.0,0.0,1.0,1.0,0.0,523.939442695953,4.665072204455457,236.29022666696932
M5 J15 Almondsbury,Birmingham Central,32,2,5.0,113.19747248271403,142.55942240012763,0.9305999999999983,0.6707000000000001,51.5556,-2.5611,52.4862,-1.8904,1.791759469228055,83.0,180.0,61.58,12.58,0.0,40800.0,15.6,2.54,3.96,92.0,25809.8,0.6376000000000002,2.0,0.0,0.2,0.8,0.0,300.3460362781646,2.634643542970876,122.47140925452682
Milton Keynes,Stoke-on-Trent,38,53,1.0,143.7829370142881,181.83009602876768,0.9620999999999995,1.42,52.0406,-0.7594,53.0027,-2.1794,0.6931471805599453,277.0,375.0,65.8,3.4,0.0,26000.0,12.0,2.5,3.8,65.0,17289.0,0.665,2.0,0.0,1.0,1.0,0.0,346.3348119491969,3.0786159496816503,141.0832126482105
Milton Keynes,Northampton,38,40,4.0,24.284007343636674,30.544369340265877,0.19989999999999952,0.14329999999999998,52.0406,-0.7594,52.2405,-0.9027,1.6094379124341003,277.0,363.0,62.474999999999994,5.2,0.0,35500.0,14.25,2.525,3.9,81.25,21632.25,0.621,0.75,0.25,0.5,1.0,0.0,73.71635037234698,0.539240192151,28.031806152464224
Frankley Services,Edinburgh Hub,18,16,2.0,399.84017709814606,497.0610847509328,3.5304999999999964,1.1675,52.4228,-2.0208,55.9533,-3.1883,1.0986122886681098,300.0,153.0,68.30000000000001,10.45,12.0,32000.0,12.0,2.5,3.8,70.0,20752.5,0.6485000000000001,2.0,0.5,0.0,0.5,0.5,948.6916861560624,8.21775779080598,405.36953304524775
ProLogis Park DC,Northampton,47,40,2.0,66.11143209806102,82.8516267273658,0.26260000000000616,0.8737,52.5031,-1.7764,52.2405,-0.9027,1.0986122886681098,162.0,363.0,61.1,20.65,0.0,38000.0,14.25,2.525,3.9,85.0,24193.0,0.613,1.0,0.5,0.5,1.0,0.0,165.6723572628809,1.5129167493340705,73.02763437019456
Magna Park DC,A1/A14 Junction,36,1,2.0,65.40732479825876,82.95088362287558,0.10389999999999588,0.9486000000000001,52.4372,-1.1986,52.3333,-0.25,1.0986122886681098,149.0,259.0,57.6,0.0,0.0,42000.0,16.5,2.55,4.0,95.0,24120.5,0.573,0.0,0.0,0.5,1.0,0.0,182.77076864810584,1.4400842831491159,71.61074674218744
Watford Gap,M62 J26 Chain Bar,62,34,1.0,162.3460379507134,216.590250546381,1.4230000000000018,0.5430999999999999,52.3067,-1.1222,53.7297,-1.6653,0.6931471805599453,391.0,309.0,64.3,8.5,0.0,40000.0,16.5,2.55,4.0,90.0,22541.0,0.564,2.0,0.0,0.0,1.0,0.0,423.1535271329332,3.847744199073816,189.62749235006817
London Gateway DC,Dover Port,29,14,4.0,74.18907288047566,90.35,0.3807000000000045,0.8766999999999999,51.5086,0.4367,51.1279,1.3134,1.6094379124341003,153.0,180.0,60.275,0.0,9.5,35500.0,14.25,2.525,3.9,81.25,22012.0,0.62075,0.0,0.25,0.0,1.0,0.5,257.63750000000005,1.51,77.67
Rugby,Swindon,49,54,1.0,97.24031795985607,115.62413044720508,0.8150000000000048,0.5146000000000002,52.3708,-1.2651,51.5558,-1.7797,0.6931471805599453,393.0,129.0,69.2,0.0,0.0,32000.0,12.0,2.5,3.8,70.0,19856.0,0.621,1.0,0.0,1.0,1.0,0.0,257.9294681802778,1.8811531211145758,104.31773232429306
Frankley Services,Manchester Central,18,37,1.0,118.57891507503304,144.78845613361273,1.0579999999999998,0.2218,52.4228,-2.0208,53.4808,-2.2426,0.6931471805599453,300.0,188.0,62.2,0.0,0.0,32000.0,12.0,2.5,3.8,70.0,22696.0,0.709,1.0,0.0,1.0,1.0,0.0,291.4537996615501,2.6132919051763177,128.81791933160315
Edinburgh Hub,A1 Scotch Corner,16,0,3.0,197.7130089749935,251.59334304580557,1.5499999999999972,1.5261,55.9533,-3.1883,54.4033,-1.6622,1.3862943611198906,167.0,49.0,62.76666666666667,5.866666666666667,8.666666666666666,30000.0,12.833333333333334,2.5166666666666666,3.766666666666667,70.0,20544.0,0.646,1.3333333333333333,0.0,0.0,0.6666666666666666,0.3333333333333333,497.6516970774324,4.640883663762467,215.64537837514249
Swindon,Bristol Port,54,4,2.0,64.81626039475735,80.89743140942582,0.04549999999999699,0.9342000000000001,51.5558,-1.7797,51.5103,-2.7139,1.0986122886681098,129.0,167.0,66.25,0.0,5.0,29000.0,13.25,2.525,3.75,70.0,20932.5,0.7045,1.0,0.0,0.0,1.0,0.5,156.84853984095247,1.4106863856599265,64.69529379290057
Bristol Port,Watford Gap,4,62,7.0,140.579316902782,174.2344289074151,0.7963999999999984,1.5917000000000001,51.5103,-2.7139,52.3067,-1.1222,2.0794415416798357,171.0,391.0,64.97142857142856,12.857142857142858,0.0,35142.857142857145,13.928571428571429,2.5214285714285714,3.885714285714286,79.28571428571429,22331.714285714286,0.6304285714285714,0.5714285714285714,0.2857142857142857,0.2857142857142857,1.0,0.0,337.9303213289092,2.83402048241233,150.59676250100304
Watford Gap,East Midlands Gateway,62,15,4.0,59.972892321773756,73.88084690961881,0.5245999999999995,0.20609999999999995,52.3067,-1.1222,52.8313,-1.3283,1.6094379124341003,391.0,178.0,61.825,16.4,0.0,33500.0,13.125,2.5125,3.8499999999999996,76.25,19233.0,0.57575,0.0,0.25,0.25,1.0,0.0,150.5078524560604,1.1944370434725498,62.50040110108773
Knutsford Services,A1 Scotch Corner,23,0,1.0,132.34258579443897,154.29383688845056,1.1043999999999983,0.7522000000000002,53.2989,-2.4144,54.4033,-1.6622,0.6931471805599453,242.0,49.0,69.4,0.0,0.0,32000.0,12.0,2.5,3.8,70.0,26812.0,0.838,2.0,0.0,0.0,1.0,0.0,295.60739861009495,2.48558460640969,130.38115814879842
A1 Scotch Corner,Chester,0,9,1.0,156.96277683587692,182.997702072183,1.2098000000000013,1.2316000000000003,54.4033,-1.6622,53.1935,-2.8938,0.6931471805599453,49.0,179.0,69.4,0.0,0.0,32000.0,12.0,2.5,3.8,70.0,26812.0,0.838,2.0,0.0,0.0,1.0,0.0,350.6003593668649,2.9479872978193615,154.63645739777408
Leicester Forest East,Oxford,26,43,2.0,96.35031095842699,124.81517221609796,0.8646999999999991,0.09099999999999997,52.6167,-1.1667,51.752,-1.2577,1.0986122886681098,425.0,210.0,62.0,0.0,0.0,38000.0,14.25,2.525,3.9,85.0,22810.5,0.617,1.0,0.0,0.0,1.0,0.0,244.9451606403058,2.245272595303959,102.88897533035862
Manchester Central,Wolverhampton,37,64,2.0,99.77628202949292,130.7633193145419,0.8947000000000003,0.11370000000000013,53.4808,-2.2426,52.5861,-2.1289,1.0986122886681098,163.0,363.0,59.7,21.95,0.0,44000.0,16.5,2.55,4.0,100.0,30208.5,0.6865,0.0,0.0,0.5,1.0,0.0,257.37415459588914,2.190321248278477,115.62500527045052
Wolverhampton,DIRFT Daventry,64,11,2.0,75.14825166363062,98.48668068545814,0.3287000000000049,0.9682999999999997,52.5861,-2.1289,52.2574,-1.1606,1.0986122886681098,363.0,168.0,59.7,21.95,0.0,44000.0,16.5,2.55,4.0,100.0,30208.5,0.6865,0.0,0.0,0.5,1.0,0.0,193.8458454041109,1.6496787517215235,87.08499472954948
Chester,Doncaster iPort,9,13,4.0,127.2733907803959,159.03065809425397,0.3096000000000032,1.846,53.1935,-2.8938,53.5031,-1.0478,1.6094379124341003,179.0,169.0,66.1,1.725,4.5,34000.0,13.125,2.5125,3.8499999999999996,75.0,21707.25,0.6335,1.25,0.25,0.25,1.0,0.25,309.3244279322305,2.682928086795704,132.39472788848872
Teesport,Preston,56,46,3.0,138.06727122712653,174.2254930520687,0.8601000000000028,1.5308000000000002,54.6233,-1.1723,53.7632,-2.7031,1.3862943611198906,166.0,176.0,61.666666666666664,5.333333333333333,0.0,32000.0,13.5,2.5166666666666666,3.8666666666666667,76.66666666666667,22312.333333333332,0.6866666666666666,0.6666666666666666,0.0,0.0,1.0,0.0,339.7405227396941,3.0578670317877665,144.86806091072904
Warrington,Stafford,61,52,2.0,72.36411125258294,93.57544499278762,0.5833999999999975,0.48030000000000017,53.39,-2.597,52.8066,-2.1167,1.0986122886681098,292.0,411.0,59.900000000000006,8.0,0.0,26000.0,12.0,2.5,3.8,65.0,17136.5,0.659,1.0,0.0,0.0,1.0,0.0,184.15574965117955,1.7380890122326704,78.40006729851596
Wetherby Services,Leeds Central,63,25,4.0,19.26463761627675,24.033254851558528,0.14359999999999928,0.16439999999999988,53.9444,-1.3847,53.8008,-1.5491,1.6094379124341003,280.0,160.0,63.949999999999996,6.55,13.0,40000.0,15.375,2.5374999999999996,3.95,90.0,18434.25,0.45975,0.0,0.25,0.0,1.0,0.5,47.01965288176797,0.3767702224819279,20.699474433951966
M1/M6 Junction,Trafford Park DC,30,60,1.0,122.5441540617754,157.41836437969826,0.8806999999999974,1.1016,52.5861,-1.2125,53.4668,-2.3141,0.6931471805599453,498.0,144.0,61.3,0.0,0.0,26000.0,12.0,2.5,3.8,65.0,16661.0,0.641,1.0,0.0,1.0,1.0,0.0,306.9698324710294,2.871658461091072,119.03708049427517
Watford Gap,M25 J15 (M4),62,31,3.0,101.76573443852004,126.27191739058055,0.8331000000000017,0.6139000000000001,52.3067,-1.1222,51.4736,-0.5083,1.3862943611198906,391.0,96.0,61.53333333333333,14.666666666666666,0.0,34000.0,13.5,2.5166666666666666,3.8666666666666667,78.33333333333333,19716.666666666668,0.5579999999999999,1.6666666666666667,0.0,0.3333333333333333,1.0,0.0,248.99970627001878,2.331751956742785,106.76098364929986
M25 J15 (M4),Felixstowe Port,31,17,1.0,138.90237874340903,174.50938114687835,0.4831000000000003,1.8594,51.4736,-0.5083,51.9567,1.3511,0.6931471805599453,96.0,160.0,62.0,0.0,0.0,44000.0,16.5,2.55,4.0,100.0,27358.0,0.622,2.0,0.0,0.0,1.0,0.0,347.50592150481555,3.2722411430820553,152.0998562209527
Woodall Services,Birmingham Central,65,2,1.0,104.11687908575162,133.76358625432138,0.8396000000000043,0.6873,53.3258,-1.2031,52.4862,-1.8904,0.6931471805599453,391.0,180.0,60.9,0.0,0.0,40000.0,16.5,2.55,4.0,90.0,23365.0,0.584,1.0,0.0,1.0,1.0,0.0,260.1051214305041,2.4005402436718044,107.19635307603644
Reading,DIRFT Daventry,48,11,1.0,90.17599546169346,112.81031213325781,0.8030999999999935,0.1825000000000001,51.4543,-0.9781,52.2574,-1.1606,0.6931471805599453,130.0,168.0,59.2,0.0,27.0,40000.0,16.5,2.55,4.0,90.0,33735.0,0.843,1.0,0.0,0.0,1.0,1.0,223.8560130533679,2.1667622951224996,93.56252931322562
London Central,Leicester Forest East,28,26,4.0,142.33108794049528,181.60655219568383,1.1093000000000046,1.0389000000000002,51.5074,-0.1278,52.6167,-1.1667,1.6094379124341003,178.0,425.0,64.725,0.0,5.25,33000.0,13.75,2.525,3.825,78.75,19444.0,0.611,1.0,0.0,0.25,1.0,0.25,416.9813391352498,3.264700743908394,156.76998385936085
Omega Warrington,Liverpool Port,42,27,1.0,22.915945520205895,28.3,0.02370000000000516,0.34350000000000014,53.429,-2.6542,53.4053,-2.9977,0.6931471805599453,183.0,161.0,59.3,0.0,0.0,26000.0,12.0,2.5,3.8,65.0,8850.0,0.34,0.0,0.0,0.0,1.0,0.0,63.33,0.48,22.85
Grimsby Port,Rugby,20,49,3.0,155.81531700742596,194.19344425270774,1.2042000000000002,1.1901,53.575,-0.075,52.3708,-1.2651,1.3862943611198906,143.0,393.0,60.9,0.0,0.0,30000.0,12.0,2.5,3.7999999999999994,68.33333333333333,20134.0,0.6649999999999999,1.0,0.0,0.0,1.0,0.0,404.714599990067,3.5800942005951417,174.78742848526858
Swindon,Dover Port,54,14,1.0,220.03549602563248,291.53647297903774,0.42790000000000106,3.0930999999999997,51.5558,-1.7797,51.1279,1.3134,0.6931471805599453,129.0,180.0,59.3,39.5,0.0,44000.0,16.5,2.55,4.0,100.0,33552.0,0.763,2.0,1.0,0.0,1.0,0.0,572.847547415702,5.590184841887915,245.72939025771768
Stoke-on-Trent,Felixstowe Port,53,17,3.0,265.8441425583003,337.0625174263832,1.0459999999999994,3.5305,53.0027,-2.1794,51.9567,1.3511,1.3862943611198906,375.0,160.0,65.2,5.633333333333333,9.0,32000.0,13.5,2.5166666666666666,3.8666666666666667,76.66666666666667,15497.0,0.49533333333333335,1.6666666666666667,0.0,0.3333333333333333,1.0,0.6666666666666666,667.7176504329856,5.871067874666083,294.9865309912762
M1/M6 Junction,London Central,30,28,2.0,141.02691350830503,179.33823579109946,1.0787000000000049,1.0847,52.5861,-1.2125,51.5074,-0.1278,1.0986122886681098,498.0,156.0,62.75,0.0,7.5,36000.0,14.25,2.525,3.9,80.0,23620.5,0.67,1.0,1.0,0.5,1.0,0.5,447.7088106238292,3.2726881336896065,153.24298761812946
Coventry,iPort Doncaster,10,67,4.0,125.71612871601228,155.6826527753434,1.0870999999999995,0.5155000000000001,52.4068,-1.5197,53.4939,-1.0042,1.6094379124341003,520.0,175.0,62.89999999999999,6.95,0.0,34000.0,14.25,2.525,3.9000000000000004,80.0,25559.25,0.7705,1.0,0.0,0.25,1.0,0.0,305.5647600051185,2.7676971345136985,127.63594610410073
Frankley Services,Teesport,18,56,1.0,251.02635102825502,320.94880343551705,2.200499999999998,0.8485,52.4228,-2.0208,54.6233,-1.1723,0.6931471805599453,300.0,157.0,56.5,32.2,0.0,40000.0,16.5,2.55,4.0,90.0,33644.0,0.841,2.0,0.0,1.0,1.0,0.0,658.7603514663936,6.522435388668532,298.9918118900424
Portsmouth Port,Hopwood Park,45,21,5.0,184.71022044021134,229.10530515777828,1.551400000000001,0.9556,50.8025,-1.1088,52.3539,-2.0644,1.791759469228055,168.0,295.0,63.02,0.9199999999999999,5.2,35600.0,13.8,2.52,3.88,81.0,22096.4,0.6296,1.0,0.2,0.0,1.0,0.2,458.16700403814355,4.168789960916792,197.071084711908
Wolverhampton,Trafford Park DC,64,60,1.0,98.7095580427943,129.4743632354151,0.8806999999999974,0.18520000000000003,52.5861,-2.1289,53.4668,-2.3141,0.6931471805599453,363.0,144.0,67.7,35.1,0.0,40000.0,16.5,2.55,4.0,90.0,32694.0,0.817,1.0,0.0,0.0,1.0,0.0,255.73160433555995,2.1231314354587885,113.5071742327549
Watford Gap,Birmingham Central,62,2,3.0,55.81337403645736,70.789819684444,0.17949999999999733,0.7682,52.3067,-1.1222,52.4862,-1.8904,1.3862943611198906,391.0,180.0,62.699999999999996,29.8,0.0,35333.333333333336,15.0,2.533333333333333,3.9333333333333336,81.66666666666667,24485.333333333332,0.6993333333333333,1.0,0.3333333333333333,0.3333333333333333,1.0,0.0,147.3710690168523,1.26426619558386,64.8972941771742
Warrington,Woodall Services,61,65,3.0,92.77672785629072,119.61126664462334,0.06419999999999959,1.3939,53.39,-2.597,53.3258,-1.2031,1.3862943611198906,292.0,391.0,64.26666666666667,12.133333333333333,7.333333333333333,42666.666666666664,16.5,2.55,4.0,96.66666666666667,25367.333333333332,0.5893333333333334,2.0,0.0,0.6666666666666666,1.0,0.3333333333333333,231.56758176917413,2.107829973789552,99.0907804554828
Derby,M62 J26 Chain Bar,12,34,2.0,90.63467450190443,113.94823469055866,0.8070999999999984,0.1907000000000001,52.9226,-1.4746,53.7297,-1.6653,1.0986122886681098,391.0,309.0,60.2,0.0,0.0,18000.0,10.0,2.5,3.5,50.0,10297.0,0.5720000000000001,1.5,0.0,0.0,1.0,0.0,244.24585497848028,2.0934190825867027,101.07658175587358
A1/A14 Junction,Teesport,1,56,2.0,261.8428564237124,330.6657789897768,2.289999999999999,0.9222999999999999,52.3333,-0.25,54.6233,-1.1723,1.0986122886681098,259.0,157.0,63.800000000000004,0.0,0.0,33000.0,14.25,2.525,3.9,77.5,24718.0,0.7535000000000001,1.5,0.0,0.5,0.5,0.0,643.9183835456938,5.824895395015641,279.64311859211455
Wolverhampton,Cambridge,64,5,1.0,158.46791987229503,186.84863968972363,0.3808000000000007,2.2506999999999997,52.5861,-2.1289,52.2053,0.1218,0.6931471805599453,363.0,115.0,62.7,0.0,0.0,44000.0,16.5,2.55,4.0,100.0,20969.0,0.477,1.0,1.0,0.0,1.0,0.0,439.2325633636442,3.2787393433926133,146.46879201724252
Teesport,Stafford,56,52,1.0,211.34643104346574,279.7026049033031,1.8166999999999973,0.9443999999999999,54.6233,-1.1723,52.8066,-2.1167,0.6931471805599453,166.0,411.0,57.3,0.0,0.0,18000.0,10.0,2.5,3.5,50.0,14853.0,0.825,1.0,0.0,0.0,1.0,0.0,551.4750010666871,5.437223343134826,217.11165700362452
Hopwood Park,Milton Keynes,21,38,2.0,95.5216354701409,115.06240699384495,0.31330000000000524,1.3050000000000002,52.3539,-2.0644,52.0406,-0.7594,1.0986122886681098,295.0,277.0,62.349999999999994,23.5,9.0,22000.0,11.0,2.5,3.65,57.5,15249.0,0.7275,1.5,0.5,0.0,1.0,0.5,229.04152710085924,2.085076622406804,98.5644456783237
Frankley Services,Leicester Forest East,18,26,1.0,61.67975033913155,71.96713135674698,0.1938999999999993,0.8540999999999999,52.4228,-2.0208,52.6167,-1.1667,0.6931471805599453,300.0,425.0,64.9,0.0,0.0,32000.0,12.0,2.5,3.8,70.0,17376.0,0.543,1.0,0.0,1.0,1.0,0.0,153.43183762880454,1.2170805383464358,55.049711873731525
Wolverhampton,Stoke-on-Trent,64,53,2.0,46.448142022616146,57.47735974925223,0.4165999999999954,0.05049999999999999,52.5861,-2.1289,53.0027,-2.1794,1.0986122886681098,363.0,375.0,65.3,19.25,22.0,29000.0,12.0,2.5,3.8,67.5,19823.5,0.673,1.0,0.0,0.5,1.0,0.5,114.35739380863947,0.9813207762067453,49.9010757441281
Stoke-on-Trent,M62 J26 Chain Bar,53,34,2.0,87.74016139813475,108.57426371721203,0.7270000000000039,0.5140999999999998,53.0027,-2.1794,53.7297,-1.6653,1.0986122886681098,375.0,309.0,65.3,19.25,22.0,29000.0,12.0,2.5,3.8,67.5,19823.5,0.673,1.0,0.0,0.5,1.0,0.5,216.02018407872026,1.8537069415133764,94.26272503211187
Knutsford Services,Peterborough,23,44,1.0,166.73991645156443,197.1730996323752,0.7294000000000054,2.1739,53.2989,-2.4144,52.5695,-0.2405,0.6931471805599453,242.0,291.0,66.1,36.2,0.0,44000.0,16.5,2.55,4.0,100.0,40766.0,0.927,1.0,0.0,1.0,1.0,0.0,393.1233567321708,3.286902243611499,176.14267017106567
M6 J10 Walsall,Wetherby Services,33,63,2.0,153.20042648532728,194.5679729953358,1.3310999999999993,0.5947,52.6133,-1.9794,53.9444,-1.3847,1.0986122886681098,302.0,280.0,59.7,11.5,16.5,31000.0,13.25,2.525,3.75,75.0,23292.0,0.7375,3.5,1.0,0.5,1.0,0.5,391.44118935277845,3.779978172882359,177.32909923358687
Chester,Birmingham Central,9,2,2.0,103.57235071041201,127.71507238190081,0.7073000000000036,1.0034,53.1935,-2.8938,52.4862,-1.8904,1.0986122886681098,179.0,180.0,59.8,0.0,0.0,36000.0,14.25,2.525,3.9,80.0,25977.0,0.738,1.0,0.5,0.5,1.0,0.0,280.82568225128813,2.3978023370708725,104.52821968102154
Hopwood Park,Stafford,21,52,2.0,50.46189448370642,60.664708858239266,0.4527000000000001,0.05229999999999979,52.3539,-2.0644,52.8066,-2.1167,1.0986122886681098,295.0,411.0,63.150000000000006,5.7,0.0,25000.0,11.0,2.5,3.65,60.0,16088.0,0.6825,0.5,0.0,0.5,1.0,0.0,118.46919314343651,1.046937571520619,51.78459324895367
Swindon,Tilbury Port,54,58,1.0,148.406483528053,173.74733618722303,0.10129999999999484,2.1381,51.5558,-1.7797,51.4545,0.3584,0.6931471805599453,129.0,183.0,64.7,2.1,0.0,18000.0,10.0,2.5,3.5,50.0,8973.0,0.499,1.0,0.0,1.0,1.0,0.0,369.15603359070576,3.0562067130590918,154.29378663867644
M62 J26 Chain Bar,Liverpool Port,34,27,2.0,95.09159151325767,118.40104962393065,0.32440000000000424,1.3324,53.7297,-1.6653,53.4053,-2.9977,1.0986122886681098,309.0,161.0,65.5,18.95,0.0,22000.0,11.0,2.5,3.65,57.5,14900.0,0.6375,2.0,0.0,0.5,1.0,0.0,235.09799701985196,2.061814569888617,107.52353389700895
M1/M6 Junction,Knutsford Services,30,23,2.0,112.99396197687763,133.90271222626882,0.7128000000000014,1.2019000000000002,52.5861,-1.2125,53.2989,-2.4144,1.0986122886681098,498.0,242.0,65.65,2.45,0.0,29000.0,13.25,2.525,3.75,70.0,18426.5,0.5665,1.0,0.5,0.5,1.0,0.0,260.61821143883196,2.284349871687525,109.24271948601564
Peterborough,Chester,44,9,1.0,191.07080990609344,253.96393590711736,0.6240000000000023,2.6533,52.5695,-0.2405,53.1935,-2.8938,0.6931471805599453,291.0,179.0,68.8,2.7,0.0,18000.0,10.0,2.5,3.5,50.0,13646.0,0.758,2.0,0.0,0.0,1.0,0.0,487.4376852223805,4.255306837199256,215.056660926147
Tibshelf Services,Northampton,57,40,1.0,104.4317955003343,125.06218943433726,0.9012000000000029,0.43620000000000003,53.1417,-1.3389,52.2405,-0.9027,0.6931471805599453,547.0,363.0,62.3,26.3,0.0,44000.0,16.5,2.55,4.0,100.0,29057.0,0.66,1.0,0.0,0.0,1.0,0.0,242.16408908317058,2.218211262979938,103.11032151791049
Rugby,Knutsford Services,49,23,3.0,128.87881598943574,158.72398913984577,0.9281000000000006,1.1493000000000002,52.3708,-1.2651,53.2989,-2.4144,1.3862943611198906,393.0,242.0,61.86666666666667,0.0,5.666666666666667,25333.333333333332,11.333333333333334,2.5,3.6999999999999997,61.666666666666664,19192.666666666668,0.763,1.3333333333333333,0.0,0.0,1.0,0.3333333333333333,311.0453140348279,2.868058403558795,133.38661660986705
Swindon,Hopwood Park,54,21,1.0,90.86381940557591,113.1682793582504,0.7981000000000051,0.28469999999999995,51.5558,-1.7797,52.3539,-2.0644,0.6931471805599453,129.0,295.0,61.8,0.0,0.0,18000.0,10.0,2.5,3.5,50.0,14198.0,0.789,0.0,1.0,0.0,0.0,0.0,218.64433759286172,1.8302026989926616,95.35848292306508
Hopwood Park,Frankley Services,21,18,1.0,8.212844160620898,10.228861700676937,0.0688999999999993,0.04360000000000008,52.3539,-2.0644,52.4228,-2.0208,0.6931471805599453,295.0,300.0,61.8,0.0,0.0,18000.0,10.0,2.5,3.5,50.0,14198.0,0.789,0.0,1.0,0.0,0.0,0.0,19.762452018852347,0.16542524458587848,8.619100151895038
Swindon,M6 J10 Walsall,54,33,4.0,118.37773770551016,147.75396286586437,1.0575000000000045,0.1997,51.5558,-1.7797,52.6133,-1.9794,1.6094379124341003,129.0,302.0,63.199999999999996,6.375,13.5,25500.0,12.125,2.5125,3.7,63.75,17016.25,0.6585,1.0,0.0,0.5,1.0,0.25,332.65348600542393,2.6053600032780895,117.72297833216345
Magna Park DC,Wolverhampton,36,64,4.0,65.09674099402835,80.81232755793971,0.1489000000000047,0.9302999999999997,52.4372,-1.1986,52.5861,-2.1289,1.6094379124341003,149.0,363.0,65.425,0.0,0.0,39000.0,15.375,2.5374999999999996,3.95,87.5,23403.75,0.6015,0.5,0.25,0.25,1.0,0.0,155.6379197525625,1.2794368166907515,67.83317172114567
Wolverhampton,M5 J15 Almondsbury,64,32,1.0,118.33256837890627,146.36552129782865,1.0305000000000035,0.43220000000000036,52.5861,-2.1289,51.5556,-2.5611,0.6931471805599453,363.0,83.0,69.4,0.0,0.0,40000.0,16.5,2.55,4.0,90.0,31440.0,0.786,2.0,0.0,1.0,1.0,0.0,277.35144711062685,2.372831846710488,118.6801464718816
M5 J15 Almondsbury,Glasgow Central,32,19,3.0,491.80731899227794,599.0998040117296,4.308599999999998,1.6907,51.5556,-2.5611,55.8642,-4.2518,1.3862943611198906,83.0,169.0,63.06666666666666,0.0,6.0,30000.0,12.833333333333334,2.5166666666666666,3.766666666666667,70.0,24368.0,0.7926666666666667,2.6666666666666665,0.0,0.3333333333333333,1.0,0.3333333333333333,1165.959895174781,10.901209473368572,495.5149310727716
Oxford,M5 J15 Almondsbury,43,32,2.0,92.52993281432443,111.84921384918347,0.19640000000000413,1.3034000000000001,51.752,-1.2577,51.5556,-2.5611,1.0986122886681098,210.0,83.0,59.9,0.0,9.0,25000.0,11.0,2.5,3.65,60.0,20832.0,0.796,3.0,0.0,0.0,1.0,0.5,220.61295324160074,2.1487579401473242,93.44037874008532
Grimsby Port,Tamworth,20,55,2.0,150.3114618275698,188.8643323455513,0.9414000000000016,1.616,53.575,-0.075,52.6336,-1.691,1.0986122886681098,143.0,449.0,67.8,28.5,0.0,22000.0,11.0,2.5,3.65,57.5,9684.5,0.4435,2.0,0.5,0.0,1.0,0.0,368.9080220707599,3.195447310286668,169.0306552659145
Tamworth,Warrington,55,61,2.0,103.6704866585905,130.26057366918525,0.7563999999999993,0.9059999999999999,52.6336,-1.691,53.39,-2.597,1.0986122886681098,449.0,292.0,67.8,28.5,0.0,22000.0,11.0,2.5,3.65,57.5,9684.5,0.4435,2.0,0.5,0.0,1.0,0.0,254.43751072161373,2.203914283857637,116.5811979910083
Warrington,Portsmouth Port,61,45,1.0,305.13165908038974,373.3965303606979,2.5874999999999986,1.4882,53.39,-2.597,50.8025,-1.1088,0.6931471805599453,292.0,154.0,69.0,29.9,0.0,18000.0,10.0,2.5,3.5,50.0,8322.0,0.462,2.0,0.0,0.0,1.0,0.0,726.5023810972936,6.226913784588663,335.0254253480398
Lancaster,Stafford,24,52,2.0,145.17466199728403,182.67531540805385,1.2402999999999977,0.6843000000000004,54.0469,-2.801,52.8066,-2.1167,1.0986122886681098,125.0,411.0,63.4,0.0,25.5,18000.0,10.0,2.5,3.5,50.0,10180.5,0.5660000000000001,1.0,0.5,0.0,1.0,0.5,359.0932937263021,3.1691540146453137,156.38491001316333
Knutsford Services,Doncaster iPort,23,13,2.0,93.40003868271498,124.18767823491297,0.20420000000000016,1.3666,53.2989,-2.4144,53.5031,-1.0478,1.0986122886681098,242.0,169.0,64.0,10.95,0.0,22000.0,11.0,2.5,3.65,57.5,15790.5,0.6795,1.5,0.0,0.0,1.0,0.0,239.37427767508927,2.1856116358762705,101.09735942589775
Tamworth,London Gateway DC,55,29,1.0,191.81320471539243,231.21313889384157,1.125,2.1277,52.6336,-1.691,51.5086,0.4367,0.6931471805599453,449.0,172.0,61.9,14.3,0.0,44000.0,16.5,2.55,4.0,100.0,37352.0,0.849,2.0,0.0,0.0,1.0,0.0,459.03818420024703,4.237625444503071,211.25917409360062
London Gateway DC,London Central,29,28,3.0,39.068280597573214,47.333333333333336,0.0012000000000043087,0.5645,51.5086,0.4367,51.5074,-0.1278,1.3862943611198906,153.0,156.0,58.300000000000004,17.933333333333334,0.0,28000.0,12.833333333333334,2.5166666666666666,3.766666666666667,68.33333333333333,17003.666666666668,0.6083333333333333,0.0,0.0,0.3333333333333333,1.0,0.0,199.31333333333336,0.8133333333333335,38.06666666666667
Peterborough,Nottingham Hub,44,41,1.0,75.15023585607211,100.79935683712364,0.38530000000000086,0.9176,52.5695,-0.2405,52.9548,-1.1581,0.6931471805599453,291.0,178.0,60.5,0.0,0.0,44000.0,16.5,2.55,4.0,100.0,35040.0,0.796,1.0,0.0,1.0,1.0,0.0,192.1027835342031,1.812363870516843,77.4060414429229
Toddington Services,iPort Doncaster,59,67,2.0,174.32938419314604,215.46240003792576,1.541099999999993,0.4756,51.9528,-0.5286,53.4939,-1.0042,1.0986122886681098,111.0,175.0,60.05,8.8,0.0,25000.0,11.0,2.5,3.65,60.0,15247.0,0.6275,1.0,0.5,0.5,1.0,0.0,428.9858218923653,4.016829128762497,184.2658132101069
M5 J15 Almondsbury,Manchester Central,32,37,2.0,215.15417126195592,275.894611800909,1.9252000000000038,0.3185000000000002,51.5556,-2.5611,53.4808,-2.2426,1.0986122886681098,83.0,188.0,60.25,0.0,9.0,22000.0,11.0,2.5,3.65,57.5,14561.0,0.6225,2.0,0.0,0.5,1.0,0.5,542.232248345518,5.239927203212218,231.30126747294156
Peterborough,Tibshelf Services,44,57,1.0,97.40028391842218,123.11894464259835,0.5722000000000023,1.0984,52.5695,-0.2405,53.1417,-1.3389,0.6931471805599453,291.0,547.0,56.8,0.0,0.0,40000.0,16.5,2.55,4.0,90.0,19774.0,0.494,2.0,0.0,1.0,1.0,0.0,248.94540842443962,2.510858120683005,103.23331420775372
Watford Gap,Chester,62,9,3.0,154.7218477992402,191.96769835924678,0.8868000000000009,1.7716,52.3067,-1.1222,53.1935,-2.8938,1.3862943611198906,391.0,179.0,67.53333333333335,2.3000000000000003,0.0,34666.666666666664,13.5,2.5166666666666666,3.8666666666666667,76.66666666666667,21017.666666666668,0.5970000000000001,1.0,0.3333333333333333,0.3333333333333333,1.0,0.0,369.1396410620046,3.117079926311376,164.00795519876624
Glasgow Central,York,19,66,1.0,292.7669092125877,368.94337217581375,1.904199999999996,3.1645000000000003,55.8642,-4.2518,53.96,-1.0873,0.6931471805599453,155.0,218.0,56.4,35.4,0.0,44000.0,16.5,2.55,4.0,100.0,28955.0,0.658,2.0,0.0,0.0,1.0,0.0,809.084889818964,7.4226343712832055,340.4771257782153
York,Derby,66,12,1.0,118.17106838697133,148.91858025064457,1.037399999999998,0.3873,53.96,-1.0873,52.9226,-1.4746,0.6931471805599453,218.0,391.0,56.4,35.4,0.0,44000.0,16.5,2.55,4.0,100.0,28955.0,0.658,2.0,0.0,0.0,1.0,0.0,326.57524753330677,2.9960374834010732,137.4285974557367
Derby,Coventry,12,10,1.0,57.43500380442249,72.37930011122732,0.5158000000000058,0.04510000000000014,52.9226,-1.4746,52.4068,-1.5197,0.6931471805599453,391.0,520.0,56.4,35.4,0.0,44000.0,16.5,2.55,4.0,100.0,28955.0,0.658,2.0,0.0,0.0,1.0,0.0,158.72625034651614,1.4561721968513994,66.79479271405937
Northampton,Toddington Services,40,59,2.0,40.944614622104716,53.60856854688666,0.28769999999999385,0.3741,52.2405,-0.9027,51.9528,-0.5286,1.0986122886681098,363.0,111.0,65.1,0.0,21.5,42000.0,16.5,2.55,4.0,95.0,26172.0,0.633,0.5,0.0,0.0,1.0,0.5,118.98317153709434,0.8792178965195503,43.91320477634774
Cardiff Bay,M25 J15 (M4),6,31,1.0,184.95702319590998,213.3513379798366,0.008000000000002672,2.6708,51.4816,-3.1791,51.4736,-0.5083,0.6931471805599453,186.0,96.0,64.7,0.0,0.0,18000.0,10.0,2.5,3.5,50.0,11899.0,0.661,1.0,1.0,0.0,1.0,0.0,420.37251976682813,3.6291722439869107,178.87200216363124
M25 J15 (M4),Grimsby Port,31,20,1.0,235.4957243678016,271.64866202016344,2.1014000000000053,0.43329999999999996,51.4736,-0.5083,53.575,-0.075,0.6931471805599453,96.0,166.0,64.7,0.0,0.0,18000.0,10.0,2.5,3.5,50.0,11899.0,0.661,1.0,1.0,0.0,1.0,0.0,535.2374802331719,4.620827756013089,227.74799783636877
Edinburgh Hub,Tibshelf Services,16,57,2.0,334.586782479579,442.5049683146864,2.8115999999999985,1.8494,55.9533,-3.1883,53.1417,-1.3389,1.0986122886681098,167.0,547.0,61.0,0.0,0.0,38000.0,14.25,2.525,3.9,85.0,25491.0,0.6785,1.0,1.0,0.5,1.0,0.0,855.8734614860716,7.953520672322794,336.063071129313
York,Chester,66,9,1.0,146.5845610249513,184.4772494554013,0.7665000000000006,1.8065000000000002,53.96,-1.0873,53.1935,-2.8938,0.6931471805599453,218.0,179.0,57.0,0.0,0.0,40000.0,16.5,2.55,4.0,90.0,27444.0,0.686,2.0,0.0,0.0,1.0,0.0,361.52209322215134,3.6049246413530627,151.1744958317211
Wetherby Services,Coventry,63,10,1.0,171.21003617203584,206.91775590831966,1.5376000000000047,0.135,53.9444,-1.3847,52.4068,-1.5197,0.6931471805599453,280.0,520.0,67.2,16.2,0.0,32000.0,12.0,2.5,3.8,70.0,28601.0,0.894,2.0,1.0,0.0,1.0,0.0,394.5490324603136,3.5061143376116988,167.69203281899073
Coventry,M5 J15 Almondsbury,10,32,1.0,118.51059588600441,143.22727277184586,0.8511999999999986,1.0414,52.4068,-1.5197,51.5556,-2.5611,0.6931471805599453,520.0,83.0,67.2,16.2,0.0,32000.0,12.0,2.5,3.8,70.0,28601.0,0.894,2.0,1.0,0.0,1.0,0.0,273.10455618462976,2.4269120472430146,116.0754543311051
M5 J15 Almondsbury,London Gateway DC,32,29,1.0,207.4145390195451,250.67310256016836,0.046999999999997044,2.9978000000000002,51.5556,-2.5611,51.5086,0.4367,0.6931471805599453,83.0,172.0,67.2,16.2,0.0,32000.0,12.0,2.5,3.8,70.0,28601.0,0.894,2.0,1.0,0.0,1.0,0.0,477.9813585585225,4.247526052472891,203.15260987067288
Omega Warrington,Hopwood Park,42,21,2.0,125.92271269611103,149.17752574455386,1.075099999999999,0.5897999999999999,53.429,-2.6542,52.3539,-2.0644,1.0986122886681098,183.0,295.0,65.25,4.1,15.5,22000.0,11.0,2.5,3.65,57.5,12129.0,0.575,1.0,0.0,0.0,0.5,0.5,295.71698147674135,2.5250326129227583,131.50548160619155
Leicester Forest East,Dover Port,26,14,1.0,237.45457328672146,301.7656369149703,1.4888000000000048,2.4801,52.6167,-1.1667,51.1279,1.3134,0.6931471805599453,425.0,180.0,68.7,0.0,22.0,18000.0,10.0,2.5,3.5,50.0,10732.0,0.596,2.0,0.0,0.0,1.0,1.0,578.4283105583439,5.10199743717594,239.5004437020884
Watford Gap,M6 J10 Walsall,62,33,1.0,67.34410083876153,81.8666709285754,0.3066000000000031,0.8572,52.3067,-1.1222,52.6133,-1.9794,0.6931471805599453,391.0,302.0,61.0,0.0,46.0,32000.0,12.0,2.5,3.8,70.0,18730.0,0.585,1.0,0.0,1.0,1.0,1.0,166.77547317697062,1.5002291440207254,75.43443847358655
Wetherby Services,Omega Warrington,63,42,2.0,101.35220887863728,129.3280709064892,0.5153999999999996,1.2694999999999999,53.9444,-1.3847,53.429,-2.6542,1.0986122886681098,280.0,178.0,62.7,20.35,13.5,33000.0,14.25,2.525,3.9,77.5,22501.5,0.681,1.5,0.0,0.0,0.5,0.5,254.8621122906858,2.3889805438798537,108.35960198642621
Chester,Bristol Port,9,4,3.0,187.5617980754557,229.89842807549758,1.6831999999999994,0.17989999999999995,53.1935,-2.8938,51.5103,-2.7139,1.3862943611198906,179.0,167.0,64.3,14.733333333333334,7.333333333333333,22666.666666666668,10.666666666666666,2.5,3.6,56.666666666666664,14162.666666666666,0.626,1.0,0.0,0.0,1.0,0.3333333333333333,447.12619682516606,3.929338687011643,198.28399793839938
Glasgow Central,M6 J10 Walsall,19,33,1.0,390.42937114604774,506.776901799173,3.2508999999999943,2.2724,55.8642,-4.2518,52.6133,-1.9794,0.6931471805599453,155.0,302.0,61.4,0.0,32.0,40000.0,16.5,2.55,4.0,90.0,27227.0,0.681,2.0,0.0,1.0,1.0,1.0,1008.319118925511,9.56924827504905,444.38015962214087
London Gateway DC,Rugby,29,49,1.0,150.99285869791115,192.0302221262616,0.8622000000000014,1.7018,51.5086,0.4367,52.3708,-1.2651,0.6931471805599453,153.0,393.0,67.5,0.0,0.0,26000.0,12.0,2.5,3.8,65.0,12593.0,0.484,1.0,0.0,0.0,1.0,0.0,414.7709134419425,3.203696224500474,150.75569632810078
Tibshelf Services,A1 Scotch Corner,57,0,1.0,141.8829948108184,189.43021263278084,1.2616000000000014,0.3232999999999999,53.1417,-1.3389,54.4033,-1.6622,0.6931471805599453,547.0,49.0,69.0,0.0,21.0,40000.0,16.5,2.55,4.0,90.0,32131.0,0.803,2.0,0.0,0.0,1.0,1.0,362.2394797460138,3.070083336248342,161.32464039564294
Toddington Services,Leicester Forest East,59,26,1.0,85.63644980608984,110.68490969551985,0.6638999999999982,0.6381000000000001,51.9528,-0.5286,52.6167,-1.1667,0.6931471805599453,111.0,425.0,55.4,0.0,0.0,44000.0,16.5,2.55,4.0,100.0,32510.0,0.739,1.0,0.0,1.0,1.0,0.0,223.41566523292283,2.173711207000862,98.81667898777717
Watford Gap,Wolverhampton,62,64,2.0,74.9674859064815,96.76054024924473,0.27940000000000254,1.0066999999999997,52.3067,-1.1222,52.5861,-2.1289,1.0986122886681098,391.0,363.0,65.6,0.0,0.0,18000.0,10.0,2.5,3.5,50.0,13271.5,0.7375,1.0,0.0,0.0,1.0,0.0,188.70511333203845,1.6030154768158291,82.61455585804535
Tilbury Port,Coventry,58,10,3.0,166.70853283332988,201.34904366271212,0.9522999999999939,1.8781,51.4545,0.3584,52.4068,-1.5197,1.3862943611198906,165.0,520.0,66.73333333333333,8.166666666666666,5.666666666666667,42666.666666666664,16.5,2.55,4.0,96.66666666666667,29988.333333333332,0.7036666666666666,1.0,0.3333333333333333,0.0,1.0,0.3333333333333333,396.5221121605836,3.4510771126188975,165.3811154481799
Trafford Park DC,Tamworth,60,55,1.0,101.57760779179995,117.23774549541335,0.8331999999999979,0.6230999999999998,53.4668,-2.3141,52.6336,-1.691,0.6931471805599453,141.0,449.0,55.6,0.0,26.0,44000.0,16.5,2.55,4.0,100.0,28206.0,0.641,1.0,0.0,0.0,1.0,1.0,249.9642342929995,2.4206316076611905,89.30769800190527
Grimsby Port,M62 J26 Chain Bar,20,34,2.0,106.20620413164883,137.10837053270586,0.15469999999999828,1.5903,53.575,-0.075,53.7297,-1.6653,1.0986122886681098,143.0,309.0,64.55,10.0,0.0,25000.0,11.0,2.5,3.65,60.0,14147.5,0.575,1.0,0.0,0.0,1.0,0.0,269.3843824499096,2.411618757906295,111.0585098194669
York,Leicester Forest East,66,26,1.0,149.46153830261093,190.33345793931568,1.3432999999999993,0.07940000000000014,53.96,-1.0873,52.6167,-1.1667,0.6931471805599453,218.0,425.0,66.4,0.0,0.0,26000.0,12.0,2.5,3.8,65.0,9542.0,0.367,2.0,0.0,0.0,0.0,0.0,375.71242065088563,3.310922425740126,173.93636725456858
Peterborough,Watford Gap,44,62,1.0,66.52810173091316,84.72095093083941,0.2627999999999986,0.8817000000000002,52.5695,-0.2405,52.3067,-1.1222,0.6931471805599453,291.0,391.0,66.4,0.0,0.0,26000.0,12.0,2.5,3.8,65.0,9542.0,0.367,2.0,0.0,0.0,0.0,0.0,167.23656417895384,1.4737529565420848,77.42230186329661
Hopwood Park,Reading,21,48,2.0,124.73783459913784,160.94206757503878,0.8995999999999995,1.0863,52.3539,-2.0644,51.4543,-0.9781,1.0986122886681098,295.0,130.0,56.25,0.0,0.0,44000.0,16.5,2.55,4.0,100.0,25896.0,0.5885,2.0,0.0,0.0,1.0,0.0,337.60103781643465,3.272702877555788,140.536204645517
Reading,Rugby,48,49,2.0,103.79400371074767,133.91944483229338,0.9164999999999992,0.2869999999999999,51.4543,-0.9781,52.3708,-1.2651,1.0986122886681098,130.0,393.0,56.25,0.0,0.0,44000.0,16.5,2.55,4.0,100.0,25896.0,0.5885,2.0,0.0,0.0,1.0,0.0,280.9168804675842,2.72320692201232,116.93978329307959
Charnock Richard,Grimsby Port,8,20,2.0,173.09629300525827,227.56723755243937,0.05579999999999785,2.6218999999999997,53.6308,-2.6969,53.575,-0.075,1.0986122886681098,172.0,166.0,56.7,6.5,11.0,40000.0,16.5,2.55,4.0,90.0,24368.5,0.609,2.0,0.0,0.5,0.5,0.5,457.38777429693596,4.610473878783621,198.93355792571302
M62 J26 Chain Bar,A1 Scotch Corner,34,0,1.0,74.90127918866057,89.7767757830674,0.6736000000000004,0.0031000000000001027,53.7297,-1.6653,54.4033,-1.6622,0.6931471805599453,309.0,49.0,66.7,0.0,0.0,44000.0,16.5,2.55,4.0,100.0,18058.0,0.41,0.0,0.0,0.0,1.0,0.0,171.5778469318355,1.3472682354807848,76.30409342825955
Manchester Central,Tamworth,37,55,1.0,101.15947503374066,127.443718438284,0.8472000000000008,0.5515999999999999,53.4808,-2.2426,52.6336,-1.691,0.6931471805599453,163.0,449.0,67.6,0.0,0.0,40000.0,16.5,2.55,4.0,90.0,18228.0,0.456,1.0,0.0,0.0,1.0,0.0,268.08843405114686,2.1967380776644174,104.015959351582
Southampton Port,Coventry,51,10,1.0,168.24409939209926,206.27199022575678,1.511099999999999,0.12390000000000012,50.8957,-1.3958,52.4068,-1.5197,0.6931471805599453,171.0,520.0,55.6,0.0,0.0,26000.0,12.0,2.5,3.8,65.0,10939.0,0.421,1.0,0.0,0.0,0.0,0.0,402.5608719742891,4.052503852170117,156.1467569766425
M6 J10 Walsall,Bristol DC,33,3,1.0,135.40819022878225,162.17418627791093,1.1587999999999994,0.6084999999999998,52.6133,-1.9794,51.4545,-2.5879,0.6931471805599453,302.0,175.0,55.0,0.0,0.0,40000.0,16.5,2.55,4.0,90.0,22412.0,0.56,1.0,1.0,0.0,1.0,0.0,325.62974884246216,3.3235697434732363,132.2170102015746
Watford Gap,Stafford,62,52,1.0,87.23400541104755,102.23662198389646,0.4999000000000038,0.9944999999999997,52.3067,-1.1222,52.8066,-2.1167,0.6931471805599453,391.0,411.0,68.2,0.0,0.0,40000.0,16.5,2.55,4.0,90.0,27992.0,0.7,2.0,1.0,0.0,1.0,0.0,203.6879202456734,1.7392752373320743,93.84538180378557
A1/A14 Junction,Sheffield Hub,1,50,1.0,142.4211334554838,166.91490336820377,1.0478000000000023,1.2201,52.3333,-0.25,53.3811,-1.4701,0.6931471805599453,259.0,164.0,68.2,0.0,0.0,40000.0,16.5,2.55,4.0,90.0,27992.0,0.7,2.0,1.0,0.0,1.0,0.0,332.54766115445574,2.8395984974515347,153.2150860559376
Omega Warrington,M6 J10 Walsall,42,33,1.0,101.31008702959511,120.83406490786622,0.8156999999999996,0.6747999999999998,53.429,-2.6542,52.6133,-1.9794,0.6931471805599453,183.0,302.0,56.5,37.4,45.0,18000.0,10.0,2.5,3.5,50.0,10607.0,0.589,1.0,0.0,1.0,1.0,1.0,236.9999071081252,2.4408481111388975,95.12460369763588
Warrington,Southampton Port,61,51,1.0,289.2018819593281,372.8536576098288,2.4943000000000026,1.2012,53.39,-2.597,50.8957,-1.3958,0.6931471805599453,292.0,166.0,66.6,27.1,0.0,26000.0,12.0,2.5,3.8,65.0,11047.0,0.425,2.0,1.0,0.0,1.0,0.0,730.9965533179591,6.394363027122725,332.9008681381145
A1/A14 Junction,Charnock Richard,1,8,1.0,218.26584306385965,278.96724533573195,1.2974999999999994,2.4469,52.3333,-0.25,53.6308,-2.6969,0.6931471805599453,259.0,172.0,66.2,0.0,0.0,32000.0,12.0,2.5,3.8,70.0,25830.0,0.807,2.0,1.0,0.0,1.0,0.0,532.299844137846,4.718815531063993,218.1092922597836
Wetherby Services,Liverpool Port,63,27,1.0,121.98573982876846,140.37378865228527,0.5391000000000048,1.613,53.9444,-1.3847,53.4053,-2.9977,0.6931471805599453,280.0,161.0,56.6,18.9,0.0,26000.0,12.0,2.5,3.8,65.0,20531.0,0.79,1.0,1.0,0.0,1.0,0.0,275.4665466002635,2.710082194191933,109.43469181702937
Hopwood Park,Oxford,21,43,1.0,86.72856681280435,101.60678768802302,0.6019000000000005,0.8067,52.3539,-2.0644,51.752,-1.2577,0.6931471805599453,295.0,210.0,68.0,0.0,0.0,18000.0,10.0,2.5,3.5,50.0,11265.0,0.626,1.0,0.0,0.0,1.0,0.0,204.02301295610673,1.645314076053055,84.62690237162381
East Midlands Gateway,Wolverhampton,15,64,1.0,60.43524532015113,78.71727646015421,0.24519999999999698,0.8005999999999998,52.8313,-1.3283,52.5861,-2.1289,0.6931471805599453,156.0,363.0,68.2,38.5,0.0,32000.0,12.0,2.5,3.8,70.0,13942.0,0.436,1.0,0.0,1.0,1.0,0.0,152.21263281435432,1.3085469333636026,65.60727187151763
Hopwood Park,Felixstowe Port,21,17,1.0,237.13313830702072,281.9617278360435,0.3972000000000051,3.4154999999999998,52.3539,-2.0644,51.9567,1.3511,0.6931471805599453,295.0,160.0,59.7,33.7,0.0,26000.0,12.0,2.5,3.8,65.0,12239.0,0.471,2.0,0.0,1.0,1.0,0.0,540.4356304151266,5.400223021971388,215.37994315583055
Bristol DC,Toddington Services,3,59,1.0,152.33491071156794,188.90478655418758,0.4983000000000004,2.0593,51.4545,-2.5879,51.9528,-0.5286,0.6931471805599453,160.0,111.0,57.2,0.9,0.0,18000.0,10.0,2.5,3.5,50.0,15028.0,0.835,1.0,1.0,0.0,1.0,0.0,426.87299834433185,3.6556138245897647,172.49221108399334
Toddington Services,Sheffield Hub,59,50,1.0,171.03592763305,212.09521344581242,1.4283000000000001,0.9415,51.9528,-0.5286,53.3811,-1.4701,0.6931471805599453,111.0,164.0,57.2,0.9,0.0,18000.0,10.0,2.5,3.5,50.0,15028.0,0.835,1.0,1.0,0.0,1.0,0.0,479.27700165566813,4.1043861754102355,193.66778891600669
Grimsby Port,iPort Doncaster,20,67,1.0,62.06675888707349,74.2,0.08110000000000639,0.9292,53.575,-0.075,53.4939,-1.0042,0.6931471805599453,143.0,175.0,59.2,41.6,26.0,40000.0,16.5,2.55,4.0,90.0,23934.0,0.598,0.0,0.0,0.0,1.0,1.0,152.52,1.25,64.79
Rugby,ProLogis Park DC,49,47,1.0,37.65282763453436,46.51108746542343,0.13230000000000075,0.5113000000000001,52.3708,-1.2651,52.5031,-1.7764,0.6931471805599453,393.0,156.0,61.1,0.0,0.0,26000.0,12.0,2.5,3.8,65.0,21663.0,0.833,1.0,0.0,0.0,1.0,0.0,94.54127723753578,0.8527438770507176,42.79556057255959
Watford Gap,Tibshelf Services,62,57,1.0,93.98769129010564,122.80627084675544,0.8350000000000009,0.2166999999999999,52.3067,-1.1222,53.1417,-1.3389,0.6931471805599453,391.0,547.0,62.9,0.0,0.0,18000.0,10.0,2.5,3.5,50.0,10155.0,0.564,2.0,0.0,0.0,1.0,0.0,242.18552712281132,2.2473193656394725,102.96772981499493
Swindon,Stafford,54,52,3.0,140.9675290547368,171.1664067338194,1.2508000000000052,0.33699999999999974,51.5558,-1.7797,52.8066,-2.1167,1.3862943611198906,129.0,411.0,60.5,0.0,6.333333333333333,32000.0,13.5,2.5166666666666666,3.8666666666666667,76.66666666666667,22236.0,0.6943333333333334,1.3333333333333333,0.3333333333333333,0.3333333333333333,1.0,0.3333333333333333,346.3615074708471,3.1526666495887894,139.23875825563118
Watford Gap,Hull Port,62,22,2.0,167.52804801510314,208.03979705234536,1.4266000000000005,0.8055000000000001,52.3067,-1.1222,53.7333,-0.3167,1.0986122886681098,391.0,151.0,61.2,20.6,0.0,29000.0,13.25,2.525,3.75,70.0,16929.0,0.5345,0.5,0.0,0.0,1.0,0.0,468.96528327424403,3.6942347232118293,186.33944973406756
Preston,A1 Scotch Corner,46,0,1.0,98.3639353708001,121.9021632004017,0.6401000000000039,1.0409000000000002,53.7632,-2.7031,54.4033,-1.6622,0.6931471805599453,176.0,49.0,55.2,0.0,0.0,18000.0,10.0,2.5,3.5,50.0,7607.0,0.423,2.0,0.0,1.0,1.0,0.0,246.68471506714204,2.481763449122102,106.98586474971962
M5 J15 Almondsbury,Leeds Central,32,25,1.0,258.80243162612453,325.0697595005871,2.245200000000004,1.0120000000000002,51.5556,-2.5611,53.8008,-1.5491,0.6931471805599453,83.0,160.0,61.6,10.0,0.0,44000.0,16.5,2.55,4.0,100.0,34126.0,0.776,2.0,0.0,0.0,1.0,0.0,658.1799246940438,6.002335526316393,301.3765857982475
Stoke-on-Trent,Chester,53,9,1.0,52.20345483759539,69.55057280807708,0.19080000000000297,0.7144000000000004,53.0027,-2.1794,53.1935,-2.8938,0.6931471805599453,375.0,179.0,66.5,0.0,0.0,32000.0,12.0,2.5,3.8,70.0,9918.0,0.31,1.0,0.0,0.0,1.0,0.0,131.73891590076852,1.1497445356048466,52.69225377100914
Liverpool Port,M6 J10 Walsall,27,33,1.0,111.34047191311872,140.34379056656385,0.7919999999999945,1.0183,53.4053,-2.9977,52.6133,-1.9794,0.6931471805599453,167.0,302.0,64.4,0.0,0.0,32000.0,12.0,2.5,3.8,70.0,22034.0,0.689,0.0,0.0,0.0,1.0,0.0,273.74970136359633,2.179294241721581,123.22667566797851
M6 J10 Walsall,East Midlands Gateway,33,15,1.0,50.104405290573965,63.15620943343618,0.21799999999999642,0.6511,52.6133,-1.9794,52.8313,-1.3283,0.6931471805599453,302.0,178.0,64.4,0.0,0.0,32000.0,12.0,2.5,3.8,70.0,22034.0,0.689,0.0,0.0,0.0,1.0,0.0,123.19029863640372,0.9807057582784194,55.45332433202151
Milton Keynes,Magna Park DC,38,36,1.0,53.28383972556997,66.97235693901304,0.3965999999999994,0.43920000000000015,52.0406,-0.7594,52.4372,-1.1986,0.6931471805599453,277.0,153.0,60.3,0.0,0.0,32000.0,12.0,2.5,3.8,70.0,26216.0,0.819,1.0,0.0,0.0,1.0,0.0,156.0116326422381,1.2723888096243812,58.712576203562875
London Central,Peterborough,28,44,1.0,118.35156422803722,158.89636461433557,1.062100000000001,0.1127,51.5074,-0.1278,52.5695,-0.2405,0.6931471805599453,178.0,291.0,68.0,8.1,0.0,18000.0,10.0,2.5,3.5,50.0,10450.0,0.581,1.0,0.0,0.0,0.0,0.0,327.39499849815786,2.548629201021316,143.3660062781561
Peterborough,Wolverhampton,44,64,1.0,127.61158690093845,171.32867971357072,0.016600000000003945,1.8883999999999999,52.5695,-0.2405,52.5861,-2.1289,0.6931471805599453,291.0,363.0,68.0,8.1,0.0,18000.0,10.0,2.5,3.5,50.0,10450.0,0.581,1.0,0.0,0.0,0.0,0.0,353.01092616976865,2.7480381766458617,154.58320038385537
Tamworth,Charnock Richard,55,8,1.0,129.6063727803532,170.55544267151984,0.9971999999999994,1.0058999999999998,52.6336,-1.691,53.6308,-2.6969,0.6931471805599453,449.0,172.0,59.8,0.0,0.0,18000.0,10.0,2.5,3.5,50.0,11364.0,0.631,2.0,0.0,0.0,1.0,0.0,340.31002381625655,3.175383573848952,151.24841977246814
Wolverhampton,Liverpool Port,64,27,1.0,108.06479003027248,140.04114389234658,0.819199999999995,0.8688000000000002,52.5861,-2.1289,53.4053,-2.9977,0.6931471805599453,363.0,161.0,58.9,0.0,0.0,44000.0,16.5,2.55,4.0,100.0,25540.0,0.58,0.0,1.0,0.0,1.0,0.0,279.127461803609,2.377703913680216,128.90150744636446
Grimsby Port,Knutsford Services,20,23,1.0,157.96533949679812,212.310303460116,0.27609999999999957,2.3394,53.575,-0.075,53.2989,-2.4144,0.6931471805599453,143.0,242.0,61.4,0.0,0.0,26000.0,12.0,2.5,3.8,65.0,23072.0,0.887,2.0,1.0,1.0,1.0,0.0,426.9643833586281,3.9847713360438846,188.79171919896805
Knutsford Services,Portsmouth Port,23,45,1.0,291.57788364637366,391.88969653988414,2.4964000000000013,1.3056,53.2989,-2.4144,50.8025,-1.1088,0.6931471805599453,242.0,154.0,61.4,0.0,0.0,26000.0,12.0,2.5,3.8,65.0,23072.0,0.887,2.0,1.0,1.0,1.0,0.0,788.105616641372,7.355228663956116,348.478280801032
Tamworth,Dover Port,55,14,1.0,265.5930206924807,330.9632299290819,1.5057000000000045,3.0044,52.6336,-1.691,51.1279,1.3134,0.6931471805599453,449.0,180.0,61.1,0.0,12.0,40000.0,16.5,2.55,4.0,90.0,32298.0,0.807,2.0,0.0,0.0,1.0,1.0,660.8302094120264,6.015322960856159,299.698006582469
Watford Gap,ProLogis Park DC,62,47,1.0,49.461419816849606,63.76592667269862,0.19640000000000413,0.6541999999999999,52.3067,-1.1222,52.5031,-1.7764,0.6931471805599453,391.0,156.0,68.3,29.0,0.0,26000.0,12.0,2.5,3.8,65.0,23499.0,0.904,1.0,0.0,0.0,1.0,0.0,125.86137664482243,1.0792951907089885,55.20740751177923
Watford Gap,Warrington,62,61,1.0,155.93733538064637,210.3702344929097,1.0833000000000013,1.4747999999999999,52.3067,-1.1222,53.39,-2.597,0.6931471805599453,391.0,292.0,64.5,0.0,0.0,18000.0,10.0,2.5,3.5,50.0,13495.0,0.75,2.0,0.0,0.0,1.0,0.0,408.30471381077473,3.729177890598693,172.9297840431115
M6 J10 Walsall,Woodall Services,33,65,1.0,94.75817005230475,113.45403734711216,0.7124999999999986,0.7763,52.6133,-1.9794,53.3258,-1.2031,0.6931471805599453,302.0,391.0,66.9,0.0,0.0,18000.0,10.0,2.5,3.5,50.0,7700.0,0.428,1.0,0.0,0.0,1.0,0.0,230.4819502561935,1.9704016188680218,97.16244854306372
